origem,destino,data_voo,companhia,h_saida,paradas,leituras,primeira_leitura,preco_ref,min_48h,min_48h_em,horas_antes_do_min,min_24h,ultimo_preco,queda_48h,queda_24h,leituras_no_minimo
SAO,RIO,2026-10-04,Azul,10:10,0,38,2026-10-02 03:58,3665,647,2026-10-03 13:55,20.2,647,647,0.823,0.823,15
SAO,CGB,2026-10-04,Azul,08:25,0,47,2026-10-02 03:58,2523,503,2026-10-02 16:57,39.5,503,2157,0.801,0.801,34
RIO,SAO,2026-10-04,Azul,08:30,0,47,2026-10-02 03:58,3692,741,2026-10-03 13:55,18.6,741,3298,0.799,0.799,18
CGB,SAO,2026-10-04,Azul,02:00,0,42,2026-10-02 03:58,2536,516,2026-10-02 17:56,32.1,516,3499,0.797,0.797,34
CWB,SAO,2026-10-04,LATAM,09:55,0,34,2026-10-03 00:55,3644,741,2026-10-03 11:55,22.0,741,741,0.797,0.797,14
SAO,SSA,2026-10-04,Gol,11:20,0,65,2026-10-02 03:58,2228,454,2026-10-02 12:33,46.8,1029,1156,0.796,0.538,2
CWB,SAO,2026-10-04,LATAM,14:45,0,50,2026-10-02 03:58,3618,754,2026-10-04 13:55,0.8,754,754,0.792,0.792,2
SSA,SAO,2026-10-02,Gol,14:50,0,9,2026-10-01 12:21,2250,476,2026-10-02 12:33,2.3,476,476,0.788,0.788,1
SAO,RIO,2026-10-04,Azul,06:40,0,46,2026-10-02 03:58,3692,784,2026-10-03 17:54,12.8,784,3298,0.788,0.788,30
RIO,SAO,2026-10-04,Azul,06:15,0,45,2026-10-02 03:58,3692,785,2026-10-03 17:54,12.3,785,3298,0.787,0.787,29
RIO,SAO,2026-10-03,Gol,19:30,0,39,2026-10-01 12:21,3862,882,2026-10-02 16:13,27.3,989,989,0.772,0.744,6
SAO,CWB,2026-10-04,Azul,07:30,0,46,2026-10-02 03:58,2676,626,2026-10-03 13:55,17.6,626,2676,0.766,0.766,13
CWB,SAO,2026-10-04,Azul,06:45,0,46,2026-10-02 03:58,2689,628,2026-10-03 13:55,16.8,628,2689,0.766,0.766,12
SAO,CWB,2026-10-04,Azul,08:35,0,48,2026-10-02 03:58,2703,642,2026-10-03 13:55,18.7,642,642,0.762,0.762,14
CWB,SAO,2026-10-04,Azul,09:15,0,48,2026-10-02 03:58,2689,639,2026-10-03 13:55,19.3,639,639,0.762,0.762,13
BHZ,RIO,2026-10-02,Azul,17:35,0,11,2026-10-01 12:21,3537,845,2026-10-02 14:55,2.7,845,845,0.761,0.761,2
SAO,RIO,2026-10-03,LATAM,09:45,0,31,2026-10-01 10:18,3320,797,2026-10-03 03:55,5.8,797,3455,0.76,0.76,4
BHZ,RIO,2026-10-02,Azul,21:05,0,15,2026-10-01 12:21,3474,836,2026-10-02 12:33,8.5,836,878,0.759,0.759,7
RIO,BHZ,2026-10-04,Azul,06:10,0,90,2026-10-02 03:58,3220,797,2026-10-02 16:57,37.2,797,3437,0.752,0.752,34
RIO,BHZ,2026-10-01,Gol,21:00,0,5,2026-10-01 12:21,3219,811,2026-10-01 16:55,4.1,811,811,0.748,0.748,3
SAO,RIO,2026-10-04,Azul,07:55,0,48,2026-10-02 03:58,3426,863,2026-10-02 16:13,39.7,863,3592,0.748,0.748,35
RIO,SAO,2026-10-02,Azul,20:40,0,14,2026-10-01 12:21,3429,866,2026-10-02 16:13,4.5,866,914,0.747,0.747,7
RIO,SAO,2026-10-04,Azul,09:40,0,48,2026-10-02 03:58,3429,866,2026-10-02 16:13,41.5,866,866,0.747,0.747,35
RIO,SAO,2026-10-04,Azul,05:45,0,44,2026-10-02 03:58,3429,866,2026-10-02 16:13,37.5,866,3060,0.747,0.747,34
CGB,SAO,2026-10-03,Gol,02:10,0,22,2026-10-01 12:21,1142,291,2026-10-02 18:55,7.2,291,291,0.745,0.745,9
SAO,POA,2026-10-04,Azul,08:55,0,98,2026-10-02 03:58,3301,854,2026-10-03 13:55,19.0,854,3354,0.741,0.741,14
SAO,POA,2026-10-04,Azul,06:05,0,46,2026-10-02 03:58,3301,854,2026-10-03 13:55,16.2,854,3301,0.741,0.741,13
BHZ,RIO,2026-10-04,Azul,08:30,0,48,2026-10-02 03:58,3219,836,2026-10-02 12:33,44.0,845,3219,0.74,0.737,35
BHZ,RIO,2026-10-04,Azul,06:35,0,46,2026-10-02 03:58,3219,836,2026-10-02 12:33,42.0,845,3219,0.74,0.737,35
SAO,RIO,2026-10-03,Gol,14:55,0,34,2026-10-01 10:18,3298,862,2026-10-02 20:58,17.9,862,989,0.739,0.739,26
BHZ,RIO,2026-10-05,Azul,08:05,0,56,2026-10-02 21:35,3346,878,2026-10-03 09:55,46.2,878,3346,0.738,0.738,5
RIO,SAO,2026-10-05,Azul,14:25,0,61,2026-10-02 21:35,3298,870,2026-10-05 09:55,4.5,870,900,0.736,0.736,2
FLN,CWB,2026-10-04,Gol,06:00,1,24,2026-10-02 03:58,3480,922,2026-10-02 22:54,31.1,922,3309,0.735,0.735,15
POA,SAO,2026-10-04,Azul,05:30,0,45,2026-10-02 03:58,3328,881,2026-10-03 13:55,15.6,881,3328,0.735,0.735,13
POA,SAO,2026-10-04,Azul,08:30,0,48,2026-10-02 03:58,3328,881,2026-10-03 13:55,18.6,881,3328,0.735,0.735,13
BHZ,SAO,2026-10-04,Azul,06:05,0,46,2026-10-02 03:58,2137,567,2026-10-03 13:55,16.2,567,2137,0.735,0.735,13
BSB,SAO,2026-10-04,Azul,06:00,0,44,2026-10-02 03:58,3093,821,2026-10-03 17:54,12.1,821,3093,0.735,0.735,18
RIO,SAO,2026-10-02,Gol,20:05,0,14,2026-10-01 12:21,3298,879,2026-10-02 12:33,7.5,879,879,0.733,0.733,6
SAO,RIO,2026-10-02,Gol,18:55,0,14,2026-09-30 15:19,3254,873,2026-10-02 16:13,2.7,873,873,0.732,0.732,13
SAO,RIO,2026-10-02,LATAM,07:35,0,8,2026-09-30 15:19,3595,962,2026-10-02 03:58,3.6,962,962,0.732,0.732,1
SAO,RIO,2026-10-02,Gol,22:00,0,18,2026-09-30 15:19,3254,873,2026-10-02 16:13,5.8,873,873,0.732,0.732,17
RIO,SAO,2026-10-02,LATAM,20:10,0,16,2026-10-01 12:21,3692,989,2026-10-02 13:55,6.2,989,3862,0.732,0.732,6
BHZ,RIO,2026-10-04,Gol,10:30,0,52,2026-10-02 03:58,2930,789,2026-10-03 18:54,15.6,789,2371,0.731,0.731,20
SAO,RIO,2026-10-02,Gol,09:15,0,8,2026-09-30 15:19,3254,881,2026-10-01 10:18,22.9,881,881,0.729,0.729,7
SAO,RIO,2026-10-02,Azul,20:10,0,15,2026-09-30 15:19,3087,838,2026-10-02 16:57,3.2,838,3298,0.729,0.729,6
SAO,RIO,2026-10-02,Gol,04:35,0,7,2026-09-30 15:19,3254,881,2026-10-01 10:18,18.3,881,881,0.729,0.729,6
SAO,BHZ,2026-10-04,Azul,06:00,0,46,2026-10-02 03:58,2137,582,2026-10-03 13:55,16.1,582,2137,0.728,0.728,13
RIO,SAO,2026-10-04,LATAM,13:35,0,52,2026-10-02 03:58,3298,896,2026-10-04 10:55,2.7,896,2975,0.728,0.728,1
BHZ,RIO,2026-10-04,Gol,18:50,0,60,2026-10-02 03:58,2901,789,2026-10-03 18:54,23.9,789,789,0.728,0.728,29
SAO,RIO,2026-10-02,LATAM,15:35,0,12,2026-09-30 15:19,3622,989,2026-10-01 15:42,23.9,989,3298,0.727,0.727,8
SAO,RIO,2026-10-02,LATAM,08:25,0,8,2026-09-30 15:19,3622,989,2026-10-01 15:42,16.7,989,989,0.727,0.727,5
SAO,BHZ,2026-10-04,Azul,06:15,0,92,2026-10-02 03:58,2164,594,2026-10-03 13:55,16.3,594,2785,0.726,0.726,13
SAO,FOR,2026-10-02,LATAM,15:55,0,8,2026-10-01 12:21,3835,1059,2026-10-02 12:33,3.4,1059,1059,0.724,0.724,4
SAO,CGB,2026-10-03,Gol,16:00,0,35,2026-10-01 12:21,2184,602,2026-10-01 16:55,47.1,888,2184,0.724,0.593,5
SAO,REC,2026-10-02,Azul,21:55,0,9,2026-10-02 03:58,3922,1081,2026-10-02 19:55,2.0,1081,1081,0.724,0.724,2
RIO,BHZ,2026-10-01,Azul,19:20,0,3,2026-10-01 12:21,3246,906,2026-10-01 15:42,3.6,906,906,0.721,0.721,2
SAO,SSA,2026-10-04,Gol,09:25,0,49,2026-10-02 03:58,3259,923,2026-10-03 20:55,12.5,923,923,0.717,0.717,10
REC,SAO,2026-10-04,Azul,03:10,0,41,2026-10-02 03:58,2565,732,2026-10-03 13:55,13.2,732,1008,0.715,0.715,28
REC,SAO,2026-10-04,Azul,08:55,0,47,2026-10-02 03:58,2565,732,2026-10-03 13:55,19.0,732,732,0.715,0.715,29
REC,SAO,2026-10-04,Azul,09:50,0,48,2026-10-02 03:58,2565,732,2026-10-03 13:55,19.9,732,2957,0.715,0.715,29
SAO,POA,2026-10-02,Azul,21:35,0,16,2026-10-01 10:18,3354,973,2026-10-02 16:57,4.6,973,973,0.71,0.71,3
SAO,RIO,2026-10-02,Gol,15:35,0,10,2026-09-30 15:19,3015,878,2026-10-02 12:33,3.0,878,878,0.709,0.709,1
SAO,RIO,2026-10-02,Gol,18:15,0,13,2026-09-30 15:19,3015,878,2026-10-02 12:33,5.7,878,882,0.709,0.709,4
SAO,RIO,2026-10-02,Gol,14:50,0,10,2026-09-30 15:19,3015,878,2026-10-02 12:33,2.3,878,878,0.709,0.709,1
FLN,SAO,2026-10-05,Gol,11:20,0,61,2026-10-02 21:35,3860,1142,2026-10-03 18:54,40.4,1142,1338,0.704,0.704,36
SAO,SSA,2026-10-03,Gol,15:15,0,36,2026-10-01 10:18,3259,969,2026-10-02 18:55,20.3,969,3254,0.703,0.703,2
SAO,RIO,2026-10-01,LATAM,21:10,0,6,2026-09-30 15:19,3595,1071,2026-10-01 18:18,2.9,1071,1071,0.702,0.702,3
SAO,POA,2026-10-03,Gol,14:55,0,35,2026-10-01 10:18,3354,998,2026-10-02 22:54,16.0,998,1718,0.702,0.702,10
SAO,POA,2026-10-03,Gol,10:25,0,30,2026-10-01 10:18,3354,998,2026-10-02 22:54,11.5,998,4003,0.702,0.702,4
RIO,SAO,2026-10-03,Gol,18:00,0,36,2026-10-01 12:21,3217,961,2026-10-02 16:13,25.8,961,989,0.701,0.701,27
SAO,RIO,2026-10-05,LATAM,08:25,0,58,2026-10-02 21:35,2974,896,2026-10-04 11:54,20.5,896,989,0.699,0.699,16
REC,SAO,2026-10-03,LATAM,13:25,0,33,2026-10-01 15:42,2565,783,2026-10-03 11:55,1.5,783,793,0.695,0.695,2
SAO,REC,2026-10-02,Azul,22:10,0,17,2026-10-01 10:18,2540,790,2026-10-02 16:57,5.2,790,790,0.689,0.689,5
FOR,SAO,2026-10-04,LATAM,12:35,0,2,2026-10-04 10:55,3479,1083,2026-10-04 11:54,0.7,1083,1083,0.689,0.689,1
SAO,FOR,2026-10-04,Azul,08:30,0,32,2026-10-02 03:58,3576,1118,2026-10-02 10:48,45.7,1118,3576,0.687,0.687,29
SAO,RIO,2026-10-02,Gol,11:10,0,8,2026-09-30 15:19,2706,849,2026-10-01 10:18,24.9,849,849,0.686,0.686,7
SAO,RIO,2026-10-02,Gol,06:00,0,8,2026-09-30 15:19,2706,849,2026-10-01 10:18,19.7,849,849,0.686,0.686,7
SAO,RIO,2026-10-02,Gol,19:40,0,30,2026-09-30 15:19,2706,849,2026-10-01 10:18,33.4,849,878,0.686,0.686,20
SAO,RIO,2026-10-02,Gol,15:25,0,11,2026-09-30 15:19,2706,849,2026-10-01 10:18,29.1,849,3663,0.686,0.686,7
FOR,SAO,2026-10-04,LATAM,10:35,0,50,2026-10-02 03:58,3052,968,2026-10-04 05:55,4.7,968,1231,0.683,0.683,2
SAO,SSA,2026-10-03,LATAM,08:00,0,31,2026-10-01 10:18,3390,1096,2026-10-02 18:55,13.1,1096,3455,0.677,0.677,7
SAO,CWB,2026-10-01,Gol,17:10,0,3,2026-10-01 10:18,2676,874,2026-10-01 15:42,1.5,874,874,0.673,0.673,1
SAO,CWB,2026-10-01,Gol,22:45,0,6,2026-10-01 10:18,2676,874,2026-10-01 15:42,7.0,874,874,0.673,0.673,4
RIO,SAO,2026-10-05,LATAM,15:00,0,64,2026-10-02 21:35,2399,797,2026-10-03 17:54,45.1,881,3835,0.668,0.633,4
SAO,CWB,2026-10-01,Gol,17:55,0,4,2026-10-01 10:18,2703,900,2026-10-01 15:42,2.2,900,900,0.667,0.667,2
SAO,SSA,2026-10-04,Gol,15:15,0,55,2026-10-02 03:58,3254,1086,2026-10-03 12:55,26.3,1086,3103,0.666,0.666,3
GYN,SAO,2026-10-04,Gol,12:30,0,51,2026-10-02 03:58,2043,693,2026-10-02 16:13,44.3,1783,2234,0.661,0.127,2
SAO,BHZ,2026-10-03,Gol,16:05,0,35,2026-10-01 10:18,2111,728,2026-10-03 10:53,5.2,728,728,0.655,0.655,2
SAO,POA,2026-10-02,LATAM,17:30,0,13,2026-10-01 12:21,3862,1337,2026-10-02 10:48,6.7,1337,3862,0.654,0.654,5
FLN,SAO,2026-10-05,LATAM,05:35,0,57,2026-10-02 21:35,3477,1210,2026-10-03 12:55,40.7,1210,3856,0.652,0.652,40
SAO,BSB,2026-10-04,Azul,08:10,0,47,2026-10-02 03:58,3085,1079,2026-10-03 17:54,14.3,1079,3314,0.65,0.65,17
SAO,BHZ,2026-10-04,Gol,17:55,0,57,2026-10-02 03:58,1679,590,2026-10-03 18:54,23.0,590,884,0.649,0.649,15
SAO,POA,2026-10-01,Gol,18:35,0,4,2026-10-01 10:18,3354,1179,2026-10-01 16:55,1.7,1179,1179,0.648,0.648,1
SAO,POA,2026-10-01,Gol,20:50,0,6,2026-10-01 10:18,3354,1179,2026-10-01 16:55,3.9,1179,1179,0.648,0.648,3
SAO,POA,2026-10-03,LATAM,08:25,0,29,2026-10-01 10:18,3354,1209,2026-10-03 00:55,7.5,1209,3482,0.64,0.64,6
SAO,POA,2026-10-03,LATAM,12:15,0,33,2026-10-01 10:18,3354,1209,2026-10-03 00:55,11.3,1209,3482,0.64,0.64,10
SAO,POA,2026-10-03,LATAM,06:20,0,28,2026-10-01 10:18,3354,1209,2026-10-03 00:55,5.4,1209,3482,0.64,0.64,5
SAO,POA,2026-10-03,LATAM,10:50,0,31,2026-10-01 10:18,3354,1209,2026-10-03 00:55,9.9,1209,3482,0.64,0.64,8
SAO,POA,2026-10-03,LATAM,14:05,0,35,2026-10-01 10:18,3354,1209,2026-10-03 00:55,13.2,1209,3482,0.64,0.64,12
SAO,POA,2026-10-03,LATAM,07:50,0,28,2026-10-01 10:18,3354,1209,2026-10-03 00:55,6.9,1209,1209,0.64,0.64,6
POA,SAO,2026-10-01,Gol,20:20,0,4,2026-10-01 15:42,3272,1179,2026-10-01 16:55,3.4,1179,1179,0.64,0.64,3
SAO,REC,2026-10-01,LATAM,23:30,0,5,2026-10-01 10:18,2540,917,2026-10-01 15:42,7.8,917,3363,0.639,0.639,1
POA,SAO,2026-10-03,LATAM,15:35,0,37,2026-10-01 12:21,3354,1210,2026-10-03 00:55,14.7,1210,3482,0.639,0.639,14
POA,SAO,2026-10-03,LATAM,11:20,0,33,2026-10-01 12:21,3354,1210,2026-10-03 00:55,10.4,1210,3482,0.639,0.639,10
POA,SAO,2026-10-03,LATAM,08:45,0,30,2026-10-01 12:21,3354,1210,2026-10-03 00:55,7.8,1210,3482,0.639,0.639,7
POA,SAO,2026-10-03,LATAM,13:15,0,35,2026-10-01 12:21,3354,1210,2026-10-03 00:55,12.3,1210,3482,0.639,0.639,12
POA,SAO,2026-10-03,LATAM,14:40,0,36,2026-10-01 12:21,3354,1210,2026-10-03 00:55,13.8,1210,3482,0.639,0.639,13
POA,SAO,2026-10-03,LATAM,07:30,0,29,2026-10-01 12:21,3354,1210,2026-10-03 00:55,6.6,1210,3482,0.639,0.639,6
POA,SAO,2026-10-03,LATAM,06:20,0,28,2026-10-01 12:21,3354,1210,2026-10-03 00:55,5.4,1210,3482,0.639,0.639,5
SAO,POA,2026-10-01,LATAM,19:30,0,6,2026-10-01 10:18,3301,1211,2026-10-01 17:55,1.6,1211,1211,0.633,0.633,4
SAO,POA,2026-10-01,LATAM,23:30,0,6,2026-10-01 10:18,3301,1211,2026-10-01 17:55,5.6,1211,1211,0.633,0.633,4
SAO,POA,2026-10-01,LATAM,21:15,0,6,2026-10-01 10:18,3301,1211,2026-10-01 17:55,3.3,1211,1211,0.633,0.633,4
SAO,FLN,2026-10-01,LATAM,21:40,0,7,2026-09-30 15:19,3658,1350,2026-10-01 17:55,3.8,1350,1350,0.631,0.631,2
CWB,SAO,2026-10-04,Azul,10:25,0,49,2026-10-02 03:58,2689,991,2026-10-02 16:57,41.5,2689,2689,0.631,0.0,6
BHZ,SAO,2026-10-01,Gol,17:20,0,2,2026-10-01 12:21,2137,791,2026-10-01 15:42,1.6,791,791,0.63,0.63,1
BHZ,SAO,2026-10-01,Gol,19:10,0,5,2026-10-01 12:21,2137,791,2026-10-01 15:42,3.5,791,791,0.63,0.63,4
BHZ,SAO,2026-10-01,Gol,20:40,0,5,2026-10-01 12:21,2137,791,2026-10-01 15:42,5.0,791,791,0.63,0.63,4
BHZ,SAO,2026-10-01,Gol,18:50,0,2,2026-10-01 12:21,2137,791,2026-10-01 15:42,3.1,791,791,0.63,0.63,1
SAO,BHZ,2026-10-01,Gol,22:20,0,6,2026-10-01 10:18,2137,792,2026-10-01 15:42,6.6,792,2085,0.629,0.629,2
SAO,BHZ,2026-10-01,Gol,17:15,0,3,2026-10-01 10:18,2137,792,2026-10-01 15:42,1.6,792,792,0.629,0.629,1
REC,SAO,2026-10-03,LATAM,11:25,0,31,2026-10-01 15:42,2111,783,2026-10-03 00:55,10.5,783,3055,0.629,0.629,10
FLN,SAO,2026-10-01,LATAM,20:20,0,7,2026-09-30 15:19,3679,1371,2026-10-01 17:55,2.4,1371,1371,0.627,0.627,2
SAO,CWB,2026-10-02,LATAM,17:35,0,14,2026-10-01 10:18,2703,1011,2026-10-01 17:55,23.7,1011,3632,0.626,0.626,9
SAO,CWB,2026-10-02,LATAM,13:30,0,10,2026-10-01 10:18,2703,1011,2026-10-01 17:55,19.6,1011,3632,0.626,0.626,5
SAO,BHZ,2026-10-01,Azul,21:40,0,6,2026-10-01 10:18,2085,782,2026-10-01 17:55,3.8,782,782,0.625,0.625,2
SAO,BHZ,2026-10-01,Gol,17:25,0,3,2026-10-01 10:18,2164,818,2026-10-01 15:42,1.7,818,818,0.622,0.622,1
SAO,BHZ,2026-10-01,Gol,18:55,0,4,2026-10-01 10:18,2164,818,2026-10-01 15:42,3.2,818,818,0.622,0.622,2
BSB,SAO,2026-10-04,Azul,05:25,0,42,2026-10-02 03:58,3086,1170,2026-10-03 17:54,11.5,1170,3315,0.621,0.621,27
SAO,POA,2026-10-01,LATAM,17:35,0,4,2026-10-01 10:18,3301,1254,2026-10-01 15:42,1.9,1254,3835,0.62,0.62,1
SAO,CWB,2026-10-02,Azul,18:55,0,14,2026-10-01 10:18,2703,1039,2026-10-02 13:55,5.0,1039,3118,0.616,0.616,4
SAO,BSB,2026-10-02,Azul,21:35,0,14,2026-10-01 12:21,3121,1221,2026-10-02 16:57,4.6,1221,3121,0.609,0.609,3
SAO,CWB,2026-10-01,LATAM,17:40,0,4,2026-10-01 10:18,2676,1049,2026-10-01 15:42,2.0,1049,3605,0.608,0.608,1
SAO,CWB,2026-10-05,LATAM,07:55,0,60,2026-10-02 21:35,2412,948,2026-10-04 13:55,18.0,948,2676,0.607,0.607,3
CWB,SAO,2026-10-02,LATAM,15:10,0,10,2026-10-01 12:21,2689,1062,2026-10-02 13:55,1.2,1062,3618,0.605,0.605,1
BSB,SAO,2026-10-02,Gol,18:05,0,12,2026-10-01 12:21,3093,1226,2026-10-02 16:13,1.9,1226,1226,0.604,0.604,1
SAO,CWB,2026-10-01,LATAM,17:35,0,4,2026-10-01 10:18,2703,1076,2026-10-01 15:42,1.9,1076,3862,0.602,0.602,1
SAO,POA,2026-10-02,LATAM,07:35,0,8,2026-10-01 10:18,3354,1337,2026-10-01 15:42,15.9,1337,1337,0.601,0.601,6
SAO,POA,2026-10-02,LATAM,08:35,0,8,2026-10-01 10:18,3354,1337,2026-10-01 15:42,16.9,1337,1337,0.601,0.601,6
SAO,POA,2026-10-02,LATAM,06:35,0,8,2026-10-01 10:18,3354,1337,2026-10-01 15:42,14.9,1337,1337,0.601,0.601,6
SAO,POA,2026-10-02,LATAM,21:05,0,19,2026-10-01 10:18,3354,1337,2026-10-01 15:42,29.4,1337,3862,0.601,0.601,15
SAO,POA,2026-10-02,LATAM,09:55,0,8,2026-10-01 10:18,3354,1337,2026-10-01 15:42,18.2,1337,1337,0.601,0.601,6
SAO,POA,2026-10-02,LATAM,11:20,0,9,2026-10-01 10:18,3354,1337,2026-10-01 15:42,19.6,1337,3862,0.601,0.601,6
SAO,POA,2026-10-02,LATAM,18:05,0,15,2026-10-01 10:18,3354,1337,2026-10-01 15:42,26.4,1337,3862,0.601,0.601,12
SAO,POA,2026-10-02,LATAM,15:55,0,12,2026-10-01 10:18,3354,1337,2026-10-01 15:42,24.2,1337,1337,0.601,0.601,10
SAO,POA,2026-10-02,LATAM,19:10,0,16,2026-10-01 10:18,3354,1337,2026-10-01 15:42,27.5,1337,3862,0.601,0.601,13
SAO,POA,2026-10-02,LATAM,14:00,0,11,2026-10-01 10:18,3354,1337,2026-10-01 15:42,22.3,1337,3862,0.601,0.601,8
SAO,POA,2026-10-05,LATAM,07:35,0,59,2026-10-02 21:35,2975,1197,2026-10-03 10:53,44.7,1197,1250,0.598,0.598,19
SAO,POA,2026-10-05,LATAM,12:30,0,62,2026-10-02 21:35,2975,1197,2026-10-04 13:55,22.6,1197,3835,0.598,0.598,19
POA,SAO,2026-10-05,LATAM,04:45,0,57,2026-10-02 21:35,3002,1224,2026-10-03 10:53,41.9,1224,3328,0.592,0.592,12
SAO,RIO,2026-10-02,LATAM,10:20,0,8,2026-09-30 15:19,3622,1481,2026-10-01 12:21,22.0,1481,1481,0.591,0.591,6
BHZ,SAO,2026-10-03,Gol,05:55,0,28,2026-10-01 12:21,2137,879,2026-10-02 16:13,13.7,879,901,0.589,0.589,18
BSB,SAO,2026-10-02,Azul,19:20,0,13,2026-10-01 12:21,3086,1268,2026-10-02 16:57,2.4,1268,1268,0.589,0.589,6
SSA,SAO,2026-10-02,Gol,16:00,0,10,2026-10-01 12:21,1166,480,2026-10-02 12:33,3.5,480,480,0.588,0.588,2
SSA,SAO,2026-10-02,Gol,14:45,0,9,2026-10-01 12:21,1166,480,2026-10-02 12:33,2.2,480,480,0.588,0.588,1
SAO,RIO,2026-10-03,Gol,10:30,0,21,2026-10-01 22:03,3510,1445,2026-10-02 22:54,11.6,1445,1481,0.588,0.588,7
REC,SAO,2026-10-04,Azul,08:15,0,46,2026-10-02 03:58,1458,601,2026-10-03 22:55,9.3,601,1183,0.588,0.588,5
REC,SAO,2026-10-04,Azul,03:25,0,82,2026-10-02 03:58,1458,601,2026-10-02 16:57,34.5,601,3697,0.588,0.588,33
SSA,SAO,2026-10-03,Gol,09:30,0,30,2026-10-01 12:21,1161,480,2026-10-02 12:33,20.9,480,480,0.587,0.587,4
SSA,SAO,2026-10-03,Gol,07:45,0,10,2026-10-01 12:21,1161,480,2026-10-02 12:33,19.2,480,480,0.587,0.587,2
SSA,SAO,2026-10-03,Gol,10:10,0,31,2026-10-01 12:21,1161,480,2026-10-02 12:33,21.6,480,3795,0.587,0.587,19
SSA,SAO,2026-10-03,Gol,13:15,0,33,2026-10-01 12:21,1161,480,2026-10-02 12:33,24.7,874,1495,0.587,0.247,1
SSA,SAO,2026-10-03,Gol,04:10,0,25,2026-10-01 12:21,1161,480,2026-10-02 12:33,15.6,480,996,0.587,0.587,8
SAO,SSA,2026-10-02,Gol,18:00,0,10,2026-10-01 10:18,1173,487,2026-10-02 12:33,5.5,487,487,0.585,0.585,2
SAO,SSA,2026-10-02,Gol,16:35,0,10,2026-10-01 10:18,1173,487,2026-10-02 12:33,4.0,487,487,0.585,0.585,2
SAO,SSA,2026-10-03,Gol,14:55,0,35,2026-10-01 10:18,1168,487,2026-10-02 12:33,26.4,487,1502,0.583,0.583,3
SAO,SSA,2026-10-03,Gol,06:55,0,29,2026-10-01 10:18,1168,487,2026-10-02 12:33,18.4,487,1003,0.583,0.583,2
SAO,SSA,2026-10-03,Gol,12:55,0,34,2026-10-01 10:18,1168,487,2026-10-02 12:33,24.4,487,1003,0.583,0.583,2
SAO,BSB,2026-10-04,LATAM,17:40,0,60,2026-10-02 03:58,2676,1117,2026-10-04 11:54,5.8,1117,3455,0.583,0.583,3
SAO,BSB,2026-10-02,Gol,20:10,0,13,2026-10-01 12:21,3121,1307,2026-10-02 16:13,4.0,1307,1307,0.581,0.581,3
SAO,BSB,2026-10-03,LATAM,12:25,0,34,2026-10-01 12:21,3094,1305,2026-10-03 09:55,2.5,1305,3455,0.578,0.578,2
CWB,SAO,2026-10-04,Gol,18:15,0,59,2026-10-02 03:58,2540,1071,2026-10-03 18:54,23.4,1071,1071,0.578,0.578,48
FOR,SAO,2026-10-04,LATAM,14:30,0,53,2026-10-02 03:58,3859,1634,2026-10-03 11:55,26.6,1634,3479,0.577,0.577,7
SAO,BHZ,2026-10-01,LATAM,22:40,0,6,2026-10-01 10:18,2137,917,2026-10-01 17:55,4.8,917,917,0.571,0.571,4
BHZ,SAO,2026-10-01,LATAM,19:50,0,5,2026-10-01 12:21,2137,917,2026-10-01 17:55,1.9,917,917,0.571,0.571,4
BHZ,SAO,2026-10-02,Azul,17:25,0,10,2026-10-01 15:42,2084,901,2026-10-02 14:55,2.5,901,901,0.568,0.568,3
FLN,SAO,2026-10-04,Gol,18:55,0,58,2026-10-02 03:58,2642,1142,2026-10-03 18:54,24.0,1142,1416,0.568,0.568,25
RIO,FLN,2026-10-04,Azul,11:25,1,14,2026-10-02 12:33,3097,1342,2026-10-04 05:55,5.5,1342,4463,0.567,0.567,1
REC,SAO,2026-10-02,Gol,15:55,0,10,2026-10-01 12:21,1355,589,2026-10-01 22:03,17.9,589,1144,0.565,0.565,1
SAO,BHZ,2026-10-01,LATAM,22:15,0,6,2026-10-01 10:18,2164,944,2026-10-01 17:55,4.3,944,944,0.564,0.564,4
SAO,FLN,2026-10-02,Gol,16:40,0,13,2026-09-30 15:19,2909,1271,2026-10-01 22:03,18.6,1271,1350,0.563,0.563,12
CGB,SAO,2026-10-02,Gol,11:35,0,9,2026-10-01 12:21,1343,588,2026-10-01 16:55,18.7,588,2170,0.562,0.562,4
SAO,SSA,2026-10-05,Gol,11:20,0,52,2026-10-02 21:35,3263,1430,2026-10-03 18:54,40.4,1430,1502,0.562,0.562,32
FLN,SAO,2026-10-02,Gol,18:55,0,15,2026-09-30 15:19,2930,1292,2026-10-01 22:03,20.9,1292,1328,0.559,0.559,11
SAO,BHZ,2026-10-01,LATAM,17:50,0,4,2026-10-01 10:18,2137,950,2026-10-01 15:42,2.1,950,3736,0.555,0.555,1
SAO,BSB,2026-10-02,LATAM,21:05,0,17,2026-10-01 12:21,3121,1390,2026-10-02 12:33,8.5,1390,3862,0.555,0.555,10
BHZ,SAO,2026-10-01,LATAM,18:00,0,4,2026-10-01 12:21,2137,950,2026-10-01 15:42,2.3,950,3736,0.555,0.555,2
BHZ,SAO,2026-10-01,LATAM,17:45,0,3,2026-10-01 12:21,2137,950,2026-10-01 15:42,2.0,950,950,0.555,0.555,2
SAO,CGB,2026-10-02,Gol,15:45,0,9,2026-10-01 15:42,1173,524,2026-10-02 12:33,3.2,524,524,0.553,0.553,2
SAO,BHZ,2026-10-01,LATAM,18:35,0,6,2026-10-01 10:18,2164,977,2026-10-01 15:42,2.9,977,3763,0.549,0.549,2
SAO,BHZ,2026-10-02,LATAM,19:50,0,15,2026-10-01 10:18,2164,977,2026-10-02 12:33,7.3,977,3763,0.549,0.549,11
SAO,REC,2026-10-02,LATAM,09:35,0,8,2026-10-01 10:18,2540,1148,2026-10-01 12:21,21.2,1148,1148,0.548,0.548,7
SAO,BHZ,2026-10-03,Azul,06:05,0,26,2026-10-01 10:18,2111,954,2026-10-01 15:42,38.4,2037,2767,0.548,0.035,2
SAO,BHZ,2026-10-03,Azul,08:30,0,28,2026-10-01 10:18,2111,954,2026-10-01 15:42,40.8,2037,2164,0.548,0.035,3
BHZ,SAO,2026-10-03,Azul,08:10,0,28,2026-10-01 12:21,2084,941,2026-10-02 12:33,19.6,941,2137,0.548,0.548,3
SSA,SAO,2026-10-04,Gol,04:30,0,46,2026-10-02 03:58,1006,459,2026-10-03 18:54,9.6,459,459,0.544,0.544,44
SSA,SAO,2026-10-04,Gol,09:25,0,50,2026-10-02 03:58,1006,460,2026-10-03 16:55,16.5,460,460,0.543,0.543,30
SSA,SAO,2026-10-04,Gol,07:30,0,48,2026-10-02 03:58,1006,460,2026-10-03 16:55,14.6,460,460,0.543,0.543,22
SAO,GYN,2026-10-02,LATAM,18:20,0,14,2026-10-01 12:21,2055,943,2026-10-02 12:33,5.8,943,3243,0.541,0.541,5
BSB,SAO,2026-10-03,LATAM,20:30,0,42,2026-10-01 12:21,2675,1229,2026-10-03 01:55,18.6,1229,3454,0.541,0.541,6
BSB,SAO,2026-10-04,LATAM,20:00,0,62,2026-10-02 03:58,2675,1229,2026-10-03 00:55,43.1,1229,3454,0.541,0.541,45
BSB,SAO,2026-10-04,LATAM,19:25,0,61,2026-10-02 03:58,2675,1229,2026-10-04 13:55,5.5,1229,3454,0.541,0.541,7
FOR,SAO,2026-10-05,Gol,12:50,0,46,2026-10-02 21:35,1818,835,2026-10-04 12:55,23.9,835,876,0.541,0.541,8
SAO,FLN,2026-10-02,Gol,22:35,0,20,2026-09-30 15:19,2909,1350,2026-10-01 15:42,30.9,1350,1466,0.536,0.536,19
BSB,SAO,2026-10-03,Gol,20:45,0,41,2026-10-01 12:21,2609,1217,2026-10-03 18:54,1.9,1217,1217,0.534,0.534,15
SSA,SAO,2026-10-04,LATAM,07:00,0,49,2026-10-02 03:58,1016,480,2026-10-03 11:55,19.1,480,480,0.528,0.528,22
SAO,FLN,2026-10-02,LATAM,11:40,0,10,2026-09-30 15:19,3354,1596,2026-10-01 12:21,23.3,1596,1596,0.524,0.524,8
SSA,SAO,2026-10-04,Gol,12:05,0,53,2026-10-02 03:58,1006,480,2026-10-02 12:33,47.5,833,1423,0.523,0.172,3
SAO,BHZ,2026-10-02,LATAM,11:05,0,8,2026-10-01 10:18,2164,1035,2026-10-01 16:55,18.2,1035,3763,0.522,0.522,3
SAO,SSA,2026-10-03,Gol,17:55,0,38,2026-10-01 10:18,1013,487,2026-10-02 12:33,29.4,881,3966,0.519,0.13,3
SAO,SSA,2026-10-04,Gol,07:05,0,47,2026-10-02 03:58,1013,487,2026-10-02 12:33,42.5,840,2064,0.519,0.171,2
SAO,CGB,2026-10-03,LATAM,23:50,0,44,2026-10-01 12:21,575,278,2026-10-03 11:55,11.9,278,278,0.517,0.517,11
SAO,CGB,2026-10-04,LATAM,07:10,0,48,2026-10-02 03:58,575,278,2026-10-03 12:55,18.2,278,278,0.517,0.517,21
REC,SAO,2026-10-04,LATAM,09:15,0,49,2026-10-02 03:58,2137,1036,2026-10-03 12:55,20.3,1036,1036,0.515,0.515,34
SAO,REC,2026-10-05,Gol,11:50,0,59,2026-10-02 21:35,2108,1038,2026-10-03 18:54,40.9,1038,1215,0.508,0.508,37
BHZ,SAO,2026-10-03,LATAM,12:30,0,34,2026-10-01 12:21,1360,670,2026-10-03 11:55,0.6,670,670,0.507,0.507,1
CGB,SAO,2026-10-03,LATAM,16:25,0,38,2026-10-01 12:21,588,291,2026-10-03 11:55,4.5,291,291,0.505,0.505,6
CGB,SAO,2026-10-04,LATAM,02:25,0,44,2026-10-02 03:58,588,291,2026-10-03 12:55,13.5,291,291,0.505,0.505,13
SAO,CGB,2026-10-03,Gol,08:40,0,30,2026-10-01 12:21,1129,561,2026-10-02 19:55,12.8,561,574,0.503,0.503,15
SAO,REC,2026-10-01,LATAM,20:40,0,5,2026-10-01 10:18,2607,1307,2026-10-01 15:42,5.0,1307,1307,0.499,0.499,4
SAO,REC,2026-10-04,Gol,17:35,0,55,2026-10-02 03:58,1203,603,2026-10-03 18:54,22.7,603,2035,0.499,0.499,13
POA,SAO,2026-10-04,Gol,20:20,0,57,2026-10-02 03:58,3262,1635,2026-10-03 18:54,25.4,1635,1635,0.499,0.499,27
SAO,CGB,2026-10-02,Gol,23:55,0,17,2026-10-01 15:42,554,278,2026-10-02 18:55,5.0,278,278,0.498,0.498,4
SAO,SSA,2026-10-03,Gol,17:00,0,37,2026-10-01 10:18,1928,969,2026-10-03 12:55,4.1,969,1086,0.497,0.497,2
BHZ,SAO,2026-10-05,LATAM,09:30,0,62,2026-10-02 21:35,1704,858,2026-10-04 10:55,22.6,858,3736,0.496,0.496,16
SAO,BSB,2026-10-01,Gol,18:00,0,3,2026-10-01 12:21,2808,1419,2026-10-01 16:55,1.1,1419,1419,0.495,0.495,1
SAO,BSB,2026-10-01,LATAM,16:55,0,2,2026-10-01 12:21,2808,1419,2026-10-01 15:42,1.2,1419,1419,0.495,0.495,1
SAO,SSA,2026-10-05,LATAM,09:10,0,58,2026-10-02 21:35,3090,1559,2026-10-03 19:55,37.2,1559,3862,0.495,0.495,7
SAO,SSA,2026-10-05,LATAM,10:50,0,59,2026-10-02 21:35,3090,1559,2026-10-03 10:53,48.0,1559,1726,0.495,0.495,39
SAO,BHZ,2026-10-03,LATAM,10:35,0,13,2026-10-01 10:18,3862,1953,2026-10-03 08:54,1.7,1953,3393,0.494,0.494,1
SAO,BHZ,2026-10-03,LATAM,13:20,0,35,2026-10-01 10:18,1360,688,2026-10-03 11:55,1.4,688,3366,0.494,0.494,1
BHZ,SAO,2026-10-03,LATAM,15:20,0,37,2026-10-01 12:21,1360,688,2026-10-03 11:55,3.4,688,688,0.494,0.494,4
SAO,FLN,2026-10-04,Gol,15:05,0,53,2026-10-02 03:58,2408,1221,2026-10-04 08:55,6.2,1221,2267,0.493,0.493,3
SAO,FOR,2026-10-03,LATAM,07:20,0,29,2026-10-01 12:21,1785,906,2026-10-02 19:55,11.4,906,3455,0.492,0.492,13
SSA,SAO,2026-10-03,Gol,12:15,0,33,2026-10-01 12:21,1948,989,2026-10-03 00:55,11.3,989,1106,0.492,0.492,3
SSA,SAO,2026-10-02,Gol,17:35,0,11,2026-10-01 12:21,1948,993,2026-10-02 12:33,5.0,993,993,0.49,0.49,3
CGB,SAO,2026-10-03,Gol,18:05,0,40,2026-10-01 12:21,567,290,2026-10-03 16:55,1.2,290,587,0.489,0.489,25
FLN,SAO,2026-10-05,Gol,06:15,0,57,2026-10-02 21:35,2368,1216,2026-10-04 09:15,21.0,1216,3412,0.486,0.486,1
SAO,FOR,2026-10-04,LATAM,18:50,0,60,2026-10-02 03:58,3119,1610,2026-10-03 20:55,21.9,1610,2811,0.484,0.484,16
BHZ,SAO,2026-10-05,Gol,11:45,0,63,2026-10-02 21:35,1652,857,2026-10-03 18:54,40.9,1620,2283,0.481,0.019,8
SSA,SAO,2026-10-05,Gol,14:45,0,66,2026-10-02 21:35,874,460,2026-10-03 16:55,45.8,460,505,0.474,0.474,40
SSA,SAO,2026-10-05,Gol,16:00,0,67,2026-10-02 21:35,874,460,2026-10-03 16:55,47.1,460,505,0.474,0.474,41
SSA,SAO,2026-10-05,Gol,13:15,0,65,2026-10-02 21:35,874,460,2026-10-03 16:55,44.3,460,874,0.474,0.474,37
SAO,SSA,2026-10-05,Gol,12:55,0,61,2026-10-02 21:35,881,465,2026-10-04 02:43,34.2,465,1553,0.472,0.472,30
SAO,SSA,2026-10-05,Gol,15:10,0,62,2026-10-02 21:35,881,467,2026-10-03 16:55,46.2,467,512,0.47,0.47,36
FOR,SAO,2026-10-04,LATAM,17:05,0,58,2026-10-02 03:58,3066,1634,2026-10-04 12:55,4.2,1634,3479,0.467,0.467,5
BHZ,SAO,2026-10-04,LATAM,13:35,0,45,2026-10-02 03:58,1704,910,2026-10-03 15:54,21.7,910,1704,0.466,0.466,5
BHZ,SAO,2026-10-05,LATAM,08:00,0,61,2026-10-02 21:35,1704,910,2026-10-04 10:55,21.1,910,3736,0.466,0.466,8
BHZ,SAO,2026-10-04,LATAM,13:43,0,9,2026-10-04 03:54,1704,910,2026-10-04 08:55,4.8,910,3366,0.466,0.466,3
SAO,FOR,2026-10-04,LATAM,12:35,0,52,2026-10-02 03:58,1785,957,2026-10-03 10:53,25.7,957,3455,0.464,0.464,8
BHZ,SAO,2026-10-05,Gol,09:40,0,61,2026-10-02 21:35,1652,901,2026-10-05 05:55,3.8,901,901,0.455,0.455,3
REC,SAO,2026-10-02,Gol,10:40,0,7,2026-10-01 12:21,1355,741,2026-10-01 16:55,17.8,741,1355,0.453,0.453,3
REC,SAO,2026-10-05,LATAM,13:35,0,64,2026-10-02 21:35,1906,1062,2026-10-03 16:55,44.7,1062,3388,0.443,0.443,26
CWB,SAO,2026-10-04,Gol,09:15,0,49,2026-10-02 03:58,1125,628,2026-10-03 18:54,14.3,628,628,0.442,0.442,14
REC,SAO,2026-10-05,LATAM,16:15,0,67,2026-10-02 21:35,1902,1062,2026-10-03 16:55,47.3,1062,3388,0.442,0.442,32
RIO,FLN,2026-10-04,Azul,06:20,1,47,2026-10-02 03:58,1905,1066,2026-10-02 10:48,43.5,1066,1342,0.44,0.44,35
REC,SAO,2026-10-03,Gol,10:10,0,28,2026-10-01 15:42,1098,617,2026-10-02 16:13,17.9,617,1213,0.438,0.438,4
SAO,CWB,2026-10-04,Gol,15:30,0,55,2026-10-02 03:58,1139,642,2026-10-03 18:54,20.6,642,713,0.436,0.436,18
SAO,CWB,2026-10-04,Gol,07:30,0,48,2026-10-02 03:58,1139,642,2026-10-03 18:54,12.6,642,642,0.436,0.436,14
SAO,FOR,2026-10-04,Gol,13:40,0,52,2026-10-02 03:58,1785,1008,2026-10-04 10:55,2.8,1008,1008,0.435,0.435,2
CWB,SAO,2026-10-05,Gol,11:25,0,63,2026-10-02 21:35,1125,636,2026-10-04 11:54,23.5,636,1125,0.435,0.435,1
BHZ,SAO,2026-10-02,Gol,09:40,0,6,2026-10-01 15:42,2084,1184,2026-10-01 22:03,11.6,1184,2137,0.432,0.432,1
SAO,GYN,2026-10-02,Gol,23:10,2,7,2026-10-02 16:13,1193,678,2026-10-02 17:56,5.2,678,678,0.432,0.432,5
SAO,BHZ,2026-10-04,Gol,06:30,0,48,2026-10-02 03:58,1035,590,2026-10-03 18:54,11.6,590,590,0.43,0.43,13
FOR,SAO,2026-10-04,Gol,17:55,0,57,2026-10-02 03:58,1809,1032,2026-10-04 08:55,9.0,1032,1032,0.43,0.43,9
BHZ,SAO,2026-10-04,Gol,06:05,0,48,2026-10-02 03:58,1008,578,2026-10-03 23:54,6.2,578,857,0.427,0.427,1
FOR,SAO,2026-10-02,LATAM,16:30,0,12,2026-10-01 12:21,3143,1809,2026-10-02 13:55,2.6,1809,3859,0.424,0.424,2
SAO,BHZ,2026-10-04,Gol,12:30,0,44,2026-10-02 03:58,1025,590,2026-10-03 18:54,17.6,590,590,0.424,0.424,9
FLN,RIO,2026-10-04,Azul,05:35,1,16,2026-10-02 03:58,1825,1058,2026-10-03 15:54,13.7,1058,1284,0.42,0.42,4
SAO,POA,2026-10-04,Gol,10:20,0,43,2026-10-02 03:58,1718,998,2026-10-02 22:54,35.4,999,1321,0.419,0.419,15
CWB,SAO,2026-10-04,Gol,15:20,0,55,2026-10-02 03:58,1088,636,2026-10-03 18:54,20.4,636,906,0.415,0.415,17
SAO,POA,2026-10-05,Gol,05:00,1,12,2026-10-02 21:35,1234,724,2026-10-04 12:55,16.1,724,760,0.413,0.413,8
RIO,SAO,2026-10-05,LATAM,06:10,0,55,2026-10-02 21:35,1339,786,2026-10-04 11:54,18.3,786,3298,0.413,0.413,1
SAO,BHZ,2026-10-04,Gol,14:55,0,55,2026-10-02 03:58,1000,590,2026-10-03 18:54,20.0,590,1647,0.41,0.41,15
SAO,SSA,2026-10-05,LATAM,15:15,0,64,2026-10-02 21:35,1555,918,2026-10-03 15:54,47.4,918,3862,0.41,0.41,23
SAO,FOR,2026-10-02,LATAM,23:20,0,18,2026-10-01 12:21,1785,1059,2026-10-02 12:33,10.8,1059,1785,0.407,0.407,5
SAO,FOR,2026-10-02,LATAM,18:50,0,14,2026-10-01 12:21,1785,1059,2026-10-02 13:55,4.9,1059,3835,0.407,0.407,1
SAO,POA,2026-10-03,Gol,18:25,0,38,2026-10-01 10:18,1676,998,2026-10-02 22:54,19.5,998,1199,0.405,0.405,14
SSA,SAO,2026-10-04,Gol,18:25,0,60,2026-10-02 03:58,3274,1948,2026-10-03 12:55,29.5,2788,3123,0.405,0.148,1
SAO,SSA,2026-10-05,Azul,13:40,0,9,2026-10-02 21:35,3851,2298,2026-10-05 09:55,3.8,2298,2298,0.403,0.403,3
BSB,SAO,2026-10-03,LATAM,17:40,0,34,2026-10-01 12:21,4029,2411,2026-10-03 08:54,8.8,2411,2411,0.402,0.402,7
FOR,SAO,2026-10-02,LATAM,14:10,0,10,2026-10-01 12:21,1809,1083,2026-10-02 12:33,1.6,1083,3859,0.401,0.401,1
FOR,SAO,2026-10-02,LATAM,20:10,0,14,2026-10-01 12:21,1809,1083,2026-10-02 12:33,7.6,1083,1083,0.401,0.401,6
FOR,SAO,2026-10-05,LATAM,06:05,0,58,2026-10-02 21:35,1634,981,2026-10-04 10:55,19.2,981,3859,0.4,0.4,5
SAO,BHZ,2026-10-03,Gol,10:05,0,8,2026-10-01 10:18,2137,1284,2026-10-01 22:03,36.0,,2137,0.399,,1
SAO,REC,2026-10-04,Gol,23:05,0,66,2026-10-02 03:58,1109,667,2026-10-03 18:54,28.2,667,1553,0.399,0.399,11
SAO,BHZ,2026-10-02,Azul,19:25,0,26,2026-10-01 10:18,3465,2085,2026-10-01 12:21,31.1,2137,2960,0.398,0.383,6
SAO,RIO,2026-10-03,Azul,19:15,0,32,2026-10-01 10:18,1072,647,2026-10-03 13:55,5.3,647,647,0.396,0.396,4
SAO,FOR,2026-10-03,Gol,08:40,0,29,2026-10-01 12:21,1785,1079,2026-10-02 10:48,21.9,1079,2042,0.396,0.396,1
SAO,CGB,2026-10-03,Gol,18:00,1,11,2026-10-02 18:55,2457,1485,2026-10-03 09:55,8.1,1485,2053,0.396,0.396,1
SAO,RIO,2026-10-03,LATAM,08:35,0,29,2026-10-01 10:18,1481,896,2026-10-03 00:55,7.7,896,896,0.395,0.395,7
SAO,RIO,2026-10-03,LATAM,14:20,0,35,2026-10-01 10:18,1481,896,2026-10-03 00:55,13.4,896,2812,0.395,0.395,12
SAO,RIO,2026-10-03,LATAM,12:50,0,33,2026-10-01 10:18,1481,896,2026-10-03 00:55,11.9,896,896,0.395,0.395,11
SAO,RIO,2026-10-03,LATAM,09:50,0,31,2026-10-01 10:18,1481,896,2026-10-03 00:55,8.9,896,2974,0.395,0.395,8
SAO,RIO,2026-10-03,LATAM,11:30,0,33,2026-10-01 10:18,1481,896,2026-10-03 04:55,6.6,896,2974,0.395,0.395,6
SAO,RIO,2026-10-03,LATAM,07:40,0,29,2026-10-01 10:18,1481,896,2026-10-03 00:55,6.8,896,3482,0.395,0.395,6
SAO,RIO,2026-10-03,LATAM,10:35,0,32,2026-10-01 10:18,1481,896,2026-10-03 06:54,3.7,896,2974,0.395,0.395,3
SAO,BHZ,2026-10-01,Azul,17:55,0,3,2026-10-01 10:18,3492,2111,2026-10-01 12:21,5.6,2111,2111,0.395,0.395,2
SAO,BHZ,2026-10-02,Azul,17:55,0,11,2026-10-01 10:18,3492,2111,2026-10-02 12:33,5.4,2111,2111,0.395,0.395,3
RIO,SAO,2026-10-03,LATAM,10:15,0,31,2026-10-01 12:21,1481,896,2026-10-03 00:55,9.3,896,2975,0.395,0.395,9
RIO,SAO,2026-10-03,LATAM,08:55,0,30,2026-10-01 12:21,1481,896,2026-10-03 00:55,8.0,896,2975,0.395,0.395,8
RIO,SAO,2026-10-03,LATAM,08:15,0,29,2026-10-01 12:21,1481,896,2026-10-03 00:55,7.3,896,2975,0.395,0.395,7
RIO,SAO,2026-10-03,LATAM,06:30,0,27,2026-10-01 12:21,1481,896,2026-10-03 00:55,5.6,896,2975,0.395,0.395,5
RIO,SAO,2026-10-03,LATAM,13:50,0,33,2026-10-01 12:21,1481,896,2026-10-03 00:55,12.9,896,2812,0.395,0.395,11
RIO,SAO,2026-10-03,LATAM,17:50,0,37,2026-10-01 12:21,1481,896,2026-10-03 07:55,9.9,896,2812,0.395,0.395,7
RIO,SAO,2026-10-03,LATAM,07:35,0,28,2026-10-01 12:21,1481,896,2026-10-03 00:55,6.7,896,2975,0.395,0.395,6
RIO,SAO,2026-10-03,LATAM,07:05,0,28,2026-10-01 12:21,1481,896,2026-10-03 00:55,6.2,896,2975,0.395,0.395,6
RIO,SAO,2026-10-03,LATAM,11:00,0,32,2026-10-01 12:21,1481,896,2026-10-03 00:55,10.1,896,2975,0.395,0.395,10
RIO,SAO,2026-10-03,LATAM,12:00,0,32,2026-10-01 12:21,1481,896,2026-10-03 00:55,11.1,896,896,0.395,0.395,11
RIO,SAO,2026-10-03,LATAM,14:45,0,34,2026-10-01 12:21,1481,896,2026-10-03 00:55,13.8,896,2812,0.395,0.395,12
RIO,SAO,2026-10-04,LATAM,11:00,0,51,2026-10-02 03:58,1481,896,2026-10-03 00:55,34.1,2975,2975,0.395,-1.009,7
CWB,SAO,2026-10-04,Azul,15:15,0,53,2026-10-02 03:58,1026,621,2026-10-04 08:55,6.3,621,621,0.395,0.395,18
SAO,BHZ,2026-10-04,Azul,14:35,0,52,2026-10-02 03:58,933,565,2026-10-04 08:55,5.7,565,565,0.394,0.394,17
SAO,BHZ,2026-10-04,Azul,15:45,0,55,2026-10-02 03:58,944,577,2026-10-04 08:55,6.8,577,577,0.389,0.389,19
RIO,SAO,2026-10-04,Gol,11:55,0,50,2026-10-02 03:58,1217,744,2026-10-03 18:54,17.0,744,2259,0.389,0.389,14
BHZ,SAO,2026-10-03,Azul,16:15,0,36,2026-10-01 12:21,927,567,2026-10-03 13:55,2.3,567,567,0.388,0.388,1
GYN,SAO,2026-10-02,LATAM,17:40,0,13,2026-10-01 12:21,2043,1254,2026-10-01 16:55,24.8,1254,3231,0.386,0.386,10
SAO,GYN,2026-10-02,LATAM,16:20,0,12,2026-10-01 12:21,2055,1266,2026-10-02 12:33,3.8,1266,3243,0.384,0.384,2
CGB,SAO,2026-10-04,Gol,18:00,0,32,2026-10-02 03:58,873,540,2026-10-04 17:55,0.1,540,540,0.381,0.381,17
SAO,BHZ,2026-10-03,LATAM,10:05,0,32,2026-10-01 10:18,1360,843,2026-10-03 00:55,9.2,843,3366,0.38,0.38,12
BHZ,SAO,2026-10-03,LATAM,07:10,0,29,2026-10-01 12:21,1360,843,2026-10-03 00:55,6.2,843,3366,0.38,0.38,9
BHZ,SAO,2026-10-03,LATAM,05:45,0,28,2026-10-01 12:21,1360,843,2026-10-03 00:55,4.8,843,3366,0.38,0.38,7
BHZ,SAO,2026-10-03,LATAM,12:25,0,34,2026-10-01 12:21,1360,843,2026-10-03 00:55,11.5,843,3366,0.38,0.38,14
CGB,SAO,2026-10-04,Gol,04:45,1,46,2026-10-02 12:33,1343,832,2026-10-04 03:54,0.8,832,1278,0.38,0.38,7
BSB,SAO,2026-10-04,Gol,07:20,0,46,2026-10-02 03:58,1362,854,2026-10-03 18:54,12.4,854,854,0.373,0.373,27
BSB,SAO,2026-10-04,Gol,06:15,0,45,2026-10-02 03:58,1362,854,2026-10-03 18:54,11.3,854,854,0.373,0.373,26
BSB,SAO,2026-10-04,Gol,09:50,0,48,2026-10-02 03:58,1362,854,2026-10-03 18:54,14.9,854,854,0.373,0.373,16
REC,SAO,2026-10-01,Gol,17:20,0,2,2026-10-01 12:21,1446,911,2026-10-01 15:42,1.6,911,911,0.37,0.37,1
BHZ,SAO,2026-10-03,LATAM,06:20,0,28,2026-10-01 12:21,1360,858,2026-10-03 00:55,5.4,858,3366,0.369,0.369,8
BHZ,SAO,2026-10-03,LATAM,09:25,0,31,2026-10-01 12:21,1360,858,2026-10-03 00:55,8.5,858,3366,0.369,0.369,11
BHZ,SAO,2026-10-03,LATAM,05:50,0,28,2026-10-01 12:21,1360,858,2026-10-03 00:55,4.9,858,3366,0.369,0.369,7
SAO,FLN,2026-10-02,Gol,07:45,0,9,2026-09-30 15:19,2384,1509,2026-10-01 22:03,9.7,1509,1596,0.367,0.367,8
SAO,FLN,2026-10-02,Gol,17:10,0,14,2026-09-30 15:19,2384,1509,2026-10-01 22:03,19.1,1509,1586,0.367,0.367,13
FOR,SAO,2026-10-03,LATAM,20:10,0,43,2026-10-01 12:21,1547,981,2026-10-03 00:55,19.2,981,1083,0.366,0.366,15
REC,SAO,2026-10-03,LATAM,18:15,0,39,2026-10-01 15:42,1439,913,2026-10-03 00:55,17.3,913,3055,0.366,0.366,17
FOR,SAO,2026-10-05,Gol,08:55,0,59,2026-10-02 21:35,2898,1836,2026-10-03 18:54,38.0,1836,2898,0.366,0.366,36
SAO,BSB,2026-10-04,Gol,06:30,0,46,2026-10-02 03:58,1390,882,2026-10-03 18:54,11.6,882,882,0.365,0.365,25
SAO,BSB,2026-10-04,Gol,08:00,0,47,2026-10-02 03:58,1390,882,2026-10-03 18:54,13.1,882,882,0.365,0.365,26
SAO,FOR,2026-10-05,LATAM,15:55,0,70,2026-10-02 21:35,2811,1785,2026-10-05 10:55,5.0,1785,3835,0.365,0.365,5
SAO,BHZ,2026-10-05,Gol,06:30,0,57,2026-10-02 21:35,928,590,2026-10-03 18:54,35.6,590,928,0.364,0.364,15
SAO,BHZ,2026-10-03,LATAM,07:30,0,29,2026-10-01 10:18,1387,885,2026-10-03 00:55,6.6,885,3393,0.362,0.362,9
BSB,SAO,2026-10-03,Azul,19:55,0,39,2026-10-01 12:21,1284,821,2026-10-03 17:54,2.0,821,821,0.361,0.361,10
GYN,SAO,2026-10-05,LATAM,12:20,0,62,2026-10-02 21:35,1092,698,2026-10-05 10:55,1.4,698,3231,0.361,0.361,1
POA,SAO,2026-10-05,Gol,12:30,0,60,2026-10-02 21:35,1677,1075,2026-10-04 20:07,16.4,1075,3354,0.359,0.359,2
BHZ,SAO,2026-10-05,Gol,14:10,0,66,2026-10-02 21:35,879,563,2026-10-04 10:55,27.2,857,2137,0.359,0.025,2
FOR,SAO,2026-10-02,Gol,18:20,0,13,2026-10-01 12:21,3143,2019,2026-10-02 12:33,5.8,2019,2019,0.358,0.358,9
FLN,RIO,2026-10-04,LATAM,20:20,1,17,2026-10-04 10:55,2444,1569,2026-10-04 16:55,3.4,1569,3477,0.358,0.358,4
SAO,BSB,2026-10-04,Azul,14:25,0,53,2026-10-02 03:58,1312,845,2026-10-04 08:55,5.5,845,845,0.356,0.356,23
SAO,GYN,2026-10-05,Gol,13:20,0,63,2026-10-02 21:35,1075,698,2026-10-05 09:55,3.4,698,698,0.351,0.351,3
POA,SAO,2026-10-04,Gol,05:30,0,43,2026-10-02 03:58,1353,880,2026-10-03 18:54,10.6,880,880,0.35,0.35,8
REC,SAO,2026-10-01,LATAM,18:20,0,5,2026-10-01 12:21,1446,942,2026-10-01 15:42,2.6,942,3388,0.349,0.349,2
SAO,BHZ,2026-10-04,Gol,19:10,0,61,2026-10-02 03:58,906,590,2026-10-03 18:54,24.3,590,928,0.349,0.349,15
SAO,REC,2026-10-04,Gol,06:55,0,48,2026-10-02 03:58,1357,888,2026-10-03 18:54,12.0,888,1603,0.346,0.346,2
SAO,RIO,2026-10-03,LATAM,13:05,0,34,2026-10-01 10:18,1217,797,2026-10-03 00:55,12.2,797,3455,0.345,0.345,11
RIO,SAO,2026-10-03,LATAM,07:40,0,28,2026-10-01 12:21,1217,797,2026-10-03 00:55,6.8,797,3456,0.345,0.345,6
RIO,SAO,2026-10-03,LATAM,05:00,0,26,2026-10-01 12:21,1217,797,2026-10-03 00:55,4.1,797,3456,0.345,0.345,4
RIO,SAO,2026-10-03,LATAM,14:50,0,34,2026-10-01 12:21,1217,797,2026-10-03 00:55,13.9,797,2948,0.345,0.345,9
RIO,SAO,2026-10-03,LATAM,11:20,0,32,2026-10-01 12:21,1217,797,2026-10-03 00:55,10.4,797,3456,0.345,0.345,10
POA,SAO,2026-10-04,Gol,11:15,0,51,2026-10-02 03:58,1343,880,2026-10-03 18:54,16.4,880,880,0.345,0.345,11
SAO,RIO,2026-10-02,Azul,18:55,0,14,2026-09-30 15:19,1312,863,2026-10-02 16:13,2.7,863,863,0.342,0.342,6
SAO,RIO,2026-10-02,Azul,23:20,0,19,2026-09-30 15:19,1312,863,2026-10-02 16:13,7.1,863,863,0.342,0.342,11
CWB,SAO,2026-10-03,LATAM,14:00,0,35,2026-10-01 12:21,1125,741,2026-10-03 11:55,2.1,741,741,0.341,0.341,3
CWB,SAO,2026-10-03,LATAM,12:40,0,33,2026-10-01 12:21,1125,741,2026-10-03 11:55,0.8,741,741,0.341,0.341,1
CWB,SAO,2026-10-04,LATAM,08:50,0,49,2026-10-02 03:58,1125,741,2026-10-03 11:55,20.9,741,741,0.341,0.341,22
SAO,GYN,2026-10-04,Gol,18:35,3,53,2026-10-02 17:56,1423,940,2026-10-04 10:55,7.7,940,1354,0.339,0.339,9
SAO,CWB,2026-10-03,LATAM,15:05,0,38,2026-10-01 10:18,1139,755,2026-10-03 11:55,3.2,755,755,0.337,0.337,4
SAO,CWB,2026-10-04,LATAM,12:30,0,52,2026-10-02 03:58,1139,755,2026-10-03 12:55,23.6,755,3275,0.337,0.337,12
SAO,CWB,2026-10-04,LATAM,08:15,0,49,2026-10-02 03:58,1139,755,2026-10-03 12:55,19.3,755,755,0.337,0.337,22
FOR,SAO,2026-10-05,LATAM,14:10,0,66,2026-10-02 21:35,1634,1083,2026-10-05 10:55,3.2,1083,3859,0.337,0.337,3
FLN,SAO,2026-10-02,Gol,15:50,0,12,2026-09-30 15:19,2379,1580,2026-10-02 10:48,5.0,1580,1580,0.336,0.336,3
FLN,SAO,2026-10-02,Gol,19:25,0,16,2026-09-30 15:19,2379,1580,2026-10-02 10:48,8.6,1580,1580,0.336,0.336,7
BSB,SAO,2026-10-02,Azul,20:05,0,14,2026-10-01 12:21,1362,904,2026-10-02 17:56,2.1,904,904,0.336,0.336,1
BSB,SAO,2026-10-03,Azul,05:20,0,24,2026-10-01 12:21,1362,904,2026-10-02 17:56,11.4,904,3093,0.336,0.336,8
SAO,POA,2026-10-04,Gol,13:50,0,46,2026-10-02 03:58,1284,853,2026-10-03 18:54,18.9,853,3716,0.336,0.336,7
SAO,FLN,2026-10-02,Gol,13:50,0,11,2026-09-30 15:19,2384,1586,2026-10-02 10:48,3.0,1586,1586,0.335,0.335,2
SAO,FLN,2026-10-02,Gol,14:55,0,11,2026-09-30 15:19,2384,1586,2026-10-02 10:48,4.1,1586,1586,0.335,0.335,2
SAO,FLN,2026-10-02,Gol,19:25,0,16,2026-09-30 15:19,2384,1586,2026-10-02 10:48,8.6,1586,1586,0.335,0.335,7
SAO,REC,2026-10-02,LATAM,12:30,0,9,2026-10-01 10:18,2824,1879,2026-10-01 15:42,20.8,1879,1879,0.335,0.335,3
BHZ,SAO,2026-10-04,LATAM,07:50,0,49,2026-10-02 03:58,1008,670,2026-10-03 11:55,19.9,670,670,0.335,0.335,22
SAO,CWB,2026-10-03,LATAM,13:10,0,36,2026-10-01 10:18,1112,741,2026-10-03 11:55,1.2,741,741,0.334,0.334,2
SAO,CWB,2026-10-04,LATAM,13:00,0,52,2026-10-02 03:58,1112,741,2026-10-03 12:55,24.1,741,3248,0.334,0.334,2
FLN,SAO,2026-10-02,Gol,12:05,0,9,2026-09-30 15:19,2379,1590,2026-10-01 16:55,19.2,1590,2402,0.332,0.332,3
RIO,SAO,2026-10-02,LATAM,17:10,0,13,2026-10-01 12:21,1481,989,2026-10-01 15:42,25.5,989,3298,0.332,0.332,10
RIO,SAO,2026-10-02,LATAM,11:10,0,8,2026-10-01 12:21,1481,989,2026-10-01 15:42,19.5,989,3298,0.332,0.332,6
RIO,SAO,2026-10-02,LATAM,14:50,0,10,2026-10-01 12:21,1481,989,2026-10-01 15:42,23.1,989,989,0.332,0.332,9
RIO,SAO,2026-10-02,LATAM,07:10,0,7,2026-10-01 12:21,1481,989,2026-10-01 15:42,15.5,989,989,0.332,0.332,6
RIO,SAO,2026-10-02,LATAM,08:45,0,7,2026-10-01 12:21,1481,989,2026-10-01 15:42,17.1,989,989,0.332,0.332,6
RIO,SAO,2026-10-02,LATAM,20:40,0,16,2026-10-01 12:21,1481,989,2026-10-01 15:42,29.0,989,3298,0.332,0.332,14
RIO,SAO,2026-10-02,LATAM,18:45,0,14,2026-10-01 12:21,1481,989,2026-10-01 15:42,27.1,989,3298,0.332,0.332,12
RIO,SAO,2026-10-02,LATAM,06:10,0,7,2026-10-01 12:21,1481,989,2026-10-01 15:42,14.5,989,989,0.332,0.332,6
RIO,SAO,2026-10-02,LATAM,10:40,0,7,2026-10-01 12:21,1481,989,2026-10-01 15:42,19.0,989,989,0.332,0.332,6
RIO,SAO,2026-10-02,LATAM,13:30,0,9,2026-10-01 12:21,1481,989,2026-10-01 15:42,21.8,989,989,0.332,0.332,8
RIO,SAO,2026-10-02,LATAM,09:15,0,7,2026-10-01 12:21,1481,989,2026-10-01 15:42,17.6,989,989,0.332,0.332,6
RIO,SAO,2026-10-02,LATAM,19:10,0,15,2026-10-01 12:21,1481,989,2026-10-01 15:42,27.5,989,3298,0.332,0.332,13
RIO,SAO,2026-10-02,LATAM,06:45,0,7,2026-10-01 12:21,1481,989,2026-10-01 15:42,15.1,989,989,0.332,0.332,6
RIO,SAO,2026-10-02,LATAM,08:25,0,7,2026-10-01 12:21,1481,989,2026-10-01 15:42,16.7,989,989,0.332,0.332,6
RIO,SAO,2026-10-02,LATAM,08:00,0,7,2026-10-01 12:21,1481,989,2026-10-01 15:42,16.3,989,989,0.332,0.332,6
RIO,SAO,2026-10-02,LATAM,14:05,0,10,2026-10-01 12:21,1481,989,2026-10-01 15:42,22.4,989,3298,0.332,0.332,8
RIO,SAO,2026-10-02,LATAM,19:50,0,15,2026-10-01 12:21,1481,989,2026-10-01 15:42,28.1,989,989,0.332,0.332,14
RIO,SAO,2026-10-02,LATAM,17:45,0,13,2026-10-01 12:21,1481,989,2026-10-01 15:42,26.1,989,3298,0.332,0.332,11
RIO,SAO,2026-10-02,LATAM,19:30,0,15,2026-10-01 12:21,1481,989,2026-10-01 15:42,27.8,989,3298,0.332,0.332,13
RIO,SAO,2026-10-02,LATAM,16:40,0,12,2026-10-01 12:21,1481,989,2026-10-01 15:42,25.0,989,3298,0.332,0.332,10
RIO,SAO,2026-10-02,LATAM,11:45,0,8,2026-10-01 12:21,1481,989,2026-10-01 15:42,20.1,989,3298,0.332,0.332,6
SAO,REC,2026-10-02,Azul,15:55,0,9,2026-10-01 12:21,3675,2457,2026-10-01 15:42,24.2,2457,4063,0.331,0.331,4
RIO,SAO,2026-10-05,LATAM,08:00,0,58,2026-10-02 21:35,1339,896,2026-10-04 10:55,21.1,896,3298,0.331,0.331,17
RIO,SAO,2026-10-05,LATAM,06:45,0,57,2026-10-02 21:35,1339,896,2026-10-04 10:55,19.8,896,3298,0.331,0.331,17
RIO,SAO,2026-10-05,LATAM,08:45,0,58,2026-10-02 21:35,1339,896,2026-10-04 10:55,21.8,896,3298,0.331,0.331,17
RIO,SAO,2026-10-05,LATAM,08:25,0,58,2026-10-02 21:35,1339,896,2026-10-04 10:55,21.5,896,3298,0.331,0.331,17
CWB,SAO,2026-10-03,LATAM,14:55,0,36,2026-10-01 12:21,1125,754,2026-10-03 11:55,3.0,754,754,0.33,0.33,4
CWB,SAO,2026-10-04,LATAM,09:45,0,50,2026-10-02 03:58,1125,754,2026-10-03 11:55,21.8,754,754,0.33,0.33,23
CWB,SAO,2026-10-04,LATAM,07:10,0,48,2026-10-02 03:58,1125,754,2026-10-03 11:55,19.2,754,754,0.33,0.33,21
CWB,SAO,2026-10-04,LATAM,05:10,0,46,2026-10-02 03:58,1125,754,2026-10-03 11:55,17.2,754,754,0.33,0.33,19
SAO,BSB,2026-10-03,Azul,06:50,0,27,2026-10-01 12:21,1390,932,2026-10-02 17:56,12.9,932,3121,0.329,0.329,9
SAO,BSB,2026-10-03,Azul,21:25,0,42,2026-10-01 12:21,1312,881,2026-10-03 16:55,4.5,881,881,0.329,0.329,4
BSB,SAO,2026-10-02,Gol,20:30,0,15,2026-10-01 12:21,1445,969,2026-10-02 16:13,4.3,969,969,0.329,0.329,4
BSB,SAO,2026-10-02,Gol,19:35,0,14,2026-10-01 12:21,1445,969,2026-10-02 16:13,3.4,969,969,0.329,0.329,3
BSB,SAO,2026-10-03,Gol,06:20,0,26,2026-10-01 12:21,1445,969,2026-10-02 16:13,14.1,969,1362,0.329,0.329,6
SAO,POA,2026-10-04,Azul,13:45,0,53,2026-10-02 03:58,1241,833,2026-10-04 08:55,4.8,833,833,0.329,0.329,18
POA,SAO,2026-10-04,Gol,14:05,0,53,2026-10-02 03:58,1311,880,2026-10-03 18:54,19.2,880,880,0.329,0.329,18
SAO,REC,2026-10-03,Gol,13:30,0,33,2026-10-01 10:18,1414,950,2026-10-02 22:54,14.6,950,2540,0.328,0.328,10
SAO,BHZ,2026-10-02,LATAM,16:10,0,11,2026-10-01 10:18,1360,917,2026-10-01 17:55,22.2,917,933,0.326,0.326,9
SAO,BHZ,2026-10-02,LATAM,22:30,0,18,2026-10-01 10:18,1360,917,2026-10-01 17:55,28.6,933,933,0.326,0.314,16
SAO,BHZ,2026-10-02,LATAM,14:05,0,10,2026-10-01 10:18,1360,917,2026-10-01 17:55,20.2,917,3736,0.326,0.326,7
SAO,BHZ,2026-10-02,LATAM,17:50,0,13,2026-10-01 10:18,1360,917,2026-10-01 17:55,23.9,917,3736,0.326,0.326,10
REC,SAO,2026-10-02,Azul,20:30,0,14,2026-10-01 12:21,1095,738,2026-10-02 17:56,2.6,738,738,0.326,0.326,1
RIO,SAO,2026-10-03,Azul,17:30,0,35,2026-10-01 12:21,1098,741,2026-10-03 13:55,3.6,741,741,0.325,0.325,6
POA,SAO,2026-10-04,Azul,11:20,0,77,2026-10-02 03:58,1268,860,2026-10-04 08:55,2.4,860,4063,0.322,0.322,16
SAO,RIO,2026-10-02,LATAM,21:20,0,19,2026-09-30 15:19,1455,989,2026-10-01 15:42,29.6,989,3298,0.32,0.32,15
SAO,RIO,2026-10-02,LATAM,07:30,0,8,2026-09-30 15:19,1455,989,2026-10-02 03:58,3.5,989,989,0.32,0.32,1
SAO,RIO,2026-10-02,LATAM,20:05,0,17,2026-09-30 15:19,1455,989,2026-10-01 15:42,28.4,989,3298,0.32,0.32,13
SAO,RIO,2026-10-02,LATAM,16:05,0,12,2026-09-30 15:19,1455,989,2026-10-01 15:42,24.4,989,989,0.32,0.32,9
SAO,RIO,2026-10-02,LATAM,06:45,0,8,2026-09-30 15:19,1455,989,2026-10-01 15:42,15.1,989,989,0.32,0.32,5
SAO,RIO,2026-10-02,LATAM,18:05,0,15,2026-09-30 15:19,1455,989,2026-10-01 15:42,26.4,989,3298,0.32,0.32,11
SAO,RIO,2026-10-02,LATAM,19:00,0,16,2026-09-30 15:19,1455,989,2026-10-01 15:42,27.3,989,3298,0.32,0.32,12
SAO,RIO,2026-10-02,LATAM,20:55,0,18,2026-09-30 15:19,1455,989,2026-10-01 15:42,29.2,989,3298,0.32,0.32,14
SAO,RIO,2026-10-02,LATAM,20:35,0,18,2026-09-30 15:19,1455,989,2026-10-01 15:42,28.9,989,3298,0.32,0.32,13
SAO,RIO,2026-10-02,LATAM,13:40,0,10,2026-09-30 15:19,1455,989,2026-10-01 15:42,22.0,989,3862,0.32,0.32,5
SAO,RIO,2026-10-02,LATAM,13:00,0,10,2026-09-30 15:19,1455,989,2026-10-01 15:42,21.3,989,3862,0.32,0.32,5
SAO,RIO,2026-10-02,LATAM,17:00,0,14,2026-09-30 15:19,1455,989,2026-10-01 15:42,25.3,989,3298,0.32,0.32,8
SAO,RIO,2026-10-02,LATAM,19:35,0,16,2026-09-30 15:19,1455,989,2026-10-01 15:42,27.9,989,3298,0.32,0.32,12
SAO,RIO,2026-10-02,LATAM,15:00,0,11,2026-09-30 15:19,1455,989,2026-10-01 15:42,23.3,989,3298,0.32,0.32,7
SAO,RIO,2026-10-02,LATAM,18:30,0,15,2026-09-30 15:19,1455,989,2026-10-01 15:42,26.8,989,3298,0.32,0.32,11
SAO,BHZ,2026-10-02,LATAM,15:45,0,11,2026-10-01 10:18,1387,944,2026-10-01 17:55,21.8,944,3763,0.319,0.319,8
SAO,BHZ,2026-10-02,LATAM,07:30,0,7,2026-10-01 10:18,1387,944,2026-10-01 17:55,13.6,944,1035,0.319,0.319,5
SAO,BHZ,2026-10-02,LATAM,13:20,0,9,2026-10-01 10:18,1387,944,2026-10-01 17:55,19.4,944,3763,0.319,0.319,6
SAO,BHZ,2026-10-02,LATAM,22:15,0,18,2026-10-01 10:18,1387,944,2026-10-01 17:55,28.3,977,977,0.319,0.296,16
SAO,BHZ,2026-10-02,LATAM,21:15,0,18,2026-10-01 10:18,1387,944,2026-10-01 17:55,27.3,977,3763,0.319,0.296,15
SAO,BHZ,2026-10-02,LATAM,18:35,0,14,2026-10-01 10:18,1387,944,2026-10-01 17:55,24.7,977,3763,0.319,0.296,11
SAO,BHZ,2026-10-02,LATAM,06:05,0,7,2026-10-01 10:18,1387,944,2026-10-01 17:55,12.2,944,1035,0.319,0.319,5
BHZ,SAO,2026-10-04,LATAM,07:10,0,49,2026-10-02 03:58,1008,688,2026-10-03 11:55,19.2,688,688,0.317,0.317,22
BHZ,SAO,2026-10-04,LATAM,05:45,0,47,2026-10-02 03:58,1008,688,2026-10-03 11:55,17.8,688,688,0.317,0.317,20
SAO,FLN,2026-10-02,Gol,09:50,0,9,2026-09-30 15:19,3350,2290,2026-10-01 22:03,11.8,2290,2408,0.316,0.316,8
SAO,GYN,2026-10-02,Azul,21:30,0,14,2026-10-01 12:21,3896,2665,2026-10-02 10:48,10.7,2665,2665,0.316,0.316,7
SAO,CWB,2026-10-03,Azul,13:45,0,35,2026-10-01 10:18,1049,722,2026-10-03 11:55,1.8,722,722,0.312,0.312,16
SAO,POA,2026-10-04,Gol,17:15,0,58,2026-10-02 03:58,1210,832,2026-10-04 12:55,4.3,832,832,0.312,0.312,23
SAO,GYN,2026-10-02,Gol,23:00,2,7,2026-10-02 16:13,1435,989,2026-10-02 16:57,6.0,989,989,0.311,0.311,6
RIO,SAO,2026-10-05,Gol,14:55,0,62,2026-10-02 21:35,1217,839,2026-10-03 20:55,42.0,881,2694,0.311,0.276,21
CWB,SAO,2026-10-03,Gol,12:00,0,32,2026-10-01 12:21,1125,776,2026-10-02 20:58,15.0,776,795,0.31,0.31,19
CWB,SAO,2026-10-03,Gol,07:30,0,28,2026-10-01 12:21,1125,776,2026-10-02 20:58,10.5,776,795,0.31,0.31,18
SAO,BSB,2026-10-04,Gol,11:40,0,52,2026-10-02 03:58,1390,960,2026-10-02 20:58,38.7,965,3112,0.309,0.306,31
CWB,SAO,2026-10-03,Azul,15:35,0,34,2026-10-01 12:21,1062,735,2026-10-03 11:55,3.7,735,735,0.308,0.308,16
SAO,REC,2026-10-04,LATAM,08:15,0,50,2026-10-02 03:58,1497,1038,2026-10-03 12:55,19.3,1038,1038,0.307,0.307,34
SAO,CWB,2026-10-03,Gol,06:55,0,29,2026-10-01 10:18,1139,790,2026-10-02 20:58,9.9,790,809,0.306,0.306,17
GYN,SAO,2026-10-03,Gol,11:05,0,31,2026-10-01 12:21,1004,697,2026-10-02 10:48,24.3,697,1744,0.306,0.306,4
GYN,SAO,2026-10-03,Gol,05:20,0,27,2026-10-01 12:21,1004,697,2026-10-02 10:48,18.5,697,1004,0.306,0.306,4
SAO,RIO,2026-10-02,Azul,15:15,0,10,2026-09-30 15:19,1312,912,2026-10-02 10:48,4.5,912,912,0.305,0.305,8
SAO,BHZ,2026-10-02,Azul,20:20,0,14,2026-10-01 10:18,3280,2283,2026-10-02 12:33,7.8,2283,2283,0.304,0.304,6
POA,SAO,2026-10-03,Azul,15:05,0,35,2026-10-01 12:21,1337,931,2026-10-03 11:55,3.2,931,931,0.304,0.304,16
BHZ,SAO,2026-10-03,Gol,15:35,0,36,2026-10-01 12:21,1008,702,2026-10-02 20:58,18.6,702,901,0.304,0.304,20
FLN,RIO,2026-10-02,Gol,15:50,1,3,2026-10-02 10:48,1667,1160,2026-10-02 12:33,3.3,1160,1160,0.304,0.304,2
POA,SAO,2026-10-04,Azul,16:05,0,56,2026-10-02 03:58,1234,860,2026-10-04 08:55,7.2,860,860,0.303,0.303,21
RIO,FLN,2026-10-02,Gol,17:20,1,3,2026-10-02 03:58,1673,1166,2026-10-02 12:33,4.8,1166,1166,0.303,0.303,1
CWB,SAO,2026-10-03,LATAM,17:00,0,38,2026-10-01 12:21,1062,741,2026-10-03 11:55,5.1,741,741,0.302,0.302,6
CWB,SAO,2026-10-04,LATAM,17:20,0,59,2026-10-02 03:58,1062,741,2026-10-04 16:55,0.4,741,741,0.302,0.302,2
CWB,SAO,2026-10-04,LATAM,18:40,0,60,2026-10-02 03:58,1062,741,2026-10-03 14:53,27.8,741,741,0.302,0.302,26
CWB,SAO,2026-10-02,Gol,20:15,0,14,2026-10-01 12:21,1125,787,2026-10-02 16:13,4.0,787,787,0.3,0.3,5
CWB,SAO,2026-10-02,Gol,18:25,0,12,2026-10-01 12:21,1125,787,2026-10-02 16:13,2.2,787,787,0.3,0.3,3
SAO,GYN,2026-10-04,LATAM,16:10,0,57,2026-10-02 03:58,921,645,2026-10-04 12:55,3.2,645,2925,0.3,0.3,4
CWB,SAO,2026-10-03,Gol,15:30,0,35,2026-10-01 12:21,1125,789,2026-10-03 10:53,4.6,789,789,0.299,0.299,23
SAO,CWB,2026-10-03,LATAM,17:10,0,40,2026-10-01 10:18,1076,755,2026-10-03 11:55,5.2,755,755,0.298,0.298,6
CWB,SAO,2026-10-03,Gol,06:10,0,26,2026-10-01 12:21,1125,790,2026-10-02 20:58,9.2,790,809,0.298,0.298,17
SAO,CWB,2026-10-04,LATAM,21:35,0,63,2026-10-02 03:58,1076,755,2026-10-03 12:55,32.7,755,755,0.298,0.298,36
SAO,CWB,2026-10-04,LATAM,16:45,0,57,2026-10-02 03:58,1076,755,2026-10-03 12:55,27.8,755,755,0.298,0.298,30
SAO,CWB,2026-10-04,LATAM,15:25,0,56,2026-10-02 03:58,1076,755,2026-10-03 12:55,26.5,755,755,0.298,0.298,29
CWB,SAO,2026-10-04,Gol,06:10,0,46,2026-10-02 03:58,1125,790,2026-10-02 20:58,33.2,809,906,0.298,0.281,18
REC,SAO,2026-10-05,LATAM,02:45,0,51,2026-10-02 21:35,1301,913,2026-10-03 18:54,31.9,913,2315,0.298,0.298,18
CGB,SAO,2026-10-05,LATAM,04:35,1,53,2026-10-03 00:55,2281,1602,2026-10-03 09:55,42.7,1990,2205,0.298,0.128,2
SAO,FLN,2026-10-03,Gol,09:05,0,32,2026-10-01 10:18,3729,2621,2026-10-02 18:55,14.2,2621,3839,0.297,0.297,2
SAO,CWB,2026-10-02,Gol,20:15,0,16,2026-10-01 10:18,1139,801,2026-10-02 16:13,4.0,801,801,0.297,0.297,5
SAO,CWB,2026-10-03,Gol,15:30,0,37,2026-10-01 10:18,1139,801,2026-10-02 16:13,23.3,801,1139,0.297,0.297,14
SAO,CWB,2026-10-03,Gol,08:55,0,30,2026-10-01 10:18,1139,801,2026-10-02 16:13,16.7,801,1075,0.297,0.297,12
BHZ,SAO,2026-10-03,Azul,14:25,0,34,2026-10-01 12:21,950,670,2026-10-03 08:54,5.5,670,670,0.295,0.295,15
BHZ,SAO,2026-10-03,LATAM,17:25,0,39,2026-10-01 12:21,950,670,2026-10-03 11:55,5.5,670,670,0.295,0.295,6
SAO,CWB,2026-10-03,LATAM,17:40,0,40,2026-10-01 10:18,1049,741,2026-10-03 11:55,5.8,741,741,0.294,0.294,6
SAO,CWB,2026-10-03,LATAM,15:45,0,38,2026-10-01 10:18,1049,741,2026-10-03 11:55,3.8,741,741,0.294,0.294,4
SAO,CWB,2026-10-04,LATAM,17:40,0,58,2026-10-02 03:58,1049,741,2026-10-03 12:55,28.8,741,741,0.294,0.294,27
SAO,CWB,2026-10-04,LATAM,23:05,0,63,2026-10-02 03:58,1049,741,2026-10-03 12:55,34.2,741,2412,0.294,0.294,6
SAO,CWB,2026-10-04,LATAM,15:35,0,56,2026-10-02 03:58,1049,741,2026-10-03 12:55,26.7,741,741,0.294,0.294,29
CWB,SAO,2026-10-03,Azul,10:40,0,29,2026-10-01 12:21,1062,751,2026-10-02 17:56,16.7,751,751,0.293,0.293,11
CWB,SAO,2026-10-03,Azul,06:50,0,26,2026-10-01 12:21,1062,751,2026-10-02 17:56,12.9,751,2689,0.293,0.293,9
SAO,GYN,2026-10-04,Gol,20:55,0,63,2026-10-02 03:58,787,558,2026-10-04 08:55,12.0,558,576,0.291,0.291,29
CWB,SAO,2026-10-03,Azul,10:45,0,30,2026-10-01 12:21,1062,754,2026-10-03 08:54,1.9,754,754,0.29,0.29,12
SAO,REC,2026-10-04,Azul,07:40,0,47,2026-10-02 03:58,1460,1037,2026-10-03 08:54,22.8,1037,2904,0.29,0.29,15
CWB,SAO,2026-10-04,LATAM,19:20,0,61,2026-10-02 03:58,1062,754,2026-10-04 14:55,4.4,754,754,0.29,0.29,5
SAO,CWB,2026-10-03,Azul,08:50,0,30,2026-10-01 10:18,1076,765,2026-10-02 16:57,15.9,765,765,0.289,0.289,11
POA,SAO,2026-10-04,Gol,18:40,0,59,2026-10-02 03:58,1237,880,2026-10-03 18:54,23.8,880,1155,0.289,0.289,10
POA,SAO,2026-10-03,Azul,16:55,0,37,2026-10-01 12:21,1238,881,2026-10-03 13:55,3.0,881,881,0.288,0.288,2
POA,SAO,2026-10-03,Azul,11:40,0,32,2026-10-01 12:21,1337,952,2026-10-03 08:54,2.8,952,952,0.288,0.288,13
SAO,BSB,2026-10-04,Gol,06:00,0,92,2026-10-02 03:58,1237,882,2026-10-03 18:54,11.1,882,946,0.287,0.287,32
SAO,RIO,2026-10-03,LATAM,12:15,0,33,2026-10-01 10:18,1219,870,2026-10-03 00:55,11.3,870,870,0.286,0.286,11
SAO,RIO,2026-10-03,LATAM,07:35,0,29,2026-10-01 10:18,1219,870,2026-10-03 00:55,6.7,870,3455,0.286,0.286,6
BHZ,SAO,2026-10-03,Gol,08:40,0,29,2026-10-01 12:21,1008,722,2026-10-02 16:13,16.4,722,901,0.284,0.284,6
BHZ,SAO,2026-10-03,Gol,06:05,0,27,2026-10-01 12:21,1008,722,2026-10-02 16:13,13.9,722,901,0.284,0.284,16
SAO,REC,2026-10-03,Gol,08:45,0,29,2026-10-01 10:18,1414,1014,2026-10-01 22:03,34.7,1109,1143,0.283,0.216,4
SAO,CWB,2026-10-02,Gol,22:45,0,19,2026-10-01 10:18,1112,797,2026-10-02 16:13,6.5,797,2518,0.283,0.283,6
SAO,CWB,2026-10-03,Gol,10:00,0,31,2026-10-01 10:18,1112,797,2026-10-02 16:13,17.8,797,1112,0.283,0.283,9
SAO,BHZ,2026-10-02,Gol,22:20,0,18,2026-10-01 10:18,1008,723,2026-10-02 16:13,6.1,723,880,0.283,0.283,8
SAO,RIO,2026-10-04,Azul,16:45,0,44,2026-10-02 03:58,902,647,2026-10-03 13:55,26.8,647,647,0.283,0.283,21
SAO,POA,2026-10-05,Gol,09:05,0,59,2026-10-02 21:35,1189,853,2026-10-03 18:54,38.2,853,3909,0.283,0.283,18
CWB,SAO,2026-10-03,Azul,19:15,0,38,2026-10-01 12:21,875,628,2026-10-03 13:55,5.3,628,628,0.282,0.282,4
SAO,POA,2026-10-04,Gol,13:55,0,53,2026-10-02 03:58,1295,930,2026-10-04 08:55,5.0,930,930,0.282,0.282,27
SAO,POA,2026-10-04,Gol,14:55,0,54,2026-10-02 03:58,1295,930,2026-10-04 08:55,6.0,930,930,0.282,0.282,28
POA,SAO,2026-10-04,Gol,14:55,0,54,2026-10-02 03:58,1295,930,2026-10-04 10:55,4.0,930,930,0.282,0.282,27
POA,SAO,2026-10-04,Gol,13:50,0,53,2026-10-02 03:58,1295,930,2026-10-04 08:55,4.9,930,930,0.282,0.282,27
POA,SAO,2026-10-04,Gol,12:40,0,53,2026-10-02 03:58,1295,930,2026-10-04 08:55,3.8,930,1141,0.282,0.282,25
RIO,SAO,2026-10-03,LATAM,13:55,0,33,2026-10-01 12:21,1246,896,2026-10-03 00:55,13.0,896,896,0.281,0.281,12
POA,SAO,2026-10-03,Gol,12:35,0,33,2026-10-01 12:21,1388,998,2026-10-02 20:58,15.6,998,999,0.281,0.281,19
POA,SAO,2026-10-04,Gol,07:05,0,49,2026-10-02 03:58,1388,998,2026-10-02 20:58,34.1,999,1635,0.281,0.28,22
POA,SAO,2026-10-04,Gol,09:15,0,50,2026-10-02 03:58,1388,998,2026-10-02 20:58,36.3,999,1635,0.281,0.28,24
CGB,SAO,2026-10-05,Azul,10:55,0,63,2026-10-02 21:35,3044,2188,2026-10-05 09:55,1.0,2188,2188,0.281,0.281,1
CWB,SAO,2026-10-02,Gol,19:05,0,13,2026-10-01 12:21,1125,810,2026-10-02 16:13,2.9,810,810,0.28,0.28,8
SAO,CWB,2026-10-03,Azul,17:25,0,38,2026-10-01 10:18,888,642,2026-10-03 13:55,3.5,642,642,0.277,0.277,2
SAO,CWB,2026-10-03,Azul,20:35,0,42,2026-10-01 10:18,888,642,2026-10-03 13:55,6.7,642,642,0.277,0.277,6
BHZ,SAO,2026-10-04,Gol,12:10,0,52,2026-10-02 03:58,998,722,2026-10-02 16:13,44.0,793,793,0.277,0.205,28
SAO,RIO,2026-10-03,LATAM,08:15,0,30,2026-10-01 10:18,1217,881,2026-10-01 15:42,40.5,881,3455,0.276,0.276,11
SAO,CWB,2026-10-03,Azul,09:10,0,30,2026-10-01 10:18,1049,760,2026-10-02 16:57,16.2,760,760,0.276,0.276,11
SAO,BHZ,2026-10-03,LATAM,16:10,0,38,2026-10-01 10:18,950,688,2026-10-03 11:55,4.2,688,688,0.276,0.276,5
SAO,BHZ,2026-10-03,LATAM,17:50,0,39,2026-10-01 10:18,950,688,2026-10-03 11:55,5.9,688,688,0.276,0.276,6
RIO,SAO,2026-10-02,LATAM,15:20,0,22,2026-10-01 12:21,1217,881,2026-10-01 15:42,23.6,881,3835,0.276,0.276,5
RIO,SAO,2026-10-02,LATAM,18:35,0,14,2026-10-01 12:21,1217,881,2026-10-01 15:42,26.9,881,3835,0.276,0.276,12
RIO,SAO,2026-10-02,LATAM,07:00,0,7,2026-10-01 12:21,1217,881,2026-10-01 15:42,15.3,881,881,0.276,0.276,6
RIO,SAO,2026-10-02,LATAM,19:00,0,15,2026-10-01 12:21,1217,881,2026-10-01 15:42,27.3,881,3835,0.276,0.276,13
RIO,SAO,2026-10-02,LATAM,09:00,0,7,2026-10-01 12:21,1217,881,2026-10-01 15:42,17.3,881,881,0.276,0.276,6
RIO,SAO,2026-10-02,LATAM,12:15,0,8,2026-10-01 12:21,1217,881,2026-10-01 15:42,20.6,881,881,0.276,0.276,7
RIO,SAO,2026-10-02,LATAM,07:40,0,7,2026-10-01 12:21,1217,881,2026-10-01 15:42,16.0,881,881,0.276,0.276,6
RIO,SAO,2026-10-02,LATAM,05:00,0,7,2026-10-01 12:21,1217,881,2026-10-01 15:42,13.3,881,881,0.276,0.276,6
BHZ,SAO,2026-10-03,Azul,07:50,0,28,2026-10-01 12:21,950,688,2026-10-02 17:56,13.9,688,2137,0.276,0.276,9
SAO,FLN,2026-10-01,LATAM,19:05,0,7,2026-09-30 15:19,3354,2432,2026-10-01 15:42,3.4,2432,3862,0.275,0.275,3
SAO,FLN,2026-10-01,LATAM,19:40,0,7,2026-09-30 15:19,3354,2432,2026-10-01 15:42,4.0,2432,2432,0.275,0.275,4
SAO,FLN,2026-10-01,LATAM,18:05,0,6,2026-09-30 15:19,3354,2432,2026-10-01 15:42,2.4,2432,3862,0.275,0.275,2
FLN,SAO,2026-10-01,LATAM,19:30,0,7,2026-09-30 15:19,3348,2426,2026-10-01 15:42,3.8,2426,2426,0.275,0.275,4
FLN,SAO,2026-10-01,LATAM,20:55,0,7,2026-09-30 15:19,3348,2426,2026-10-01 15:42,5.2,2426,2426,0.275,0.275,4
FLN,SAO,2026-10-01,LATAM,17:05,0,5,2026-09-30 15:19,3348,2426,2026-10-01 15:42,1.4,2426,3856,0.275,0.275,1
BHZ,SAO,2026-10-03,Azul,19:15,0,39,2026-10-01 12:21,781,567,2026-10-03 13:55,5.3,567,567,0.274,0.274,4
BHZ,SAO,2026-10-03,Azul,21:00,0,42,2026-10-01 12:21,781,567,2026-10-03 13:55,7.1,567,567,0.274,0.274,7
REC,SAO,2026-10-02,Gol,17:20,0,12,2026-10-01 12:21,1578,1145,2026-10-02 13:55,3.4,1145,1761,0.274,0.274,2
SAO,RIO,2026-10-02,Gol,16:55,0,12,2026-09-30 15:19,1206,878,2026-10-02 12:33,4.4,878,1445,0.272,0.272,7
SAO,RIO,2026-10-02,Gol,18:45,0,14,2026-09-30 15:19,1206,878,2026-10-02 12:33,6.2,878,882,0.272,0.272,9
SAO,RIO,2026-10-02,Gol,20:25,0,16,2026-09-30 15:19,1206,878,2026-10-02 12:33,7.9,878,878,0.272,0.272,8
SAO,RIO,2026-10-02,Gol,16:05,0,11,2026-09-30 15:19,1206,878,2026-10-02 12:33,3.5,878,3692,0.272,0.272,7
SAO,RIO,2026-10-02,Gol,16:30,0,12,2026-09-30 15:19,1206,878,2026-10-02 12:33,4.0,878,3692,0.272,0.272,7
POA,SAO,2026-10-03,Azul,05:50,0,26,2026-10-01 12:21,1337,974,2026-10-02 17:56,11.9,974,3354,0.272,0.272,9
POA,SAO,2026-10-03,Azul,09:00,0,29,2026-10-01 12:21,1337,974,2026-10-02 17:56,15.1,974,974,0.272,0.272,10
CWB,SAO,2026-10-03,Azul,05:40,0,24,2026-10-01 12:21,1062,773,2026-10-02 17:56,11.7,773,2689,0.272,0.272,9
SAO,GYN,2026-10-04,Gol,16:40,0,56,2026-10-02 03:58,922,672,2026-10-03 18:54,21.8,672,672,0.271,0.271,22
SAO,GYN,2026-10-04,Gol,13:20,0,52,2026-10-02 03:58,922,672,2026-10-03 18:54,18.4,672,1298,0.271,0.271,15
GYN,SAO,2026-10-05,Gol,13:15,0,62,2026-10-02 21:35,1063,775,2026-10-05 09:55,3.3,775,775,0.271,0.271,3
GYN,SAO,2026-10-05,Gol,15:55,0,64,2026-10-02 21:35,1063,775,2026-10-05 09:55,6.0,775,775,0.271,0.271,5
REC,SAO,2026-10-05,Gol,10:50,1,6,2026-10-04 19:55,1609,1173,2026-10-05 08:55,1.9,1173,1904,0.271,0.271,1
SAO,REC,2026-10-02,LATAM,23:00,0,18,2026-10-01 10:18,1148,838,2026-10-02 12:33,10.4,838,838,0.27,0.27,14
SAO,RIO,2026-10-02,Gol,13:05,0,16,2026-09-30 15:19,1206,881,2026-10-01 10:18,26.8,881,1217,0.269,0.269,11
SAO,CWB,2026-10-03,LATAM,23:05,0,44,2026-10-01 10:18,1013,741,2026-10-03 19:55,3.2,741,741,0.269,0.269,2
REC,SAO,2026-10-05,Gol,12:50,0,46,2026-10-02 21:35,2477,1812,2026-10-03 18:54,41.9,1812,2957,0.268,0.268,27
SAO,FLN,2026-10-03,Azul,13:20,0,34,2026-10-01 10:18,4164,3053,2026-10-02 10:48,26.5,3053,3053,0.267,0.267,26
SAO,FLN,2026-10-03,Azul,10:10,0,31,2026-10-01 10:18,4164,3053,2026-10-02 10:48,23.4,3053,3053,0.267,0.267,23
SAO,FLN,2026-10-03,Azul,18:05,0,38,2026-10-01 10:18,4164,3053,2026-10-02 10:48,31.3,3053,3053,0.267,0.267,30
SAO,FLN,2026-10-03,Azul,06:20,0,27,2026-10-01 10:18,4164,3053,2026-10-02 10:48,19.5,3053,3053,0.267,0.267,19
SAO,FLN,2026-10-04,Azul,09:15,0,48,2026-10-02 03:58,4164,3053,2026-10-02 10:48,46.5,3053,3053,0.267,0.267,47
SAO,RIO,2026-10-01,Azul,18:55,0,2,2026-09-30 15:19,1312,963,2026-10-01 10:18,8.6,963,963,0.266,0.266,1
SAO,RIO,2026-10-01,Azul,15:15,0,3,2026-09-30 15:19,1312,963,2026-10-01 10:18,5.0,963,3426,0.266,0.266,1
SAO,RIO,2026-10-01,Azul,23:20,0,6,2026-09-30 15:19,1312,963,2026-10-01 10:18,13.0,963,963,0.266,0.266,5
SAO,RIO,2026-10-02,Azul,07:55,0,8,2026-09-30 15:19,1312,963,2026-10-01 10:18,21.6,963,3426,0.266,0.266,6
SAO,RIO,2026-10-02,Azul,11:35,0,8,2026-09-30 15:19,1312,963,2026-10-01 10:18,25.3,963,3426,0.266,0.266,6
FLN,SAO,2026-10-03,Azul,20:00,0,40,2026-10-01 10:18,4185,3074,2026-10-02 10:48,33.2,3074,3074,0.265,0.265,32
FLN,SAO,2026-10-03,Azul,18:40,0,37,2026-10-01 10:18,4185,3074,2026-10-02 10:48,31.9,3074,3074,0.265,0.265,29
FLN,SAO,2026-10-03,Azul,08:15,0,29,2026-10-01 10:18,4185,3074,2026-10-02 10:48,21.4,3074,3074,0.265,0.265,21
SAO,POA,2026-10-02,Gol,17:20,0,13,2026-10-01 10:18,1388,1020,2026-10-02 16:13,1.1,1020,1020,0.265,0.265,1
SAO,POA,2026-10-02,Gol,18:35,0,14,2026-10-01 10:18,1388,1020,2026-10-02 16:13,2.4,1020,1020,0.265,0.265,2
SAO,POA,2026-10-03,Gol,08:05,0,28,2026-10-01 10:18,1388,1020,2026-10-02 16:13,15.9,1020,3344,0.265,0.265,4
SAO,BHZ,2026-10-03,Azul,20:25,0,41,2026-10-01 10:18,808,594,2026-10-03 13:55,6.5,594,594,0.265,0.265,6
CWB,SAO,2026-10-03,LATAM,19:20,0,41,2026-10-01 12:21,1026,754,2026-10-03 13:55,5.4,754,3261,0.265,0.265,3
GYN,SAO,2026-10-03,Azul,05:50,1,21,2026-10-02 10:48,1858,1366,2026-10-02 18:55,10.9,1366,1366,0.265,0.265,14
GYN,SAO,2026-10-04,Azul,05:50,1,29,2026-10-02 10:48,1858,1366,2026-10-03 21:54,7.9,1366,1366,0.265,0.265,6
REC,SAO,2026-10-02,LATAM,16:15,0,12,2026-10-01 12:21,1173,863,2026-10-02 12:33,3.7,863,3388,0.264,0.264,8
REC,SAO,2026-10-02,LATAM,18:20,0,14,2026-10-01 12:21,1173,863,2026-10-02 12:33,5.8,863,3388,0.264,0.264,10
REC,SAO,2026-10-02,LATAM,13:35,0,9,2026-10-01 12:21,1173,863,2026-10-02 12:33,1.0,863,863,0.264,0.264,6
SAO,RIO,2026-10-02,LATAM,17:45,0,28,2026-09-30 15:19,1195,881,2026-10-01 15:42,26.1,881,3835,0.263,0.263,10
SAO,RIO,2026-10-02,LATAM,19:55,0,16,2026-09-30 15:19,1195,881,2026-10-01 15:42,28.2,881,881,0.263,0.263,13
SAO,RIO,2026-10-02,LATAM,20:45,0,18,2026-09-30 15:19,1195,881,2026-10-01 15:42,29.1,881,3835,0.263,0.263,13
SAO,RIO,2026-10-02,LATAM,09:45,0,7,2026-09-30 15:19,1195,881,2026-10-01 15:42,18.1,881,881,0.263,0.263,4
SAO,RIO,2026-10-02,LATAM,23:15,0,19,2026-09-30 15:19,1195,881,2026-10-01 15:42,31.6,881,881,0.263,0.263,16
SAO,RIO,2026-10-02,LATAM,06:50,0,8,2026-09-30 15:19,1195,881,2026-10-01 15:42,15.1,881,881,0.263,0.263,5
POA,SAO,2026-10-03,Gol,16:35,0,38,2026-10-01 12:21,1355,998,2026-10-02 20:58,19.6,998,999,0.263,0.263,24
SAO,GYN,2026-10-03,Azul,10:25,1,22,2026-10-02 10:48,1870,1378,2026-10-02 20:58,13.4,1378,1378,0.263,0.263,21
SAO,GYN,2026-10-04,Azul,06:15,1,44,2026-10-02 10:48,1942,1431,2026-10-02 18:55,35.3,1431,1431,0.263,0.263,41
SAO,REC,2026-10-02,LATAM,20:45,0,17,2026-10-01 10:18,1148,847,2026-10-01 17:55,26.8,983,3363,0.262,0.144,3
SAO,REC,2026-10-03,LATAM,12:30,0,34,2026-10-01 10:18,1148,847,2026-10-01 17:55,42.6,888,3030,0.262,0.226,14
SAO,BHZ,2026-10-03,LATAM,19:40,0,42,2026-10-01 10:18,944,697,2026-10-03 11:55,7.8,697,697,0.262,0.262,9
SAO,BHZ,2026-10-03,LATAM,22:15,0,44,2026-10-01 10:18,944,697,2026-10-03 11:55,10.3,697,697,0.262,0.262,11
SAO,BHZ,2026-10-03,LATAM,21:05,0,44,2026-10-01 10:18,944,697,2026-10-03 11:55,9.2,697,697,0.262,0.262,11
SAO,POA,2026-10-04,Azul,18:30,0,58,2026-10-02 03:58,1129,833,2026-10-04 08:55,9.6,833,833,0.262,0.262,23
SAO,REC,2026-10-05,Gol,06:55,0,57,2026-10-02 21:35,2139,1578,2026-10-03 16:55,38.0,1991,2139,0.262,0.069,3
SAO,FLN,2026-10-03,Azul,22:40,0,43,2026-10-01 10:18,5032,3718,2026-10-02 10:48,35.9,3718,4434,0.261,0.261,29
SAO,GYN,2026-10-03,LATAM,07:25,0,27,2026-10-01 15:42,834,618,2026-10-03 00:55,6.5,618,2898,0.259,0.259,6
SAO,GYN,2026-10-03,LATAM,12:20,0,32,2026-10-01 15:42,834,618,2026-10-03 00:55,11.4,618,678,0.259,0.259,12
BHZ,SAO,2026-10-02,Azul,21:45,0,14,2026-10-01 15:42,927,688,2026-10-02 17:56,3.8,688,688,0.258,0.258,2
BHZ,SAO,2026-10-02,Azul,20:15,0,13,2026-10-01 15:42,927,688,2026-10-02 17:56,2.3,688,688,0.258,0.258,1
SAO,BHZ,2026-10-04,Gol,13:30,0,52,2026-10-02 03:58,974,723,2026-10-02 16:13,45.3,794,794,0.258,0.185,28
CWB,SAO,2026-10-03,LATAM,19:00,0,41,2026-10-01 12:21,997,741,2026-10-03 11:55,7.1,741,741,0.257,0.257,9
REC,SAO,2026-10-02,LATAM,02:45,0,6,2026-10-01 12:21,1173,872,2026-10-01 17:55,8.8,872,872,0.257,0.257,5
REC,SAO,2026-10-02,LATAM,05:15,0,7,2026-10-01 12:21,1173,872,2026-10-01 17:55,11.3,872,1008,0.257,0.257,5
REC,SAO,2026-10-02,LATAM,11:25,0,8,2026-10-01 12:21,1173,872,2026-10-01 17:55,17.5,872,3388,0.257,0.257,5
SAO,REC,2026-10-04,Azul,13:10,0,53,2026-10-02 03:58,959,713,2026-10-02 17:56,43.2,3069,3069,0.257,-2.2,3
REC,SAO,2026-10-05,LATAM,11:25,0,62,2026-10-02 21:35,2315,1720,2026-10-03 19:55,39.5,1720,3388,0.257,0.257,23
BSB,SAO,2026-10-04,Gol,15:00,0,53,2026-10-02 03:58,1253,932,2026-10-02 20:58,42.0,2406,2541,0.256,-0.92,19
SAO,FOR,2026-10-03,Gol,12:05,0,32,2026-10-01 12:21,1369,1020,2026-10-01 22:03,38.0,1020,1932,0.255,0.255,12
BHZ,SAO,2026-10-03,Azul,21:45,0,42,2026-10-01 12:21,781,582,2026-10-03 13:55,7.8,582,582,0.255,0.255,7
FOR,SAO,2026-10-02,Gol,16:10,0,11,2026-10-01 12:21,1366,1018,2026-10-01 22:03,18.1,1018,1068,0.255,0.255,6
FOR,SAO,2026-10-02,Gol,08:55,0,7,2026-10-01 12:21,1366,1018,2026-10-01 22:03,10.9,1018,1068,0.255,0.255,3
FOR,SAO,2026-10-03,Gol,14:00,0,34,2026-10-01 12:21,1366,1017,2026-10-02 16:13,21.8,1017,1017,0.255,0.255,29
FLN,RIO,2026-10-03,LATAM,08:40,1,29,2026-10-01 15:42,1667,1242,2026-10-03 06:54,1.8,1242,3477,0.255,0.255,1
FLN,RIO,2026-10-04,LATAM,09:15,1,49,2026-10-02 03:58,1667,1242,2026-10-03 00:55,32.3,1242,1307,0.255,0.255,34
RIO,FLN,2026-10-04,LATAM,06:10,1,42,2026-10-02 03:58,1673,1247,2026-10-03 00:55,29.2,1247,1313,0.255,0.255,26
RIO,FLN,2026-10-04,LATAM,08:55,1,51,2026-10-02 03:58,1673,1247,2026-10-03 00:55,32.0,1247,1247,0.255,0.255,34
GYN,SAO,2026-10-03,LATAM,09:50,0,31,2026-10-01 12:21,849,633,2026-10-03 00:55,8.9,633,2913,0.254,0.254,8
GYN,SAO,2026-10-03,LATAM,14:40,0,36,2026-10-01 12:21,849,633,2026-10-03 00:55,13.8,633,693,0.254,0.254,14
GYN,SAO,2026-10-03,LATAM,04:45,0,26,2026-10-01 12:21,849,633,2026-10-03 00:55,3.8,633,2913,0.254,0.254,3
FLN,RIO,2026-10-05,Gol,10:40,0,62,2026-10-02 21:35,2043,1525,2026-10-04 17:55,16.8,1525,2043,0.254,0.254,1
SAO,CWB,2026-10-03,LATAM,20:00,0,44,2026-10-01 10:18,1011,755,2026-10-03 11:55,8.1,755,755,0.253,0.253,10
SAO,CGB,2026-10-03,LATAM,05:40,1,10,2026-10-01 12:21,2121,1587,2026-10-02 12:33,17.1,1587,1587,0.252,0.252,2
BSB,SAO,2026-10-04,Gol,13:30,0,52,2026-10-02 03:58,1253,937,2026-10-03 10:53,26.6,937,2270,0.252,0.252,45
SAO,BHZ,2026-10-03,LATAM,22:30,0,44,2026-10-01 10:18,917,688,2026-10-03 11:55,10.6,688,688,0.25,0.25,11
BHZ,SAO,2026-10-03,LATAM,18:00,0,40,2026-10-01 12:21,917,688,2026-10-03 11:55,6.1,688,688,0.25,0.25,7
BHZ,SAO,2026-10-03,LATAM,19:50,0,42,2026-10-01 12:21,917,688,2026-10-03 11:55,7.9,688,688,0.25,0.25,9
SSA,SAO,2026-10-02,Gol,18:20,0,13,2026-10-01 12:21,1166,874,2026-10-02 12:33,5.8,874,874,0.25,0.25,6
SAO,RIO,2026-10-04,Gol,10:50,0,51,2026-10-02 03:58,989,742,2026-10-04 08:55,1.9,742,742,0.25,0.25,16
SAO,RIO,2026-10-04,Gol,11:20,0,51,2026-10-02 03:58,989,742,2026-10-04 08:55,2.4,742,742,0.25,0.25,16
SAO,BSB,2026-10-04,Azul,13:15,0,52,2026-10-02 03:58,1346,1010,2026-10-04 08:55,4.3,1010,1010,0.25,0.25,18
SAO,BSB,2026-10-04,Gol,13:30,0,30,2026-10-02 03:58,1280,960,2026-10-02 20:58,40.5,965,965,0.25,0.246,25
SAO,BSB,2026-10-04,Gol,15:20,0,30,2026-10-02 03:58,1280,960,2026-10-02 20:58,42.4,,965,0.25,,25
CWB,SAO,2026-10-03,Gol,19:40,0,41,2026-10-01 12:21,887,667,2026-10-03 18:54,0.8,667,667,0.248,0.248,1
SAO,POA,2026-10-04,Gol,12:15,0,52,2026-10-02 03:58,1327,998,2026-10-02 20:58,39.3,999,3158,0.248,0.247,24
REC,SAO,2026-10-01,Gol,18:35,0,3,2026-10-01 12:21,1458,1098,2026-10-01 15:42,2.9,1098,1098,0.247,0.247,2
SAO,GYN,2026-10-03,LATAM,16:25,0,36,2026-10-01 15:42,943,710,2026-10-01 22:03,42.4,713,2925,0.247,0.244,10
POA,SAO,2026-10-02,Gol,20:20,0,15,2026-10-01 15:42,1355,1021,2026-10-02 16:13,4.1,1021,1021,0.246,0.246,5
SSA,SAO,2026-10-05,Gol,07:50,0,60,2026-10-02 21:35,2163,1631,2026-10-03 18:54,36.9,1631,2680,0.246,0.246,20
SAO,RIO,2026-10-02,Gol,08:00,0,7,2026-09-30 15:19,1206,911,2026-10-01 18:18,13.7,911,911,0.245,0.245,6
SAO,RIO,2026-10-02,Gol,07:00,0,8,2026-09-30 15:19,1206,911,2026-10-01 16:55,14.1,911,933,0.245,0.245,7
SAO,RIO,2026-10-02,Gol,07:30,0,7,2026-09-30 15:19,1206,911,2026-10-01 16:55,14.6,911,911,0.245,0.245,6
SAO,RIO,2026-10-02,Gol,06:25,0,8,2026-09-30 15:19,1206,911,2026-10-01 16:55,13.5,911,933,0.245,0.245,7
RIO,FLN,2026-10-03,LATAM,20:10,1,10,2026-10-03 09:55,2003,1512,2026-10-03 14:53,5.3,1512,3482,0.245,0.245,2
SAO,POA,2026-10-04,Gol,08:50,0,44,2026-10-02 03:58,1326,1002,2026-10-03 16:55,15.9,1002,1262,0.244,0.244,16
SAO,POA,2026-10-03,Azul,06:25,0,26,2026-10-01 10:18,1286,973,2026-10-02 16:57,13.5,973,3354,0.243,0.243,10
SAO,CWB,2026-10-04,Gol,17:20,0,57,2026-10-02 03:58,797,605,2026-10-04 12:55,4.4,605,605,0.241,0.241,23
SAO,CGB,2026-10-03,LATAM,16:55,1,20,2026-10-02 13:55,2514,1912,2026-10-03 12:55,4.0,1912,1912,0.239,0.239,4
RIO,SAO,2026-10-05,Gol,10:40,0,60,2026-10-02 21:35,966,735,2026-10-04 12:55,21.8,735,1481,0.239,0.239,9
SAO,RIO,2026-10-05,Gol,07:30,0,57,2026-10-02 21:35,965,735,2026-10-04 12:55,18.6,735,933,0.238,0.238,27
REC,SAO,2026-10-05,LATAM,11:05,1,60,2026-10-03 00:55,1268,966,2026-10-03 12:55,46.2,966,1623,0.238,0.238,39
SAO,POA,2026-10-03,LATAM,15:15,0,72,2026-10-01 10:18,1326,1012,2026-10-03 11:55,3.3,1012,3482,0.237,0.237,4
SAO,POA,2026-10-03,LATAM,12:55,0,33,2026-10-01 10:18,1326,1012,2026-10-03 11:55,1.0,1012,1012,0.237,0.237,1
SAO,POA,2026-10-04,LATAM,07:35,0,49,2026-10-02 03:58,1326,1012,2026-10-03 11:55,19.7,1012,3455,0.237,0.237,16
SAO,POA,2026-10-04,LATAM,09:30,0,52,2026-10-02 03:58,1326,1012,2026-10-03 11:55,21.6,1012,1012,0.237,0.237,25
SAO,CGB,2026-10-05,Azul,14:50,0,64,2026-10-02 21:35,2973,2267,2026-10-05 09:55,4.9,2267,2267,0.237,0.237,3
SAO,POA,2026-10-02,Gol,09:05,0,8,2026-10-01 10:18,1330,1018,2026-10-01 22:03,11.0,1018,1326,0.235,0.235,5
SAO,POA,2026-10-02,Gol,22:55,0,19,2026-10-01 10:18,1330,1018,2026-10-01 22:03,24.9,1062,1062,0.235,0.202,9
SAO,POA,2026-10-02,Gol,18:45,0,14,2026-10-01 10:18,1330,1018,2026-10-01 22:03,20.7,1018,1210,0.235,0.235,5
SAO,POA,2026-10-02,Gol,14:00,0,10,2026-10-01 10:18,1330,1018,2026-10-01 22:03,15.9,1018,1284,0.235,0.235,5
SAO,GYN,2026-10-02,Gol,20:40,0,15,2026-10-01 12:21,922,705,2026-10-02 16:13,4.5,705,1756,0.235,0.235,1
SAO,BSB,2026-10-04,Gol,08:40,0,48,2026-10-02 03:58,1237,946,2026-10-03 18:54,13.8,946,946,0.235,0.235,43
BSB,SAO,2026-10-04,Gol,05:55,0,45,2026-10-02 03:58,1236,945,2026-10-03 18:54,11.0,945,945,0.235,0.235,40
SAO,CWB,2026-10-02,Gol,13:55,0,10,2026-10-01 10:18,1112,852,2026-10-01 22:03,15.9,852,1102,0.234,0.234,5
SAO,CWB,2026-10-02,Gol,09:35,0,8,2026-10-01 10:18,1112,852,2026-10-01 22:03,11.5,852,1112,0.234,0.234,5
SAO,CWB,2026-10-02,Gol,17:10,0,12,2026-10-01 10:18,1112,852,2026-10-01 22:03,19.1,852,1075,0.234,0.234,5
SAO,RIO,2026-10-04,Gol,13:05,0,103,2026-10-02 03:58,878,673,2026-10-04 08:55,4.2,673,673,0.233,0.233,2
RIO,SAO,2026-10-03,Azul,06:15,0,25,2026-10-01 12:21,1170,898,2026-10-02 16:57,13.3,898,3298,0.232,0.232,17
POA,SAO,2026-10-03,LATAM,12:10,0,34,2026-10-01 12:21,1353,1039,2026-10-03 11:55,0.2,1039,1039,0.232,0.232,1
POA,SAO,2026-10-03,LATAM,14:20,0,36,2026-10-01 12:21,1353,1039,2026-10-03 11:55,2.4,1039,1039,0.232,0.232,3
POA,SAO,2026-10-04,LATAM,04:45,0,46,2026-10-02 03:58,1353,1039,2026-10-03 11:55,16.8,1039,1039,0.232,0.232,19
POA,SAO,2026-10-04,LATAM,06:40,0,48,2026-10-02 03:58,1353,1039,2026-10-03 11:55,18.8,1039,1039,0.232,0.232,21
CWB,SAO,2026-10-02,Gol,12:10,0,7,2026-10-01 12:21,1125,865,2026-10-01 22:03,14.1,865,1125,0.231,0.231,5
CWB,SAO,2026-10-02,Gol,10:45,0,7,2026-10-01 12:21,1125,865,2026-10-01 22:03,12.7,865,1125,0.231,0.231,5
CWB,SAO,2026-10-02,Gol,11:25,0,7,2026-10-01 12:21,1125,865,2026-10-01 22:03,13.4,865,1125,0.231,0.231,5
CWB,SAO,2026-10-02,Gol,09:00,0,7,2026-10-01 12:21,1125,865,2026-10-01 22:03,10.9,865,1125,0.231,0.231,5
CWB,SAO,2026-10-02,Gol,15:40,0,9,2026-10-01 12:21,1125,865,2026-10-01 22:03,17.6,865,1088,0.231,0.231,5
CWB,SAO,2026-10-02,Gol,15:25,0,9,2026-10-01 12:21,1125,865,2026-10-01 22:03,17.4,865,1098,0.231,0.231,5
CWB,SAO,2026-10-02,Gol,13:10,0,8,2026-10-01 12:21,1125,865,2026-10-01 22:03,15.1,865,1125,0.231,0.231,5
CWB,SAO,2026-10-02,Gol,06:20,0,7,2026-10-01 12:21,1125,865,2026-10-01 22:03,8.3,865,1125,0.231,0.231,5
POA,SAO,2026-10-03,Gol,14:55,0,35,2026-10-01 12:21,1357,1045,2026-10-01 22:03,40.9,1089,1091,0.23,0.197,16
POA,SAO,2026-10-03,Gol,11:20,0,14,2026-10-01 12:21,1357,1045,2026-10-01 22:03,37.3,1237,1237,0.23,0.088,5
POA,SAO,2026-10-03,Gol,05:30,0,27,2026-10-01 12:21,1357,1045,2026-10-01 22:03,31.4,1237,3684,0.23,0.088,5
SAO,FLN,2026-10-04,Gol,14:10,0,52,2026-10-02 03:58,1586,1221,2026-10-04 08:55,5.2,1221,1221,0.23,0.23,3
SAO,FLN,2026-10-04,Gol,17:10,0,57,2026-10-02 03:58,1586,1221,2026-10-04 08:55,8.2,1221,1221,0.23,0.23,8
SAO,FLN,2026-10-04,Gol,19:40,0,60,2026-10-02 03:58,1586,1221,2026-10-04 08:55,10.8,1221,1221,0.23,0.23,11
FLN,SAO,2026-10-04,Gol,13:50,0,51,2026-10-02 03:58,1580,1216,2026-10-04 08:55,4.9,1216,2262,0.23,0.23,2
RIO,SAO,2026-10-04,LATAM,12:35,0,51,2026-10-02 03:58,3862,2975,2026-10-03 00:55,35.7,2975,2975,0.23,0.23,18
BHZ,SAO,2026-10-04,Azul,09:55,0,50,2026-10-02 03:58,3144,2420,2026-10-02 10:48,47.1,2420,2420,0.23,0.23,37
SAO,FLN,2026-10-05,Gol,07:45,0,58,2026-10-02 21:35,1586,1221,2026-10-04 08:55,22.8,1221,1596,0.23,0.23,17
SAO,RIO,2026-10-04,Gol,22:10,0,64,2026-10-02 03:58,873,673,2026-10-04 08:55,13.2,673,881,0.229,0.229,3
SAO,RIO,2026-10-04,Gol,19:00,0,60,2026-10-02 03:58,873,673,2026-10-04 08:55,10.1,673,839,0.229,0.229,3
SAO,BSB,2026-10-04,Gol,16:45,0,58,2026-10-02 03:58,1227,946,2026-10-03 18:54,21.9,946,1177,0.229,0.229,35
BSB,SAO,2026-10-04,Gol,11:15,0,50,2026-10-02 03:58,1226,945,2026-10-03 18:54,16.4,945,945,0.229,0.229,45
SAO,RIO,2026-10-05,Gol,09:15,0,58,2026-10-02 21:35,873,673,2026-10-04 08:55,24.3,673,881,0.229,0.229,3
SAO,RIO,2026-10-05,Gol,04:35,0,54,2026-10-02 21:35,873,673,2026-10-04 08:55,19.7,673,881,0.229,0.229,3
CWB,SAO,2026-10-05,LATAM,09:25,0,61,2026-10-02 21:35,961,741,2026-10-03 12:55,44.5,741,741,0.229,0.229,49
CWB,SAO,2026-10-05,LATAM,12:15,0,63,2026-10-02 21:35,961,741,2026-10-03 12:55,47.3,741,741,0.229,0.229,51
CWB,SAO,2026-10-05,LATAM,11:15,0,63,2026-10-02 21:35,961,741,2026-10-03 12:55,46.3,741,741,0.229,0.229,51
CWB,SAO,2026-10-05,LATAM,05:05,0,57,2026-10-02 21:35,961,741,2026-10-03 12:55,40.2,741,741,0.229,0.229,45
SAO,CWB,2026-10-02,Gol,06:40,0,8,2026-10-01 10:18,1139,879,2026-10-01 22:03,8.6,879,1139,0.228,0.228,5
SAO,CWB,2026-10-02,Gol,08:50,0,8,2026-10-01 10:18,1139,879,2026-10-01 22:03,10.8,879,1139,0.228,0.228,5
SAO,CWB,2026-10-02,Gol,15:35,0,11,2026-10-01 10:18,1139,879,2026-10-01 22:03,17.5,879,1112,0.228,0.228,5
SAO,CWB,2026-10-02,Gol,16:25,0,12,2026-10-01 10:18,1139,879,2026-10-01 22:03,18.4,879,1112,0.228,0.228,5
SAO,BHZ,2026-10-03,Gol,07:20,0,28,2026-10-01 10:18,1035,799,2026-10-01 22:03,33.3,906,928,0.228,0.125,5
BSB,SAO,2026-10-03,LATAM,19:10,0,38,2026-10-01 12:21,1445,1116,2026-10-03 00:55,18.2,1116,3454,0.228,0.228,10
SAO,BSB,2026-10-04,LATAM,15:50,0,57,2026-10-02 03:58,1446,1117,2026-10-03 00:55,38.9,1117,1305,0.228,0.228,37
RIO,SAO,2026-10-04,Gol,20:50,0,60,2026-10-02 03:58,873,674,2026-10-04 08:55,11.9,674,3271,0.228,0.228,2
RIO,SAO,2026-10-04,Gol,22:00,0,62,2026-10-02 03:58,873,674,2026-10-04 08:55,13.1,674,3271,0.228,0.228,2
RIO,SAO,2026-10-05,Gol,06:00,0,56,2026-10-02 21:35,873,674,2026-10-04 08:55,21.1,674,881,0.228,0.228,3
SAO,REC,2026-10-04,Gol,18:35,1,9,2026-10-04 10:55,1274,983,2026-10-04 15:54,2.7,983,1274,0.228,0.228,1
SAO,SSA,2026-10-02,Gol,11:25,0,7,2026-10-01 10:18,2737,2118,2026-10-01 22:03,13.4,2118,2228,0.226,0.226,6
SAO,CWB,2026-10-04,Azul,17:10,0,56,2026-10-02 03:58,787,609,2026-10-04 08:55,8.2,609,609,0.226,0.226,22
SAO,CWB,2026-10-05,LATAM,06:10,0,59,2026-10-02 21:35,974,755,2026-10-03 11:55,42.2,755,755,0.225,0.225,47
SAO,CWB,2026-10-05,LATAM,07:45,0,60,2026-10-02 21:35,974,755,2026-10-03 11:55,43.8,755,755,0.225,0.225,48
SAO,CWB,2026-10-05,LATAM,10:35,0,63,2026-10-02 21:35,974,755,2026-10-03 11:55,46.7,755,755,0.225,0.225,51
GYN,SAO,2026-10-05,Gol,05:00,0,54,2026-10-02 21:35,1744,1352,2026-10-04 23:21,5.7,1352,1484,0.225,0.225,4
SAO,RIO,2026-10-02,Azul,20:35,0,16,2026-09-30 15:19,1122,871,2026-10-02 16:57,3.6,871,871,0.224,0.224,9
SAO,BHZ,2026-10-02,Gol,19:55,0,14,2026-10-01 10:18,2164,1679,2026-10-02 16:13,3.7,1679,1679,0.224,0.224,5
REC,SAO,2026-10-04,LATAM,02:45,0,43,2026-10-02 03:58,1008,783,2026-10-03 00:55,25.8,783,793,0.223,0.223,28
REC,SAO,2026-10-04,LATAM,11:25,0,51,2026-10-02 03:58,1008,783,2026-10-03 00:55,34.5,783,793,0.223,0.223,36
SAO,REC,2026-10-04,Azul,15:00,0,55,2026-10-02 03:58,1126,877,2026-10-04 08:55,6.1,877,877,0.221,0.221,20
SAO,CWB,2026-10-05,Azul,06:15,0,57,2026-10-02 21:35,760,592,2026-10-04 20:55,9.3,592,2676,0.221,0.221,33
GYN,SAO,2026-10-04,LATAM,06:10,1,6,2026-10-02 13:55,2020,1575,2026-10-02 14:55,39.2,,2020,0.22,,1
SAO,SSA,2026-10-04,LATAM,10:15,0,51,2026-10-02 03:58,1023,799,2026-10-03 18:09,16.1,799,799,0.219,0.219,2
RIO,SAO,2026-10-05,Gol,11:10,0,119,2026-10-02 21:35,863,674,2026-10-04 08:55,26.2,674,3271,0.219,0.219,8
BHZ,SAO,2026-10-05,LATAM,13:10,0,66,2026-10-02 21:35,858,670,2026-10-04 15:54,21.3,670,3736,0.219,0.219,1
SAO,CWB,2026-10-05,LATAM,09:35,0,120,2026-10-02 21:35,948,741,2026-10-03 11:55,45.7,741,755,0.218,0.218,92
POA,SAO,2026-10-05,Aerolineas Argentinas,08:25,1,4,2026-10-04 00:55,2592,2028,2026-10-05 00:54,7.5,2028,2148,0.218,0.218,2
CGB,SAO,2026-10-02,Azul,17:20,0,11,2026-10-01 12:21,3606,2822,2026-10-02 10:48,6.5,2822,2822,0.217,0.217,5
SAO,POA,2026-10-04,Gol,22:00,0,64,2026-10-02 03:58,1062,832,2026-10-04 12:55,9.1,832,1118,0.217,0.217,27
CWB,SAO,2026-10-05,Azul,05:40,0,55,2026-10-02 21:35,773,605,2026-10-04 20:55,8.8,605,2689,0.217,0.217,33
CWB,SAO,2026-10-05,Azul,08:10,0,58,2026-10-02 21:35,773,605,2026-10-04 20:55,11.2,605,2689,0.217,0.217,33
FLN,RIO,2026-10-02,Gol,12:05,1,5,2026-10-01 12:21,1669,1308,2026-10-01 22:03,14.0,1308,1667,0.216,0.216,1
SAO,CWB,2026-10-04,Gol,17:45,0,57,2026-10-02 03:58,801,628,2026-10-04 12:55,4.8,628,628,0.216,0.216,23
SAO,CWB,2026-10-04,Gol,20:15,0,60,2026-10-02 03:58,801,628,2026-10-04 12:55,7.3,628,658,0.216,0.216,26
SAO,RIO,2026-10-03,Azul,06:55,0,22,2026-10-01 10:18,1110,871,2026-10-02 17:56,13.0,871,871,0.215,0.215,16
SAO,POA,2026-10-03,Gol,13:50,0,15,2026-10-01 10:18,1330,1044,2026-10-01 15:42,46.1,1062,1062,0.215,0.202,5
SAO,POA,2026-10-03,Gol,08:50,0,13,2026-10-01 10:18,1330,1044,2026-10-01 15:42,41.1,2596,2596,0.215,-0.952,4
SAO,BSB,2026-10-04,LATAM,11:45,0,52,2026-10-02 03:58,1282,1007,2026-10-04 05:55,5.8,1007,3453,0.215,0.215,17
CWB,SAO,2026-10-04,Gol,19:25,0,60,2026-10-02 03:58,810,636,2026-10-03 18:54,24.5,636,1071,0.215,0.215,14
CWB,SAO,2026-10-05,LATAM,07:10,0,59,2026-10-02 21:35,961,754,2026-10-03 12:55,42.2,754,754,0.215,0.215,47
CWB,SAO,2026-10-05,LATAM,09:45,0,61,2026-10-02 21:35,961,754,2026-10-03 12:55,44.8,754,754,0.215,0.215,49
CWB,SAO,2026-10-05,LATAM,11:45,0,63,2026-10-02 21:35,961,754,2026-10-03 12:55,46.8,754,754,0.215,0.215,51
CWB,SAO,2026-10-05,LATAM,05:10,0,57,2026-10-02 21:35,961,754,2026-10-03 12:55,40.2,754,754,0.215,0.215,45
SAO,BHZ,2026-10-02,Gol,13:45,0,8,2026-10-01 10:18,1008,792,2026-10-01 15:42,22.1,792,998,0.214,0.214,4
SAO,BHZ,2026-10-02,Gol,17:15,0,11,2026-10-01 10:18,1008,792,2026-10-01 15:42,25.6,792,974,0.214,0.214,4
FLN,SAO,2026-10-04,LATAM,20:20,0,62,2026-10-02 03:58,1338,1052,2026-10-04 17:06,3.2,1052,3477,0.214,0.214,1
SAO,BHZ,2026-10-04,Gol,19:55,0,61,2026-10-02 03:58,749,590,2026-10-03 18:54,25.0,590,928,0.212,0.212,15
SAO,POA,2026-10-03,Azul,14:30,0,33,2026-10-01 10:18,1254,989,2026-10-03 11:55,2.6,989,989,0.211,0.211,12
CGB,SAO,2026-10-03,LATAM,02:50,0,24,2026-10-01 12:21,588,464,2026-10-03 00:55,1.9,464,3199,0.211,0.211,21
CGB,SAO,2026-10-03,LATAM,11:20,0,33,2026-10-01 12:21,588,464,2026-10-03 00:55,10.4,464,505,0.211,0.211,31
SAO,CGB,2026-10-02,Azul,23:45,0,17,2026-10-01 15:42,3559,2807,2026-10-02 10:48,12.9,2807,2807,0.211,0.211,11
POA,SAO,2026-10-05,Gol,14:05,0,66,2026-10-02 21:35,1089,859,2026-10-04 12:55,25.2,901,1353,0.211,0.173,25
SAO,CWB,2026-10-02,Gol,10:00,0,6,2026-10-01 10:18,1139,900,2026-10-01 15:42,18.3,900,900,0.21,0.21,4
SAO,CWB,2026-10-02,Gol,12:50,0,9,2026-10-01 10:18,1139,900,2026-10-01 15:42,21.1,900,3632,0.21,0.21,4
SAO,BHZ,2026-10-02,Gol,14:40,0,9,2026-10-01 10:18,1035,818,2026-10-01 15:42,23.0,818,1000,0.21,0.21,4
SAO,BHZ,2026-10-02,Gol,17:25,0,10,2026-10-01 10:18,1035,818,2026-10-01 15:42,25.7,818,1000,0.21,0.21,4
SAO,BHZ,2026-10-02,Gol,18:55,0,10,2026-10-01 10:18,1035,818,2026-10-01 15:42,27.2,1000,1000,0.21,0.034,4
SAO,BHZ,2026-10-02,Gol,06:30,0,7,2026-10-01 10:18,1035,818,2026-10-01 15:42,14.8,818,1035,0.21,0.21,4
SAO,BHZ,2026-10-02,Gol,16:15,0,10,2026-10-01 10:18,1035,818,2026-10-01 15:42,24.6,818,1000,0.21,0.21,4
SAO,BHZ,2026-10-02,Gol,08:15,0,7,2026-10-01 10:18,1035,818,2026-10-01 15:42,16.6,818,1035,0.21,0.21,4
CGB,SAO,2026-10-01,Gol,17:20,3,3,2026-10-01 12:21,3669,2900,2026-10-01 17:55,-0.6,2900,2900,0.21,0.21,2
SAO,REC,2026-10-03,Gol,07:45,0,28,2026-10-01 10:18,1357,1073,2026-10-01 22:03,33.7,1146,2139,0.209,0.155,7
REC,SAO,2026-10-02,Azul,18:15,0,12,2026-10-01 12:21,1423,1125,2026-10-02 13:55,4.3,1125,1140,0.209,0.209,4
SAO,GYN,2026-10-05,Gol,07:00,0,57,2026-10-02 21:35,705,558,2026-10-04 08:55,22.1,558,705,0.209,0.209,30
SAO,GYN,2026-10-05,Gol,10:15,0,60,2026-10-02 21:35,705,558,2026-10-04 08:55,25.3,558,705,0.209,0.209,33
CWB,SAO,2026-10-05,Gol,13:10,0,63,2026-10-02 21:35,776,614,2026-10-04 12:55,24.2,614,734,0.209,0.209,25
CWB,SAO,2026-10-05,Gol,12:10,0,63,2026-10-02 21:35,776,614,2026-10-04 12:55,23.2,614,734,0.209,0.209,33
SAO,RIO,2026-10-03,LATAM,20:35,0,42,2026-10-01 10:18,989,785,2026-10-03 18:54,1.7,785,2812,0.206,0.206,2
RIO,SAO,2026-10-02,LATAM,13:55,0,9,2026-10-01 12:21,1246,989,2026-10-01 15:42,22.2,989,989,0.206,0.206,8
RIO,SAO,2026-10-02,LATAM,06:15,0,7,2026-10-01 12:21,1246,989,2026-10-01 15:42,14.6,989,989,0.206,0.206,6
RIO,SAO,2026-10-02,Gol,06:05,1,7,2026-10-01 12:21,900,715,2026-10-01 22:03,8.0,715,749,0.206,0.206,5
CGB,SAO,2026-10-02,LATAM,11:05,0,8,2026-10-01 12:21,642,510,2026-10-02 10:48,0.3,510,510,0.206,0.206,1
SAO,RIO,2026-10-04,LATAM,16:05,0,57,2026-10-02 03:58,989,785,2026-10-03 21:54,18.2,785,896,0.206,0.206,3
SAO,RIO,2026-10-04,LATAM,20:20,0,64,2026-10-02 03:58,989,785,2026-10-03 21:54,22.4,785,2974,0.206,0.206,3
SAO,RIO,2026-10-04,LATAM,15:30,0,57,2026-10-02 03:58,989,785,2026-10-03 21:54,17.6,785,2974,0.206,0.206,3
SAO,RIO,2026-10-04,LATAM,18:30,0,60,2026-10-02 03:58,989,785,2026-10-03 21:54,20.6,785,2974,0.206,0.206,3
SAO,RIO,2026-10-04,LATAM,19:50,0,62,2026-10-02 03:58,989,785,2026-10-03 21:54,21.9,785,2974,0.206,0.206,3
SAO,RIO,2026-10-04,LATAM,14:30,0,56,2026-10-02 03:58,989,785,2026-10-03 21:54,16.6,785,2974,0.206,0.206,3
SAO,RIO,2026-10-04,LATAM,09:15,0,51,2026-10-02 03:58,989,785,2026-10-03 21:54,11.3,785,2812,0.206,0.206,3
SAO,RIO,2026-10-04,LATAM,18:50,0,61,2026-10-02 03:58,989,785,2026-10-03 21:54,20.9,785,3482,0.206,0.206,3
SAO,CWB,2026-10-05,Gol,15:35,0,62,2026-10-02 21:35,809,642,2026-10-03 18:54,44.7,713,1139,0.206,0.119,18
REC,SAO,2026-10-03,Gol,18:05,0,37,2026-10-01 15:42,741,589,2026-10-01 22:03,44.0,1026,1026,0.205,-0.385,1
SAO,CGB,2026-10-04,LATAM,11:00,0,51,2026-10-02 03:58,575,457,2026-10-03 12:55,22.1,457,3368,0.205,0.205,4
SAO,CWB,2026-10-05,Gol,06:40,0,60,2026-10-02 21:35,790,628,2026-10-04 12:55,17.8,628,1139,0.205,0.205,33
SAO,CWB,2026-10-05,Gol,12:50,0,64,2026-10-02 21:35,790,628,2026-10-04 12:55,23.9,628,748,0.205,0.205,33
SAO,CWB,2026-10-05,Gol,08:50,0,60,2026-10-02 21:35,790,628,2026-10-04 12:55,19.9,628,1139,0.205,0.205,33
SAO,CWB,2026-10-05,Gol,10:00,0,61,2026-10-02 21:35,790,628,2026-10-04 12:55,21.1,628,1139,0.205,0.205,33
REC,SAO,2026-10-02,Azul,03:00,0,6,2026-10-01 12:21,1095,872,2026-10-01 15:42,11.3,872,872,0.204,0.204,5
REC,SAO,2026-10-02,Azul,12:35,0,7,2026-10-01 12:21,1095,872,2026-10-01 15:42,20.9,872,2565,0.204,0.204,5
REC,SAO,2026-10-02,Azul,09:50,0,7,2026-10-01 12:21,1095,872,2026-10-01 15:42,18.1,872,2565,0.204,0.204,5
REC,SAO,2026-10-02,Azul,08:50,0,7,2026-10-01 12:21,1095,872,2026-10-01 15:42,17.1,872,2565,0.204,0.204,5
SAO,BSB,2026-10-04,LATAM,05:40,0,46,2026-10-02 03:58,1373,1093,2026-10-03 18:54,10.8,1093,1093,0.204,0.204,30
SAO,BSB,2026-10-04,Azul,21:45,0,64,2026-10-02 03:58,1267,1010,2026-10-04 08:55,12.8,1010,1010,0.203,0.203,30
SAO,BSB,2026-10-04,Azul,17:05,0,57,2026-10-02 03:58,1267,1010,2026-10-04 08:55,8.2,1010,1010,0.203,0.203,23
SAO,BSB,2026-10-04,Azul,23:15,0,65,2026-10-02 03:58,1267,1010,2026-10-04 08:55,14.3,1010,1010,0.203,0.203,31
BHZ,SAO,2026-10-04,LATAM,11:50,0,52,2026-10-02 03:58,2137,1704,2026-10-03 19:55,15.9,1704,1926,0.203,0.203,1
CGB,SAO,2026-10-04,Azul,02:05,0,42,2026-10-02 03:58,3542,2822,2026-10-03 17:54,8.2,2822,3072,0.203,0.203,41
SAO,BSB,2026-10-05,Azul,06:00,0,55,2026-10-02 21:35,1267,1010,2026-10-04 08:55,21.1,1010,3314,0.203,0.203,32
CWB,SAO,2026-10-05,Gol,15:20,0,65,2026-10-02 21:35,787,628,2026-10-03 18:54,44.4,700,1125,0.202,0.111,18
CWB,SAO,2026-10-05,Gol,10:45,0,61,2026-10-02 21:35,787,628,2026-10-03 18:54,39.9,628,1125,0.202,0.202,18
SAO,CWB,2026-10-05,Azul,10:10,0,61,2026-10-02 21:35,741,592,2026-10-04 20:55,13.2,592,691,0.201,0.201,33
GYN,SAO,2026-10-04,Azul,14:50,1,10,2026-10-04 04:54,2669,2132,2026-10-04 06:55,7.9,2132,2132,0.201,0.201,8
SAO,RIO,2026-10-02,Gol,14:05,0,10,2026-09-30 15:19,1206,965,2026-10-01 15:42,22.4,965,1481,0.2,0.2,8
BSB,SAO,2026-10-04,Azul,15:30,0,53,2026-10-02 03:58,1347,1077,2026-10-04 12:55,2.6,1077,1077,0.2,0.2,20
SAO,RIO,2026-10-04,Gol,09:30,0,50,2026-10-02 03:58,989,792,2026-10-03 18:54,14.6,792,792,0.199,0.199,29
SAO,CWB,2026-10-04,Azul,21:10,0,60,2026-10-02 03:58,760,609,2026-10-04 08:55,12.2,609,609,0.199,0.199,26
SAO,CWB,2026-10-04,Gol,16:30,0,56,2026-10-02 03:58,801,642,2026-10-03 18:54,21.6,642,713,0.199,0.199,18
SAO,CWB,2026-10-04,Gol,22:25,0,63,2026-10-02 03:58,777,623,2026-10-03 18:54,27.5,623,1112,0.198,0.198,18
RIO,SAO,2026-10-04,Gol,08:10,0,48,2026-10-02 03:58,989,793,2026-10-03 18:54,13.3,793,943,0.198,0.198,16
REC,SAO,2026-10-04,Gol,03:40,0,42,2026-10-02 03:58,863,692,2026-10-03 18:54,8.8,692,692,0.198,0.198,17
CWB,SAO,2026-10-05,Azul,12:10,0,62,2026-10-02 21:35,754,605,2026-10-04 20:55,15.2,605,704,0.198,0.198,33
BSB,SAO,2026-10-02,Gol,21:05,0,15,2026-10-01 12:21,1236,993,2026-10-02 16:13,4.9,993,993,0.197,0.197,4
BSB,SAO,2026-10-03,Gol,19:35,0,40,2026-10-01 12:21,1236,993,2026-10-02 16:13,27.4,993,993,0.197,0.197,29
BSB,SAO,2026-10-03,Gol,21:00,0,41,2026-10-01 12:21,1236,993,2026-10-02 16:13,28.8,993,993,0.197,0.197,30
BSB,SAO,2026-10-03,Gol,11:15,0,31,2026-10-01 12:21,1236,993,2026-10-02 16:13,19.0,993,1236,0.197,0.197,10
BSB,SAO,2026-10-03,Gol,05:55,0,25,2026-10-01 12:21,1236,993,2026-10-02 16:13,13.7,993,993,0.197,0.197,14
SAO,CGB,2026-10-02,Azul,14:50,0,8,2026-10-01 15:42,3495,2807,2026-10-02 10:48,4.0,2807,2807,0.197,0.197,2
CWB,SAO,2026-10-04,Azul,19:10,0,59,2026-10-02 03:58,773,621,2026-10-04 08:55,10.2,621,621,0.197,0.197,24
SAO,POA,2026-10-05,Azul,11:15,0,61,2026-10-02 21:35,1012,813,2026-10-04 20:55,14.3,813,944,0.197,0.197,33
SAO,POA,2026-10-05,Azul,06:05,0,56,2026-10-02 21:35,1012,813,2026-10-04 20:55,9.2,813,3301,0.197,0.197,33
SAO,CWB,2026-10-05,Azul,06:25,0,57,2026-10-02 21:35,765,614,2026-10-04 20:55,9.5,614,3118,0.197,0.197,33
SAO,RIO,2026-10-02,LATAM,12:15,0,9,2026-09-30 15:19,1197,962,2026-10-01 15:42,20.6,962,962,0.196,0.196,5
SAO,RIO,2026-10-02,Azul,15:40,0,10,2026-09-30 15:19,1122,902,2026-10-02 10:48,4.9,902,902,0.196,0.196,3
SAO,BSB,2026-10-02,Gol,21:55,0,16,2026-10-01 12:21,1237,994,2026-10-02 16:13,5.7,994,994,0.196,0.196,6
SAO,BSB,2026-10-03,Gol,08:40,0,29,2026-10-01 12:21,1237,994,2026-10-02 16:13,16.4,994,2499,0.196,0.196,12
SAO,GYN,2026-10-04,Gol,09:55,0,50,2026-10-02 03:58,1496,1205,2026-10-03 18:54,15.0,1205,1298,0.195,0.195,49
CWB,SAO,2026-10-05,Gol,06:20,0,58,2026-10-02 21:35,790,636,2026-10-03 18:54,35.4,636,1125,0.195,0.195,18
SAO,REC,2026-10-02,LATAM,14:35,0,11,2026-10-01 10:18,2905,2341,2026-10-01 15:42,22.9,2341,3428,0.194,0.194,6
SAO,CWB,2026-10-03,Gol,05:00,1,26,2026-10-01 10:18,950,766,2026-10-01 22:03,30.9,805,805,0.194,0.153,23
SAO,CGB,2026-10-04,Azul,09:55,0,49,2026-10-02 03:58,2550,2056,2026-10-02 16:57,41.0,2056,2056,0.194,0.194,48
SAO,RIO,2026-10-01,Azul,16:10,0,3,2026-09-30 15:19,1156,933,2026-10-01 10:18,5.9,933,933,0.193,0.193,2
FLN,SAO,2026-10-03,Azul,05:45,0,26,2026-10-01 10:18,4185,3376,2026-10-02 10:48,18.9,3376,3376,0.193,0.193,18
SAO,POA,2026-10-03,Azul,06:50,0,21,2026-10-01 10:18,1254,1012,2026-10-02 20:58,9.9,1012,1012,0.193,0.193,6
SAO,POA,2026-10-03,LATAM,17:35,0,38,2026-10-01 10:18,1254,1012,2026-10-03 11:55,5.7,1012,1012,0.193,0.193,6
SAO,POA,2026-10-03,Azul,12:55,0,27,2026-10-01 10:18,1254,1012,2026-10-02 20:58,15.9,1012,3301,0.193,0.193,7
BHZ,SAO,2026-10-04,Azul,08:15,0,48,2026-10-02 03:58,2491,2010,2026-10-02 16:57,39.3,2010,2137,0.193,0.193,47
SAO,RIO,2026-10-05,Gol,07:00,0,57,2026-10-02 21:35,911,735,2026-10-04 12:55,18.1,735,989,0.193,0.193,27
SAO,RIO,2026-10-05,Gol,08:25,0,58,2026-10-02 21:35,911,735,2026-10-04 12:55,19.5,735,933,0.193,0.193,27
SAO,RIO,2026-10-05,Gol,06:25,0,57,2026-10-02 21:35,911,735,2026-10-04 12:55,17.5,735,989,0.193,0.193,27
SAO,BHZ,2026-10-04,LATAM,10:25,0,51,2026-10-02 03:58,1008,814,2026-10-03 12:55,21.5,814,843,0.192,0.192,35
SAO,POA,2026-10-05,Gol,13:55,0,128,2026-10-02 21:35,998,806,2026-10-05 11:56,2.0,806,1069,0.192,0.192,34
POA,SAO,2026-10-05,Gol,11:30,0,63,2026-10-02 21:35,1089,880,2026-10-03 19:55,39.6,880,2689,0.192,0.192,17
POA,SAO,2026-10-05,Azul,08:30,0,59,2026-10-02 21:35,1039,840,2026-10-04 20:55,11.6,840,3328,0.192,0.192,33
POA,SAO,2026-10-05,Gol,05:35,0,57,2026-10-02 21:35,1089,880,2026-10-03 19:55,33.7,880,1353,0.192,0.192,17
SAO,REC,2026-10-03,Azul,18:30,0,38,2026-10-01 10:18,1097,888,2026-10-03 13:55,4.6,888,888,0.191,0.191,3
SAO,REC,2026-10-03,Azul,21:55,0,43,2026-10-01 10:18,1097,888,2026-10-03 13:55,8.0,888,888,0.191,0.191,8
CWB,SAO,2026-10-02,Gol,05:55,1,6,2026-10-01 12:21,965,781,2026-10-01 22:03,7.9,781,781,0.191,0.191,4
CWB,SAO,2026-10-03,Gol,11:50,1,31,2026-10-01 12:21,965,781,2026-10-01 22:03,37.8,820,820,0.191,0.15,29
BSB,SAO,2026-10-04,LATAM,20:40,0,63,2026-10-02 03:58,1333,1079,2026-10-04 14:55,5.8,1079,3454,0.191,0.191,35
SAO,BHZ,2026-10-05,Gol,10:40,0,60,2026-10-02 21:35,729,590,2026-10-03 18:54,39.8,884,928,0.191,-0.213,15
GYN,SAO,2026-10-03,Gol,04:45,0,25,2026-10-01 12:21,910,737,2026-10-01 22:03,30.7,775,1063,0.19,0.148,9
GYN,SAO,2026-10-03,Gol,12:30,0,33,2026-10-01 12:21,910,737,2026-10-01 22:03,38.5,775,1063,0.19,0.148,9
GYN,SAO,2026-10-03,Gol,09:25,0,30,2026-10-01 12:21,910,737,2026-10-01 22:03,35.4,775,1064,0.19,0.148,9
SAO,FLN,2026-10-04,LATAM,18:25,0,60,2026-10-02 03:58,1596,1292,2026-10-04 13:55,4.5,1292,3482,0.19,0.19,4
SAO,FLN,2026-10-04,LATAM,20:55,0,63,2026-10-02 03:58,1596,1292,2026-10-04 13:55,7.0,1292,3482,0.19,0.19,4
SAO,RIO,2026-10-04,LATAM,12:55,0,53,2026-10-02 03:58,881,714,2026-10-03 21:54,15.0,714,789,0.19,0.19,1
SAO,RIO,2026-10-04,LATAM,19:45,0,62,2026-10-02 03:58,881,714,2026-10-03 21:54,21.9,714,3455,0.19,0.19,9
SAO,RIO,2026-10-04,LATAM,09:45,0,51,2026-10-02 03:58,881,714,2026-10-03 21:54,11.8,714,3455,0.19,0.19,1
SAO,RIO,2026-10-04,LATAM,20:45,0,128,2026-10-02 03:58,881,714,2026-10-03 21:54,22.9,714,3455,0.19,0.19,11
SAO,RIO,2026-10-04,LATAM,23:20,0,65,2026-10-02 03:58,881,714,2026-10-03 21:54,25.4,781,797,0.19,0.114,9
RIO,SAO,2026-10-04,LATAM,19:30,0,60,2026-10-02 03:58,881,714,2026-10-03 20:55,22.6,714,3456,0.19,0.19,2
RIO,SAO,2026-10-04,LATAM,15:00,0,55,2026-10-02 03:58,881,714,2026-10-03 20:55,18.1,714,3456,0.19,0.19,1
RIO,SAO,2026-10-04,LATAM,08:55,0,98,2026-10-02 03:58,881,714,2026-10-03 20:55,12.0,714,896,0.19,0.19,1
RIO,SAO,2026-10-04,Gol,11:25,0,50,2026-10-02 03:58,2785,2255,2026-10-03 18:54,16.5,2255,2255,0.19,0.19,42
RIO,SAO,2026-10-04,LATAM,18:30,0,59,2026-10-02 03:58,881,714,2026-10-03 19:55,22.6,714,3456,0.19,0.19,2
SAO,BHZ,2026-10-05,Gol,16:15,0,67,2026-10-02 21:35,728,590,2026-10-03 18:54,45.4,884,906,0.19,-0.214,18
SAO,BHZ,2026-10-05,Gol,12:35,0,63,2026-10-02 21:35,728,590,2026-10-03 18:54,41.7,884,928,0.19,-0.214,18
SAO,BHZ,2026-10-05,Gol,14:40,0,64,2026-10-02 21:35,728,590,2026-10-03 18:54,43.8,687,928,0.19,0.056,18
SAO,REC,2026-10-02,Gol,06:55,0,8,2026-10-01 10:18,1357,1100,2026-10-01 15:42,15.2,1100,2139,0.189,0.189,1
SAO,REC,2026-10-03,Gol,14:10,0,18,2026-10-01 10:18,1357,1100,2026-10-01 15:42,46.5,2899,2899,0.189,-1.136,1
FLN,SAO,2026-10-03,Gol e Aerolineas Argentinas,17:10,1,10,2026-10-01 12:21,3561,2887,2026-10-02 20:13,20.9,2887,2895,0.189,0.189,8
RIO,SAO,2026-10-03,LATAM,20:10,0,41,2026-10-01 12:21,3298,2675,2026-10-02 10:48,33.4,2675,3482,0.189,0.189,28
SAO,FLN,2026-10-04,LATAM,12:00,0,52,2026-10-02 03:58,1596,1295,2026-10-04 08:55,3.1,1295,3482,0.189,0.189,2
SAO,FLN,2026-10-04,LATAM,13:25,0,53,2026-10-02 03:58,1596,1295,2026-10-04 08:55,4.5,1295,3482,0.189,0.189,2
SAO,FLN,2026-10-04,LATAM,11:00,0,51,2026-10-02 03:58,1596,1295,2026-10-04 08:55,2.1,1295,3482,0.189,0.189,1
FLN,SAO,2026-10-04,LATAM,14:00,0,53,2026-10-02 03:58,1590,1289,2026-10-04 08:55,5.1,1289,3477,0.189,0.189,2
FLN,SAO,2026-10-04,LATAM,15:35,0,55,2026-10-02 03:58,1590,1289,2026-10-04 08:55,6.7,1289,3477,0.189,0.189,3
FLN,SAO,2026-10-04,LATAM,16:30,0,56,2026-10-02 03:58,1590,1289,2026-10-04 08:55,7.6,1289,3477,0.189,0.189,2
CWB,SAO,2026-10-05,Azul,12:05,0,62,2026-10-02 21:35,741,601,2026-10-04 20:55,15.2,601,693,0.189,0.189,33
CWB,SAO,2026-10-05,Azul,13:45,0,63,2026-10-02 21:35,741,601,2026-10-04 20:55,16.8,601,708,0.189,0.189,33
SAO,REC,2026-10-05,LATAM,09:55,0,60,2026-10-02 21:35,1353,1099,2026-10-04 10:55,23.0,1099,1215,0.188,0.188,15
SAO,GYN,2026-10-02,Gol,22:50,0,18,2026-10-01 12:21,834,678,2026-10-02 16:13,6.6,678,1193,0.187,0.187,5
SAO,GYN,2026-10-04,Gol,08:55,0,49,2026-10-02 03:58,834,678,2026-10-02 16:13,40.7,678,794,0.187,0.187,19
POA,SAO,2026-10-04,LATAM,17:45,0,59,2026-10-02 03:58,1353,1101,2026-10-03 12:55,28.8,1101,1224,0.186,0.186,4
POA,SAO,2026-10-04,LATAM,20:05,0,62,2026-10-02 03:58,1353,1101,2026-10-03 12:55,31.2,1156,3482,0.186,0.146,10
SAO,CWB,2026-10-05,Azul,10:30,0,61,2026-10-02 21:35,754,614,2026-10-04 20:55,13.6,614,706,0.186,0.186,33
SAO,CWB,2026-10-05,Azul,13:25,0,64,2026-10-02 21:35,754,614,2026-10-04 20:55,16.5,614,722,0.186,0.186,33
SAO,CWB,2026-10-05,Azul,12:05,0,63,2026-10-02 21:35,754,614,2026-10-04 20:55,15.2,614,706,0.186,0.186,33
SAO,GYN,2026-10-04,Azul,19:50,1,16,2026-10-04 04:54,1925,1566,2026-10-04 06:55,12.9,1566,1566,0.186,0.186,14
SAO,BHZ,2026-10-02,Azul,14:55,0,3,2026-10-01 10:18,2801,2283,2026-10-02 10:48,4.1,2283,2283,0.185,0.185,1
BHZ,SAO,2026-10-04,Gol,15:35,0,56,2026-10-02 03:58,973,793,2026-10-03 18:54,20.7,793,793,0.185,0.185,26
CWB,SAO,2026-10-05,Azul,11:20,0,3,2026-10-05 05:55,4162,3393,2026-10-05 08:55,2.4,3393,3393,0.185,0.185,1
RIO,SAO,2026-10-02,Azul,13:45,0,8,2026-10-01 12:21,1137,929,2026-10-02 10:48,3.0,929,929,0.183,0.183,3
RIO,SAO,2026-10-02,Azul,18:50,0,12,2026-10-01 12:21,1137,929,2026-10-02 10:48,8.0,929,929,0.183,0.183,7
SAO,GYN,2026-10-03,Gol,09:50,0,28,2026-10-01 15:42,1076,879,2026-10-01 22:03,35.8,1075,1076,0.183,0.001,5
SAO,RIO,2026-10-03,LATAM,21:05,0,43,2026-10-01 10:18,962,787,2026-10-03 17:54,3.2,787,871,0.182,0.182,8
SAO,GYN,2026-10-02,Gol,17:00,0,11,2026-10-01 12:21,834,682,2026-10-02 10:48,6.2,682,682,0.182,0.182,4
GYN,SAO,2026-10-03,LATAM,05:10,0,27,2026-10-01 12:21,774,633,2026-10-03 00:55,4.2,633,2913,0.182,0.182,4
GYN,SAO,2026-10-03,LATAM,13:55,0,35,2026-10-01 12:21,774,633,2026-10-03 00:55,13.0,633,633,0.182,0.182,13
GYN,SAO,2026-10-03,LATAM,09:15,0,31,2026-10-01 12:21,774,633,2026-10-03 00:55,8.3,633,2913,0.182,0.182,8
SAO,GYN,2026-10-03,Gol,08:50,0,28,2026-10-01 15:42,834,682,2026-10-02 12:33,20.3,682,1729,0.182,0.182,2
SAO,GYN,2026-10-03,Gol,17:00,0,35,2026-10-01 15:42,834,682,2026-10-02 10:48,30.2,989,989,0.182,-0.186,3
SAO,RIO,2026-10-04,LATAM,12:15,0,53,2026-10-02 03:58,962,787,2026-10-03 14:53,21.4,787,3455,0.182,0.182,1
SAO,RIO,2026-10-04,LATAM,07:35,0,49,2026-10-02 03:58,962,787,2026-10-03 14:53,16.7,787,871,0.182,0.182,8
SAO,GYN,2026-10-02,LATAM,09:45,0,7,2026-10-01 12:21,834,683,2026-10-01 16:55,16.8,683,683,0.181,0.181,5
SAO,GYN,2026-10-02,LATAM,12:20,0,8,2026-10-01 12:21,834,683,2026-10-01 16:55,19.4,683,683,0.181,0.181,6
SAO,GYN,2026-10-02,LATAM,07:25,0,7,2026-10-01 12:21,834,683,2026-10-01 16:55,14.5,683,683,0.181,0.181,5
SAO,GYN,2026-10-02,LATAM,22:25,0,18,2026-10-01 12:21,834,683,2026-10-01 16:55,29.5,683,683,0.181,0.181,16
SAO,GYN,2026-10-02,LATAM,17:20,0,13,2026-10-01 12:21,834,683,2026-10-01 16:55,24.4,683,3216,0.181,0.181,10
POA,SAO,2026-10-03,Azul,09:30,0,29,2026-10-01 12:21,1269,1039,2026-10-02 20:58,12.5,1039,1039,0.181,0.181,9
POA,SAO,2026-10-03,Azul,10:35,0,30,2026-10-01 12:21,1269,1039,2026-10-02 20:58,13.6,1039,1039,0.181,0.181,10
POA,SAO,2026-10-03,Azul,05:20,0,22,2026-10-01 12:21,1269,1039,2026-10-02 20:58,8.4,1039,1039,0.181,0.181,8
SAO,GYN,2026-10-03,Gol,22:45,0,41,2026-10-01 15:42,833,682,2026-10-02 10:48,36.0,989,1193,0.181,-0.187,3
SAO,RIO,2026-10-02,Gol,08:25,0,8,2026-09-30 15:19,1206,989,2026-10-01 10:18,22.1,989,3298,0.18,0.18,1
SAO,CWB,2026-10-04,Azul,20:05,0,59,2026-10-02 03:58,765,627,2026-10-04 08:55,11.2,627,627,0.18,0.18,25
SAO,BHZ,2026-10-04,Azul,19:20,0,59,2026-10-02 03:58,689,565,2026-10-04 08:55,10.4,565,565,0.18,0.18,24
SAO,BHZ,2026-10-04,Azul,08:00,0,48,2026-10-02 03:58,2785,2283,2026-10-02 10:48,45.2,2283,2785,0.18,0.18,35
SAO,BHZ,2026-10-04,Azul,10:00,0,50,2026-10-02 03:58,2785,2283,2026-10-02 10:48,47.2,2283,2283,0.18,0.18,37
BHZ,SAO,2026-10-04,Azul,06:00,0,42,2026-10-02 03:58,2787,2285,2026-10-02 10:48,43.2,2285,2285,0.18,0.18,35
POA,SAO,2026-10-03,Azul,15:45,0,35,2026-10-01 12:21,1238,1016,2026-10-03 11:55,3.8,1016,1016,0.179,0.179,15
SAO,GYN,2026-10-03,LATAM,06:45,0,26,2026-10-01 15:42,786,645,2026-10-03 00:55,5.8,645,645,0.179,0.179,6
SAO,CWB,2026-10-04,LATAM,07:50,0,46,2026-10-02 03:58,1155,948,2026-10-03 00:55,30.9,948,3248,0.179,0.179,15
BHZ,SAO,2026-10-04,Azul,21:45,0,63,2026-10-02 03:58,688,565,2026-10-04 08:55,12.8,565,2010,0.179,0.179,23
GYN,SAO,2026-10-04,Gol,11:15,0,51,2026-10-02 03:58,849,697,2026-10-02 12:33,46.7,1287,1287,0.179,-0.516,3
GYN,SAO,2026-10-04,Gol,05:40,0,46,2026-10-02 03:58,849,697,2026-10-02 12:33,41.1,809,809,0.179,0.047,3
SAO,RIO,2026-10-05,Azul,12:05,0,43,2026-10-02 21:35,788,647,2026-10-03 13:55,46.2,647,789,0.179,0.179,33
REC,SAO,2026-10-05,Azul,03:25,0,52,2026-10-02 21:35,1079,886,2026-10-03 13:55,37.5,2902,2902,0.179,-1.69,13
SAO,POA,2026-10-01,Azul,21:05,0,6,2026-10-01 10:18,1254,1031,2026-10-01 17:55,3.2,1031,1031,0.178,0.178,2
SAO,POA,2026-10-02,Azul,14:40,0,10,2026-10-01 10:18,1254,1031,2026-10-01 17:55,20.8,1031,1241,0.178,0.178,3
SAO,POA,2026-10-02,Azul,21:05,0,16,2026-10-01 10:18,1254,1031,2026-10-01 17:55,27.2,1031,1129,0.178,0.178,5
SAO,POA,2026-10-02,Azul,07:05,0,8,2026-10-01 10:18,1254,1031,2026-10-01 17:55,13.2,1031,3301,0.178,0.178,3
SAO,POA,2026-10-02,Azul,18:20,0,18,2026-10-01 10:18,1254,1031,2026-10-01 17:55,24.4,1031,4094,0.178,0.178,3
SAO,POA,2026-10-02,Azul,12:40,0,8,2026-10-01 10:18,1254,1031,2026-10-01 17:55,18.8,1031,3301,0.178,0.178,3
SAO,POA,2026-10-02,Azul,09:20,0,8,2026-10-01 10:18,1254,1031,2026-10-01 17:55,15.4,1031,3301,0.178,0.178,3
SAO,POA,2026-10-03,Gol,18:00,0,37,2026-10-01 10:18,1294,1064,2026-10-03 14:53,3.1,1064,1064,0.178,0.178,2
SAO,CWB,2026-10-02,Azul,16:45,0,11,2026-10-01 10:18,1049,862,2026-10-01 16:55,23.8,862,1039,0.178,0.178,4
SAO,CWB,2026-10-02,Azul,12:05,0,16,2026-10-01 10:18,1049,862,2026-10-01 16:55,19.2,862,2703,0.178,0.178,8
SAO,CWB,2026-10-02,Azul,06:45,0,8,2026-10-01 10:18,1049,862,2026-10-01 16:55,13.8,862,2676,0.178,0.178,4
SAO,BHZ,2026-10-03,Azul,06:00,0,15,2026-10-01 10:18,951,782,2026-10-01 17:55,36.1,3465,3465,0.178,-2.644,2
SAO,BSB,2026-10-03,LATAM,19:55,0,40,2026-10-01 12:21,1529,1257,2026-10-03 09:55,10.0,1257,2439,0.178,0.178,1
BHZ,SAO,2026-10-01,Azul,21:45,0,5,2026-10-01 12:21,950,781,2026-10-01 17:55,3.8,781,781,0.178,0.178,2
BHZ,SAO,2026-10-03,Azul,12:35,0,32,2026-10-01 12:21,950,781,2026-10-01 17:55,42.7,2010,2010,0.178,-1.116,3
GYN,SAO,2026-10-02,LATAM,09:50,0,7,2026-10-01 12:21,849,698,2026-10-01 16:55,16.9,698,698,0.178,0.178,5
GYN,SAO,2026-10-02,LATAM,19:40,0,15,2026-10-01 12:21,849,698,2026-10-01 16:55,26.8,698,3231,0.178,0.178,12
GYN,SAO,2026-10-02,LATAM,12:20,0,8,2026-10-01 12:21,849,698,2026-10-01 16:55,19.4,698,698,0.178,0.178,6
GYN,SAO,2026-10-03,Gol,20:00,0,43,2026-10-01 12:21,848,697,2026-10-02 10:48,33.2,842,849,0.178,0.007,4
BHZ,SAO,2026-10-02,Azul,14:05,0,7,2026-10-01 15:42,2780,2285,2026-10-02 10:48,3.3,2285,2285,0.178,0.178,1
SAO,POA,2026-10-04,Azul,21:05,0,62,2026-10-02 03:58,1012,833,2026-10-04 08:55,12.2,833,833,0.177,0.177,27
FLN,RIO,2026-10-05,Gol,06:15,1,46,2026-10-03 01:55,1490,1227,2026-10-03 07:55,46.3,1365,1490,0.177,0.084,10
CWB,SAO,2026-10-02,Azul,18:30,0,11,2026-10-01 12:21,1062,875,2026-10-01 17:55,24.6,875,1026,0.176,0.176,3
CWB,SAO,2026-10-02,Azul,12:05,0,7,2026-10-01 12:21,1062,875,2026-10-01 17:55,18.2,875,2689,0.176,0.176,3
CWB,SAO,2026-10-02,Azul,13:45,0,8,2026-10-01 12:21,1062,875,2026-10-01 17:55,19.8,875,1062,0.176,0.176,3
CWB,SAO,2026-10-02,Azul,07:40,0,7,2026-10-01 12:21,1062,875,2026-10-01 17:55,13.8,875,2689,0.176,0.176,3
CWB,SAO,2026-10-02,Azul,15:20,0,8,2026-10-01 12:21,1062,875,2026-10-01 17:55,21.4,875,1062,0.176,0.176,3
CWB,SAO,2026-10-02,Azul,13:50,0,8,2026-10-01 12:21,1062,875,2026-10-01 17:55,19.9,875,1052,0.176,0.176,3
CWB,SAO,2026-10-02,Azul,09:30,0,7,2026-10-01 12:21,1062,875,2026-10-01 17:55,15.6,875,2689,0.176,0.176,3
CWB,SAO,2026-10-02,Azul,05:40,0,7,2026-10-01 12:21,1062,875,2026-10-01 17:55,11.8,875,2689,0.176,0.176,3
CWB,SAO,2026-10-02,Azul,17:05,0,10,2026-10-01 12:21,1062,875,2026-10-01 17:55,23.2,875,1026,0.176,0.176,3
BSB,SAO,2026-10-05,Azul,08:20,0,59,2026-10-02 21:35,1268,1045,2026-10-04 20:55,11.4,1045,3315,0.176,0.176,15
BSB,SAO,2026-10-05,Azul,06:05,0,57,2026-10-02 21:35,1268,1045,2026-10-04 20:55,9.2,1045,3315,0.176,0.176,15
SAO,POA,2026-10-01,Azul,21:35,0,6,2026-10-01 10:18,4063,3354,2026-10-01 12:21,9.2,3354,3354,0.175,0.175,5
SAO,CWB,2026-10-02,Azul,13:25,0,9,2026-10-01 10:18,1076,888,2026-10-01 16:55,20.5,888,1076,0.175,0.175,4
SAO,CWB,2026-10-02,Azul,10:30,0,8,2026-10-01 10:18,1076,888,2026-10-01 16:55,17.6,888,2703,0.175,0.175,4
SAO,CWB,2026-10-02,Azul,06:25,0,8,2026-10-01 10:18,1076,888,2026-10-01 16:55,13.5,888,2703,0.175,0.175,4
SAO,CGB,2026-10-03,Azul,08:20,0,28,2026-10-01 12:21,2461,2030,2026-10-02 17:56,14.4,2030,2157,0.175,0.175,21
RIO,SAO,2026-10-05,Azul,06:40,0,55,2026-10-02 21:35,898,741,2026-10-03 13:55,40.8,741,3298,0.175,0.175,37
SAO,SSA,2026-10-03,Gol,09:30,0,31,2026-10-01 10:18,1168,965,2026-10-01 22:03,35.5,1003,1010,0.174,0.141,16
SAO,SSA,2026-10-03,LATAM,15:15,0,37,2026-10-01 10:18,1111,918,2026-10-03 00:55,14.3,918,3482,0.174,0.174,11
SSA,SAO,2026-10-02,Gol,03:50,0,6,2026-10-01 12:21,1161,959,2026-10-01 22:03,5.8,959,959,0.174,0.174,5
SSA,SAO,2026-10-02,Gol,07:50,0,7,2026-10-01 12:21,1161,959,2026-10-01 22:03,9.8,959,1006,0.174,0.174,6
SSA,SAO,2026-10-02,Gol,10:35,0,7,2026-10-01 12:21,1161,959,2026-10-01 22:03,12.5,959,1006,0.174,0.174,6
SAO,BHZ,2026-10-02,Azul,06:05,0,7,2026-10-01 10:18,977,808,2026-10-01 17:55,12.2,808,2164,0.173,0.173,2
SAO,CGB,2026-10-02,Azul,20:45,0,14,2026-10-01 15:42,2487,2056,2026-10-02 16:57,3.8,2056,2056,0.173,0.173,8
SAO,RIO,2026-10-04,Gol,20:25,0,62,2026-10-02 03:58,878,726,2026-10-04 16:55,3.5,726,760,0.173,0.173,27
SAO,RIO,2026-10-04,Gol,19:35,0,61,2026-10-02 03:58,878,726,2026-10-04 16:55,2.7,726,726,0.173,0.173,26
POA,SAO,2026-10-05,Azul,13:45,0,64,2026-10-02 21:35,1016,840,2026-10-04 20:55,16.8,840,1005,0.173,0.173,33
SAO,POA,2026-10-03,Azul,21:05,0,41,2026-10-01 10:18,1031,854,2026-10-03 13:55,7.2,854,854,0.172,0.172,7
SAO,REC,2026-10-02,Gol,23:10,0,18,2026-10-01 10:18,1148,950,2026-10-02 16:13,7.0,950,950,0.172,0.172,7
POA,SAO,2026-10-04,Azul,21:10,0,61,2026-10-02 03:58,1039,860,2026-10-04 08:55,12.2,860,860,0.172,0.172,26
SAO,BHZ,2026-10-05,Azul,11:40,0,60,2026-10-02 21:35,697,577,2026-10-04 08:55,26.8,577,652,0.172,0.172,32
SAO,BHZ,2026-10-05,Azul,10:45,0,60,2026-10-02 21:35,697,577,2026-10-04 08:55,25.8,577,652,0.172,0.172,32
SAO,REC,2026-10-05,Azul,13:20,0,63,2026-10-02 21:35,3069,2540,2026-10-05 09:55,3.4,2540,2540,0.172,0.172,2
SAO,POA,2026-10-02,Gol,08:05,0,8,2026-10-01 10:18,1388,1150,2026-10-01 22:03,10.0,1150,1388,0.171,0.171,4
SAO,POA,2026-10-02,Gol,12:35,0,9,2026-10-01 10:18,1388,1150,2026-10-01 22:03,14.5,1150,1718,0.171,0.171,4
SAO,POA,2026-10-02,Gol,09:40,0,8,2026-10-01 10:18,1388,1150,2026-10-01 22:03,11.6,1150,1388,0.171,0.171,4
SAO,POA,2026-10-02,Gol,14:50,0,10,2026-10-01 10:18,1388,1150,2026-10-01 22:03,16.8,1150,1295,0.171,0.171,4
SAO,POA,2026-10-02,Gol,13:55,0,9,2026-10-01 10:18,1388,1150,2026-10-01 22:03,15.9,1150,1327,0.171,0.171,4
SAO,POA,2026-10-02,Gol,06:55,0,8,2026-10-01 10:18,1388,1150,2026-10-01 22:03,8.9,1150,1388,0.171,0.171,4
REC,SAO,2026-10-03,LATAM,05:15,0,25,2026-10-01 15:42,942,783,2026-10-03 00:55,4.3,783,3055,0.169,0.169,4
REC,SAO,2026-10-03,LATAM,16:15,0,36,2026-10-01 15:42,942,783,2026-10-03 00:55,15.3,783,793,0.169,0.169,16
SAO,GYN,2026-10-04,LATAM,21:45,0,64,2026-10-02 03:58,710,590,2026-10-03 21:54,23.9,590,2925,0.169,0.169,47
SAO,REC,2026-10-03,LATAM,11:00,0,33,2026-10-01 10:18,1460,1215,2026-10-01 15:42,43.3,2352,3091,0.168,-0.611,6
SAO,REC,2026-10-03,LATAM,08:15,0,30,2026-10-01 10:18,1460,1215,2026-10-01 15:42,40.5,1215,3091,0.168,0.168,13
RIO,SAO,2026-10-03,Gol,15:30,3,17,2026-10-01 12:21,900,749,2026-10-01 16:55,46.6,749,749,0.168,0.168,15
REC,SAO,2026-10-02,LATAM,16:10,0,11,2026-10-01 12:21,1458,1213,2026-10-01 15:42,24.5,1213,1213,0.168,0.168,10
REC,SAO,2026-10-02,LATAM,14:15,0,10,2026-10-01 12:21,1458,1213,2026-10-01 15:42,22.6,1213,3426,0.168,0.168,8
REC,SAO,2026-10-03,Gol,03:40,0,23,2026-10-01 15:42,911,758,2026-10-02 20:58,6.7,758,776,0.168,0.168,15
SAO,BSB,2026-10-04,Gol,20:10,0,62,2026-10-02 03:58,997,830,2026-10-04 16:55,3.2,830,870,0.168,0.168,13
BSB,SAO,2026-10-04,Gol,09:00,0,48,2026-10-02 03:58,1294,1076,2026-10-03 18:54,14.1,1076,1076,0.168,0.168,24
RIO,SAO,2026-10-05,Gol,09:05,0,57,2026-10-02 21:35,883,735,2026-10-04 12:55,20.2,735,989,0.168,0.168,22
SAO,BSB,2026-10-03,Azul,21:45,0,43,2026-10-01 12:21,1419,1184,2026-10-03 08:54,12.8,1184,3117,0.166,0.166,17
SAO,BSB,2026-10-03,Azul,13:15,0,33,2026-10-01 12:21,1419,1184,2026-10-03 08:54,4.3,1184,1184,0.166,0.166,15
SAO,REC,2026-10-02,LATAM,17:20,0,3,2026-10-02 14:55,4030,3363,2026-10-02 16:13,1.1,3363,3363,0.166,0.166,2
SAO,REC,2026-10-03,Azul,22:55,0,44,2026-10-01 10:18,847,707,2026-10-03 08:54,14.0,707,707,0.165,0.165,16
SAO,SSA,2026-10-03,LATAM,06:35,0,29,2026-10-01 10:18,1100,918,2026-10-03 00:55,5.7,918,918,0.165,0.165,6
BSB,SAO,2026-10-03,Azul,15:30,0,34,2026-10-01 12:21,1420,1185,2026-10-03 09:55,5.6,1185,1185,0.165,0.165,16
REC,SAO,2026-10-01,Azul,20:30,0,5,2026-10-01 12:21,1044,872,2026-10-01 15:42,4.8,872,872,0.165,0.165,4
SAO,POA,2026-10-03,LATAM,22:25,0,43,2026-10-01 10:18,1211,1012,2026-10-03 11:55,10.5,1012,1012,0.164,0.164,11
SAO,POA,2026-10-03,LATAM,23:30,0,43,2026-10-01 10:18,1211,1012,2026-10-03 11:55,11.6,1012,1012,0.164,0.164,11
SAO,REC,2026-10-02,Azul,16:40,0,11,2026-10-01 10:18,1071,895,2026-10-01 16:55,23.8,895,3069,0.164,0.164,2
SAO,BHZ,2026-10-04,LATAM,08:30,0,29,2026-10-02 03:58,1008,843,2026-10-03 00:55,31.6,843,3366,0.164,0.164,9
RIO,SAO,2026-10-04,Gol,20:35,0,52,2026-10-02 03:58,879,735,2026-10-04 12:55,7.7,735,735,0.164,0.164,18
RIO,SAO,2026-10-04,Gol,15:00,0,54,2026-10-02 03:58,879,735,2026-10-04 12:55,2.1,735,2639,0.164,0.164,10
RIO,SAO,2026-10-04,Gol,15:55,0,54,2026-10-02 03:58,879,735,2026-10-04 12:55,3.0,735,735,0.164,0.164,20
RIO,SAO,2026-10-04,Gol,16:35,0,55,2026-10-02 03:58,879,735,2026-10-04 12:55,3.7,735,735,0.164,0.164,21
RIO,SAO,2026-10-04,Gol,18:00,0,56,2026-10-02 03:58,879,735,2026-10-04 12:55,5.1,735,3672,0.164,0.164,21
RIO,SAO,2026-10-04,Gol,19:00,0,56,2026-10-02 03:58,879,735,2026-10-04 15:54,3.1,735,735,0.164,0.164,18
RIO,SAO,2026-10-04,Gol,18:30,0,56,2026-10-02 03:58,879,735,2026-10-04 12:55,5.6,735,3106,0.164,0.164,21
RIO,SAO,2026-10-04,Gol,20:00,0,55,2026-10-02 03:58,879,735,2026-10-04 12:55,7.1,735,3106,0.164,0.164,18
RIO,SAO,2026-10-04,Gol,19:30,0,52,2026-10-02 03:58,879,735,2026-10-04 12:55,6.6,735,735,0.164,0.164,18
RIO,SAO,2026-10-04,Gol,17:35,0,56,2026-10-02 03:58,879,735,2026-10-04 12:55,4.7,735,3106,0.164,0.164,21
BHZ,SAO,2026-10-04,LATAM,12:20,0,53,2026-10-02 03:58,1008,843,2026-10-03 00:55,35.4,843,843,0.164,0.164,37
SAO,RIO,2026-10-02,Azul,08:30,0,8,2026-09-30 15:19,1122,939,2026-10-01 18:18,14.2,939,3665,0.163,0.163,1
SAO,RIO,2026-10-04,Gol,17:35,0,54,2026-10-02 03:58,878,735,2026-10-04 12:55,4.7,735,735,0.163,0.163,19
SAO,RIO,2026-10-04,Gol,18:40,0,58,2026-10-02 03:58,878,735,2026-10-04 12:55,5.8,735,3672,0.163,0.163,22
SAO,RIO,2026-10-04,Gol,14:55,0,54,2026-10-02 03:58,878,735,2026-10-04 12:55,2.0,735,735,0.163,0.163,19
SAO,RIO,2026-10-04,Gol,18:10,0,57,2026-10-02 03:58,878,735,2026-10-04 12:55,5.2,735,3105,0.163,0.163,21
SAO,RIO,2026-10-04,Gol,15:30,0,56,2026-10-02 03:58,878,735,2026-10-04 12:55,2.6,735,735,0.163,0.163,21
SAO,RIO,2026-10-04,Gol,15:55,0,56,2026-10-02 03:58,878,735,2026-10-04 12:55,3.0,735,735,0.163,0.163,21
SAO,RIO,2026-10-04,Gol,16:55,0,57,2026-10-02 03:58,878,735,2026-10-04 12:55,4.0,735,735,0.163,0.163,22
SAO,RIO,2026-10-04,Gol,19:05,0,60,2026-10-02 03:58,878,735,2026-10-04 12:55,6.2,735,3672,0.163,0.163,22
SAO,RIO,2026-10-04,Gol,16:30,0,57,2026-10-02 03:58,878,735,2026-10-04 12:55,3.6,735,735,0.163,0.163,22
RIO,SAO,2026-10-05,Gol,12:55,0,61,2026-10-02 21:35,866,726,2026-10-04 16:55,20.0,726,933,0.162,0.162,33
FLN,SAO,2026-10-03,LATAM,15:25,0,72,2026-10-01 10:18,1385,1162,2026-10-03 12:55,2.5,1162,3477,0.161,0.161,12
POA,SAO,2026-10-03,LATAM,20:05,0,43,2026-10-01 12:21,1238,1039,2026-10-03 11:55,8.2,1039,1039,0.161,0.161,10
REC,SAO,2026-10-03,Azul,20:30,0,39,2026-10-01 15:42,872,732,2026-10-03 13:55,6.6,732,732,0.161,0.161,20
BHZ,SAO,2026-10-04,Azul,07:50,0,39,2026-10-02 03:58,3309,2780,2026-10-02 10:48,45.0,2780,3392,0.16,0.16,26
REC,SAO,2026-10-04,LATAM,16:30,0,57,2026-10-02 03:58,1305,1098,2026-10-03 10:53,29.6,2111,3089,0.159,-0.618,1
RIO,SAO,2026-10-05,Gol,13:40,0,61,2026-10-02 21:35,863,726,2026-10-04 16:55,20.8,726,933,0.159,0.159,33
RIO,SAO,2026-10-05,Gol,14:10,0,61,2026-10-02 21:35,863,726,2026-10-04 16:55,21.2,726,933,0.159,0.159,33
RIO,SAO,2026-10-05,Gol,15:00,0,62,2026-10-02 21:35,863,726,2026-10-04 16:55,22.1,726,933,0.159,0.159,33
SAO,BHZ,2026-10-02,Azul,21:45,0,16,2026-10-01 10:18,2711,2283,2026-10-02 10:48,10.9,2283,2283,0.158,0.158,9
SAO,RIO,2026-10-04,Gol,21:00,0,62,2026-10-02 03:58,862,726,2026-10-04 16:55,4.1,726,760,0.158,0.158,27
FLN,SAO,2026-10-04,Gol,06:05,0,45,2026-10-02 03:58,1357,1142,2026-10-03 18:54,11.2,1142,1142,0.158,0.158,15
SAO,RIO,2026-10-05,Gol,09:30,0,58,2026-10-02 21:35,862,726,2026-10-04 16:55,16.6,726,933,0.158,0.158,33
SAO,RIO,2026-10-05,Gol,09:00,0,58,2026-10-02 21:35,862,726,2026-10-04 16:55,16.1,726,933,0.158,0.158,33
SAO,RIO,2026-10-05,Gol,14:50,0,63,2026-10-02 21:35,862,726,2026-10-04 16:55,21.9,726,933,0.158,0.158,33
SAO,RIO,2026-10-05,Gol,15:35,0,64,2026-10-02 21:35,862,726,2026-10-04 16:55,22.7,726,933,0.158,0.158,33
SAO,RIO,2026-10-05,Gol,11:35,0,60,2026-10-02 21:35,862,726,2026-10-04 16:55,18.7,726,933,0.158,0.158,33
BHZ,SAO,2026-10-02,Azul,16:25,0,9,2026-10-01 15:42,927,781,2026-10-01 17:55,22.5,781,941,0.157,0.157,3
BHZ,SAO,2026-10-02,Azul,15:50,0,8,2026-10-01 15:42,927,781,2026-10-01 17:55,21.9,781,941,0.157,0.157,3
BHZ,SAO,2026-10-02,Azul,14:25,0,7,2026-10-01 15:42,927,781,2026-10-01 17:55,20.5,781,950,0.157,0.157,3
BHZ,SAO,2026-10-02,Azul,10:10,0,6,2026-10-01 15:42,927,781,2026-10-01 17:55,16.2,781,2137,0.157,0.157,3
BHZ,SAO,2026-10-02,Azul,13:40,0,7,2026-10-01 15:42,927,781,2026-10-01 17:55,19.8,781,950,0.157,0.157,3
BHZ,SAO,2026-10-02,Azul,11:20,0,6,2026-10-01 15:42,927,781,2026-10-01 17:55,17.4,781,2137,0.157,0.157,3
BHZ,SAO,2026-10-02,Azul,09:20,0,6,2026-10-01 15:42,927,781,2026-10-01 17:55,15.4,781,2137,0.157,0.157,3
BHZ,SAO,2026-10-02,Azul,08:10,0,6,2026-10-01 15:42,927,781,2026-10-01 17:55,14.2,781,2137,0.157,0.157,3
BSB,SAO,2026-10-04,LATAM,09:25,0,50,2026-10-02 03:58,1374,1158,2026-10-03 18:54,14.5,1158,1268,0.157,0.157,36
BSB,SAO,2026-10-05,Gol,07:30,0,60,2026-10-02 21:35,969,817,2026-10-04 12:55,18.6,817,993,0.157,0.157,5
SAO,GYN,2026-10-03,Gol,23:05,2,7,2026-10-03 14:53,989,834,2026-10-03 18:54,4.2,834,834,0.157,0.157,3
RIO,SAO,2026-10-04,Gol,15:30,0,42,2026-10-02 03:58,881,744,2026-10-03 18:54,20.6,744,839,0.156,0.156,11
SSA,SAO,2026-10-04,Gol,04:35,0,46,2026-10-02 03:58,1116,942,2026-10-03 18:54,9.7,942,942,0.156,0.156,45
SAO,SSA,2026-10-02,Gol,13:40,0,8,2026-10-01 10:18,1096,926,2026-10-01 22:03,15.6,926,1928,0.155,0.155,1
SAO,SSA,2026-10-02,Gol,23:00,0,18,2026-10-01 10:18,1096,926,2026-10-01 22:03,24.9,973,1086,0.155,0.112,6
SAO,SSA,2026-10-02,Gol,17:05,0,11,2026-10-01 10:18,1096,926,2026-10-01 22:03,19.0,926,973,0.155,0.155,5
SAO,BSB,2026-10-01,Gol,20:10,0,5,2026-10-01 12:21,3121,2637,2026-10-01 16:55,3.2,2637,2637,0.155,0.155,3
SAO,RIO,2026-10-04,Gol,14:00,0,53,2026-10-02 03:58,878,742,2026-10-04 08:55,5.1,742,1263,0.155,0.155,16
FLN,RIO,2026-10-04,Gol,13:50,1,53,2026-10-02 03:58,1373,1160,2026-10-02 13:55,47.9,1227,1365,0.155,0.106,13
REC,SAO,2026-10-03,Azul,08:50,0,26,2026-10-01 15:42,872,738,2026-10-02 17:56,14.9,738,1008,0.154,0.154,7
REC,SAO,2026-10-03,Azul,03:10,0,21,2026-10-01 15:42,872,738,2026-10-02 17:56,9.2,738,1008,0.154,0.154,7
SAO,CWB,2026-10-02,Gol,18:00,1,11,2026-10-01 10:18,950,805,2026-10-01 16:55,25.1,805,3208,0.153,0.153,3
SAO,CWB,2026-10-03,Gol,10:20,1,10,2026-10-01 10:18,950,805,2026-10-01 16:55,41.4,805,805,0.153,0.153,8
SAO,POA,2026-10-04,LATAM,23:30,0,65,2026-10-02 03:58,1250,1059,2026-10-04 13:55,9.6,1059,1129,0.153,0.153,49
SAO,POA,2026-10-04,LATAM,17:35,0,60,2026-10-02 03:58,1250,1059,2026-10-04 13:55,3.7,1059,3455,0.153,0.153,42
SAO,POA,2026-10-04,LATAM,15:05,0,57,2026-10-02 03:58,1250,1059,2026-10-04 13:55,1.2,1059,3455,0.153,0.153,40
SAO,BHZ,2026-10-04,LATAM,21:05,0,64,2026-10-02 03:58,977,828,2026-10-04 17:06,4.0,828,3393,0.153,0.153,46
SAO,BHZ,2026-10-04,LATAM,22:15,0,64,2026-10-02 03:58,977,828,2026-10-04 17:06,5.2,828,885,0.153,0.153,48
SSA,SAO,2026-10-02,Gol,05:40,0,7,2026-10-01 12:21,1116,946,2026-10-01 22:03,7.6,946,1116,0.152,0.152,1
SSA,SAO,2026-10-02,Gol,12:10,0,8,2026-10-01 12:21,1116,946,2026-10-01 22:03,14.1,946,993,0.152,0.152,2
SSA,SAO,2026-10-02,Gol,20:05,0,14,2026-10-01 12:21,1116,946,2026-10-01 22:03,22.0,946,993,0.152,0.152,8
SSA,SAO,2026-10-03,Gol,05:35,0,27,2026-10-01 12:21,1116,946,2026-10-01 22:03,31.5,989,989,0.152,0.114,21
SAO,BSB,2026-10-04,Gol,16:50,0,57,2026-10-02 03:58,997,845,2026-10-04 13:55,2.9,845,845,0.152,0.152,3
POA,SAO,2026-10-05,Azul,05:20,0,56,2026-10-02 21:35,1039,881,2026-10-03 13:55,39.4,3328,3328,0.152,-2.203,7
POA,SAO,2026-10-05,Azul,10:50,0,61,2026-10-02 21:35,1039,881,2026-10-03 13:55,44.9,3328,3328,0.152,-2.203,7
POA,SAO,2026-10-03,Gol,07:55,0,28,2026-10-01 12:21,1388,1179,2026-10-01 16:55,39.0,1677,1718,0.151,-0.208,1
POA,SAO,2026-10-03,Gol,06:55,0,3,2026-10-01 12:21,1388,1179,2026-10-01 16:55,38.0,,1179,0.151,,1
POA,SAO,2026-10-02,Gol,09:25,0,6,2026-10-01 15:42,1355,1151,2026-10-01 22:03,11.4,1151,1388,0.151,0.151,4
POA,SAO,2026-10-02,Gol,14:15,0,8,2026-10-01 15:42,1355,1151,2026-10-01 22:03,16.2,1151,1295,0.151,0.151,4
POA,SAO,2026-10-02,Gol,10:50,0,6,2026-10-01 15:42,1355,1151,2026-10-01 22:03,12.8,1151,1388,0.151,0.151,4
POA,SAO,2026-10-02,Gol,12:30,0,7,2026-10-01 15:42,1355,1151,2026-10-01 22:03,14.4,1151,1327,0.151,0.151,4
POA,SAO,2026-10-02,Gol,08:00,0,6,2026-10-01 15:42,1355,1151,2026-10-01 22:03,9.9,1151,1388,0.151,0.151,4
POA,SAO,2026-10-02,Gol,15:05,0,8,2026-10-01 15:42,1355,1151,2026-10-01 22:03,17.0,1151,1295,0.151,0.151,4
POA,SAO,2026-10-02,Gol,06:40,0,6,2026-10-01 15:42,1355,1151,2026-10-01 22:03,8.6,1151,1388,0.151,0.151,4
SAO,RIO,2026-10-04,Gol,08:00,0,49,2026-10-02 03:58,933,792,2026-10-03 18:54,13.1,792,792,0.151,0.151,23
SAO,RIO,2026-10-04,Gol,08:30,0,49,2026-10-02 03:58,933,792,2026-10-03 18:54,13.6,792,792,0.151,0.151,28
SAO,RIO,2026-10-04,Gol,06:55,0,47,2026-10-02 03:58,933,792,2026-10-03 18:54,12.0,792,792,0.151,0.151,26
BSB,SAO,2026-10-04,Azul,19:20,0,59,2026-10-02 03:58,1268,1077,2026-10-04 12:55,6.4,1077,1077,0.151,0.151,26
SAO,RIO,2026-10-05,Gol,14:05,0,63,2026-10-02 21:35,866,735,2026-10-04 12:55,25.2,735,2623,0.151,0.151,25
RIO,SAO,2026-10-05,Gol,15:55,0,63,2026-10-02 21:35,866,735,2026-10-04 12:55,27.0,743,933,0.151,0.142,27
SAO,BSB,2026-10-03,LATAM,16:55,0,38,2026-10-01 12:21,1373,1167,2026-10-03 00:55,16.0,1167,1167,0.15,0.15,31
SAO,BSB,2026-10-03,LATAM,11:45,0,33,2026-10-01 12:21,1373,1167,2026-10-03 00:55,10.8,1167,3453,0.15,0.15,25
SAO,BSB,2026-10-03,LATAM,05:40,0,28,2026-10-01 12:21,1373,1167,2026-10-03 00:55,4.8,1167,3453,0.15,0.15,19
RIO,SAO,2026-10-02,Azul,06:15,0,7,2026-10-01 12:21,1137,966,2026-10-01 18:18,11.9,966,3692,0.15,0.15,2
BSB,SAO,2026-10-03,LATAM,14:25,0,35,2026-10-01 12:21,1374,1168,2026-10-03 00:55,13.5,1168,1268,0.15,0.15,28
BSB,SAO,2026-10-03,LATAM,09:25,0,30,2026-10-01 12:21,1374,1168,2026-10-03 00:55,8.5,1168,3454,0.15,0.15,22
BSB,SAO,2026-10-03,LATAM,20:40,0,42,2026-10-01 12:21,1374,1168,2026-10-03 00:55,19.8,1168,1268,0.15,0.15,35
RIO,SAO,2026-10-04,Gol,06:30,0,46,2026-10-02 03:58,933,793,2026-10-03 18:54,11.6,793,793,0.15,0.15,26
RIO,SAO,2026-10-04,Gol,12:55,0,51,2026-10-02 03:58,3106,2639,2026-10-03 18:54,18.0,2639,2639,0.15,0.15,20
POA,SAO,2026-10-04,LATAM,14:20,0,56,2026-10-02 03:58,1277,1086,2026-10-04 12:55,1.4,1086,3482,0.15,0.15,38
BSB,SAO,2026-10-05,Gol,09:35,0,62,2026-10-02 21:35,1362,1158,2026-10-04 08:55,24.7,1158,1362,0.15,0.15,25
BSB,SAO,2026-10-05,Gol,08:45,0,60,2026-10-02 21:35,1362,1158,2026-10-04 08:55,23.8,1158,1362,0.15,0.15,25
SAO,POA,2026-10-03,LATAM,07:35,0,28,2026-10-01 10:18,1326,1129,2026-10-03 00:55,6.7,1129,1129,0.149,0.149,8
SAO,BSB,2026-10-03,Gol,22:05,0,44,2026-10-01 12:21,1168,994,2026-10-02 16:13,29.9,994,994,0.149,0.149,33
BSB,SAO,2026-10-03,LATAM,11:40,0,30,2026-10-01 12:21,1445,1229,2026-10-03 00:55,10.8,1229,3454,0.149,0.149,7
BSB,SAO,2026-10-03,LATAM,06:05,0,27,2026-10-01 12:21,1445,1229,2026-10-03 00:55,5.2,1229,3454,0.149,0.149,5
SAO,POA,2026-10-04,LATAM,13:50,0,54,2026-10-02 03:58,1326,1129,2026-10-03 00:55,36.9,1129,3455,0.149,0.149,37
SAO,BHZ,2026-10-04,Gol,10:15,0,51,2026-10-02 03:58,1008,858,2026-10-03 18:54,15.3,858,858,0.149,0.149,44
BHZ,SAO,2026-10-04,LATAM,09:25,0,51,2026-10-02 03:58,1008,858,2026-10-03 00:55,32.5,858,3366,0.149,0.149,32
BSB,SAO,2026-10-04,LATAM,11:00,0,51,2026-10-02 03:58,1445,1229,2026-10-03 00:55,34.1,1229,3454,0.149,0.149,36
BSB,SAO,2026-10-04,LATAM,08:00,0,48,2026-10-02 03:58,1445,1229,2026-10-03 00:55,31.1,1229,3454,0.149,0.149,33
BSB,SAO,2026-10-04,LATAM,11:55,0,52,2026-10-02 03:58,1445,1229,2026-10-03 00:55,35.0,1229,3454,0.149,0.149,37
FOR,SAO,2026-10-04,Gol,03:20,0,44,2026-10-02 03:58,1083,922,2026-10-03 18:54,8.4,922,1921,0.149,0.149,9
CWB,FLN,2026-10-04,LATAM,09:55,1,47,2026-10-02 03:58,4043,3439,2026-10-03 14:53,19.0,3439,3644,0.149,0.149,31
SAO,SSA,2026-10-05,Gol,14:20,0,55,2026-10-02 21:35,3254,2769,2026-10-04 10:55,27.4,3098,3259,0.149,0.048,1
FLN,SAO,2026-10-04,Gol,07:00,0,46,2026-10-02 03:58,1590,1355,2026-10-03 18:54,12.1,1355,1355,0.148,0.148,22
RIO,SAO,2026-10-04,Gol,21:00,0,57,2026-10-02 03:58,863,735,2026-10-04 12:55,8.1,735,3672,0.148,0.148,18
FLN,SAO,2026-10-05,Gol,15:50,0,65,2026-10-02 21:35,1427,1216,2026-10-04 08:55,30.9,1216,1590,0.148,0.148,18
RIO,SAO,2026-10-05,Gol,08:45,0,57,2026-10-02 21:35,863,735,2026-10-04 12:55,19.8,735,3298,0.148,0.148,22
RIO,SAO,2026-10-05,Gol,09:40,0,58,2026-10-02 21:35,863,735,2026-10-04 12:55,20.8,735,1481,0.148,0.148,23
SAO,BSB,2026-10-03,LATAM,10:40,0,32,2026-10-01 12:21,1473,1257,2026-10-03 00:55,9.8,1257,3482,0.147,0.147,9
SAO,BSB,2026-10-03,LATAM,09:05,0,31,2026-10-01 12:21,1473,1257,2026-10-03 00:55,8.2,1257,3482,0.147,0.147,8
SAO,BSB,2026-10-03,LATAM,12:40,0,33,2026-10-01 12:21,1473,1257,2026-10-03 00:55,11.8,1257,1257,0.147,0.147,11
SAO,BSB,2026-10-03,LATAM,14:30,0,36,2026-10-01 12:21,1473,1257,2026-10-03 12:55,1.6,1257,3482,0.147,0.147,4
SAO,FOR,2026-10-03,LATAM,23:20,0,44,2026-10-01 12:21,1785,1523,2026-10-03 18:54,4.4,1523,1523,0.147,0.147,29
SAO,BSB,2026-10-04,LATAM,08:30,0,49,2026-10-02 03:58,1473,1257,2026-10-03 00:55,31.6,1257,3482,0.147,0.147,32
SAO,BSB,2026-10-04,LATAM,10:40,0,51,2026-10-02 03:58,1473,1257,2026-10-03 00:55,33.8,1257,1257,0.147,0.147,35
SAO,BSB,2026-10-04,LATAM,09:30,0,51,2026-10-02 03:58,1473,1257,2026-10-03 00:55,32.6,1257,3482,0.147,0.147,33
SAO,FLN,2026-10-05,Gol,14:55,0,63,2026-10-02 21:35,1432,1221,2026-10-04 08:55,30.0,1221,1596,0.147,0.147,17
SAO,FLN,2026-10-05,Gol,13:50,0,62,2026-10-02 21:35,1432,1221,2026-10-04 08:55,28.9,1221,1580,0.147,0.147,17
SAO,RIO,2026-10-05,Gol,13:05,0,125,2026-10-02 21:35,789,673,2026-10-04 08:55,28.2,735,1217,0.147,0.068,8
SAO,RIO,2026-10-05,Gol,10:55,0,59,2026-10-02 21:35,862,735,2026-10-04 12:55,22.0,735,933,0.147,0.147,27
SAO,BSB,2026-10-05,Azul,13:40,0,61,2026-10-02 21:35,1184,1010,2026-10-04 08:55,28.8,1010,1341,0.147,0.147,32
POA,SAO,2026-10-03,LATAM,10:05,0,32,2026-10-01 12:21,1353,1156,2026-10-03 00:55,9.2,1156,3482,0.146,0.146,11
POA,SAO,2026-10-03,LATAM,05:00,0,27,2026-10-01 12:21,1353,1156,2026-10-03 00:55,4.1,1156,3482,0.146,0.146,7
POA,SAO,2026-10-03,LATAM,06:40,0,28,2026-10-01 12:21,1353,1156,2026-10-03 00:55,5.8,1156,1156,0.146,0.146,9
CWB,SAO,2026-10-03,LATAM,09:45,0,30,2026-10-01 12:21,1125,961,2026-10-03 00:55,8.8,961,3261,0.146,0.146,11
CWB,SAO,2026-10-03,LATAM,06:15,0,27,2026-10-01 12:21,1125,961,2026-10-03 00:55,5.3,961,3261,0.146,0.146,8
CWB,SAO,2026-10-03,LATAM,11:30,0,32,2026-10-01 12:21,1125,961,2026-10-03 00:55,10.6,961,3261,0.146,0.146,13
CWB,SAO,2026-10-03,LATAM,07:10,0,28,2026-10-01 12:21,1125,961,2026-10-03 00:55,6.2,961,3261,0.146,0.146,9
CWB,SAO,2026-10-03,LATAM,05:10,0,26,2026-10-01 12:21,1125,961,2026-10-03 00:55,4.2,961,3261,0.146,0.146,7
CWB,SAO,2026-10-03,LATAM,08:10,0,29,2026-10-01 12:21,1125,961,2026-10-03 00:55,7.2,961,3261,0.146,0.146,10
REC,SAO,2026-10-03,LATAM,16:30,0,36,2026-10-01 15:42,1213,1036,2026-10-03 11:55,4.6,1036,1036,0.146,0.146,16
REC,SAO,2026-10-03,LATAM,15:20,0,35,2026-10-01 15:42,1213,1036,2026-10-03 11:55,3.4,1036,1036,0.146,0.146,15
SAO,REC,2026-10-04,LATAM,09:05,0,51,2026-10-02 03:58,1215,1038,2026-10-03 11:55,21.2,1038,1038,0.146,0.146,35
POA,SAO,2026-10-04,LATAM,12:10,0,53,2026-10-02 03:58,1353,1156,2026-10-03 00:55,35.2,1156,3482,0.146,0.146,36
POA,SAO,2026-10-04,LATAM,10:05,0,51,2026-10-02 03:58,1353,1156,2026-10-03 00:55,33.2,1156,1156,0.146,0.146,35
CWB,SAO,2026-10-04,LATAM,14:20,0,55,2026-10-02 03:58,1125,961,2026-10-03 00:55,37.4,2425,3261,0.146,-1.156,9
SAO,RIO,2026-10-03,LATAM,18:55,0,41,2026-10-01 10:18,989,846,2026-10-03 16:55,2.0,846,2812,0.145,0.145,17
SAO,CWB,2026-10-03,LATAM,08:20,0,31,2026-10-01 10:18,1139,974,2026-10-03 00:55,7.4,974,3275,0.145,0.145,10
SAO,CWB,2026-10-03,LATAM,10:50,0,33,2026-10-01 10:18,1139,974,2026-10-03 00:55,9.9,974,3275,0.145,0.145,12
SAO,CWB,2026-10-03,LATAM,06:05,0,29,2026-10-01 10:18,1139,974,2026-10-03 00:55,5.2,974,3275,0.145,0.145,8
POA,SAO,2026-10-01,Azul,21:00,0,4,2026-10-01 15:42,1238,1058,2026-10-01 17:55,3.1,1058,1058,0.145,0.145,2
POA,SAO,2026-10-02,Azul,15:25,0,8,2026-10-01 15:42,1238,1058,2026-10-01 17:55,21.5,1058,1268,0.145,0.145,3
POA,SAO,2026-10-02,Azul,11:50,0,6,2026-10-01 15:42,1238,1058,2026-10-01 17:55,17.9,1058,3328,0.145,0.145,3
POA,SAO,2026-10-02,Azul,17:10,0,10,2026-10-01 15:42,1238,1058,2026-10-01 17:55,23.2,1058,1234,0.145,0.145,3
POA,SAO,2026-10-02,Azul,06:25,0,6,2026-10-01 15:42,1238,1058,2026-10-01 17:55,12.5,1058,3328,0.145,0.145,3
POA,SAO,2026-10-02,Azul,09:45,0,6,2026-10-01 15:42,1238,1058,2026-10-01 17:55,15.8,1058,3328,0.145,0.145,3
POA,SAO,2026-10-02,Azul,21:00,0,14,2026-10-01 15:42,1238,1058,2026-10-01 17:55,27.1,1058,1156,0.145,0.145,5
SAO,RIO,2026-10-04,LATAM,13:00,0,54,2026-10-02 03:58,989,846,2026-10-03 14:53,22.1,846,2870,0.145,0.145,17
SAO,BHZ,2026-10-04,LATAM,11:40,0,51,2026-10-02 03:58,1035,885,2026-10-03 00:55,34.8,885,885,0.145,0.145,35
SAO,GYN,2026-10-04,LATAM,09:35,0,50,2026-10-02 03:58,1891,1616,2026-10-02 12:33,45.0,1708,2925,0.145,0.097,34
SAO,REC,2026-10-03,LATAM,09:35,0,31,2026-10-01 10:18,1148,983,2026-10-01 22:03,35.5,1037,3030,0.144,0.097,4
FLN,RIO,2026-10-02,Gol,18:20,0,13,2026-10-01 12:21,1000,856,2026-10-01 15:42,26.6,953,1000,0.144,0.047,1
SSA,SAO,2026-10-03,LATAM,04:00,0,26,2026-10-01 12:21,1064,911,2026-10-03 00:55,3.1,911,3475,0.144,0.144,3
SSA,SAO,2026-10-03,LATAM,13:45,0,35,2026-10-01 12:21,1064,911,2026-10-03 00:55,12.8,911,3475,0.144,0.144,12
SSA,SAO,2026-10-03,LATAM,11:10,0,33,2026-10-01 12:21,1064,911,2026-10-03 00:55,10.2,911,3475,0.144,0.144,10
SSA,SAO,2026-10-03,LATAM,10:00,0,32,2026-10-01 12:21,1064,911,2026-10-03 00:55,9.1,911,3475,0.144,0.144,9
SSA,SAO,2026-10-03,LATAM,06:15,0,28,2026-10-01 12:21,1064,911,2026-10-03 00:55,5.3,911,3475,0.144,0.144,5
SAO,SSA,2026-10-03,LATAM,09:55,0,32,2026-10-01 10:18,1071,918,2026-10-03 00:55,9.0,918,918,0.143,0.143,9
SAO,SSA,2026-10-03,LATAM,08:10,0,31,2026-10-01 10:18,1071,918,2026-10-03 01:55,6.2,918,3482,0.143,0.143,5
SAO,SSA,2026-10-03,LATAM,11:55,0,34,2026-10-01 10:18,1071,918,2026-10-03 00:55,11.0,918,918,0.143,0.143,11
SAO,FLN,2026-10-04,Gol,16:50,0,56,2026-10-02 03:58,1307,1120,2026-10-03 18:54,21.9,1120,1395,0.143,0.143,19
SAO,POA,2026-10-03,Gol,22:00,0,42,2026-10-01 10:18,1044,896,2026-10-03 18:54,3.1,896,896,0.142,0.142,2
SAO,FOR,2026-10-03,LATAM,12:35,0,34,2026-10-01 12:21,1785,1532,2026-10-03 03:55,8.7,1532,3455,0.142,0.142,9
REC,SAO,2026-10-04,Azul,10:00,0,96,2026-10-02 03:58,3383,2902,2026-10-02 10:48,47.2,2902,3769,0.142,0.142,47
CGB,SAO,2026-10-03,Gol,10:50,0,31,2026-10-01 12:21,588,505,2026-10-02 16:13,18.6,505,505,0.141,0.141,17
CGB,SAO,2026-10-04,Gol,02:15,1,28,2026-10-02 03:58,588,505,2026-10-02 16:13,34.0,832,832,0.141,-0.415,6
SAO,SSA,2026-10-04,LATAM,08:25,0,49,2026-10-02 03:58,1023,880,2026-10-03 19:55,12.5,880,3158,0.14,0.14,32
BSB,SAO,2026-10-05,Gol,15:05,0,62,2026-10-02 21:35,932,802,2026-10-04 16:55,22.2,802,993,0.139,0.139,34
BSB,SAO,2026-10-05,Gol,13:45,0,65,2026-10-02 21:35,932,802,2026-10-04 16:55,20.8,802,1097,0.139,0.139,34
BSB,SAO,2026-10-05,Gol,12:30,0,64,2026-10-02 21:35,932,802,2026-10-04 16:55,19.6,802,993,0.139,0.139,34
SSA,SAO,2026-10-02,Gol,13:15,0,8,2026-10-01 12:21,1166,1006,2026-10-01 15:42,21.6,1006,2341,0.137,0.137,4
SAO,REC,2026-10-05,Azul,14:15,0,64,2026-10-02 21:35,3742,3228,2026-10-05 09:55,4.3,3228,3228,0.137,0.137,3
SAO,REC,2026-10-05,Azul,13:25,0,63,2026-10-02 21:35,3742,3228,2026-10-05 09:55,3.5,3228,3228,0.137,0.137,2
SAO,SSA,2026-10-02,Gol,15:10,0,5,2026-10-01 10:18,1173,1013,2026-10-01 15:42,23.5,1013,1013,0.136,0.136,4
SAO,SSA,2026-10-02,Gol,12:55,0,5,2026-10-01 10:18,1173,1013,2026-10-01 15:42,21.2,1013,3258,0.136,0.136,3
SAO,RIO,2026-10-05,Azul,12:30,0,60,2026-10-02 21:35,822,710,2026-10-04 20:55,15.6,710,869,0.136,0.136,18
FLN,SAO,2026-10-05,Gol,08:00,0,59,2026-10-02 21:35,3755,3245,2026-10-03 18:54,37.1,3245,3579,0.136,0.136,28
RIO,SAO,2026-10-03,Azul,15:30,0,33,2026-10-01 12:21,934,808,2026-10-03 12:55,2.6,808,808,0.135,0.135,17
BHZ,RIO,2026-10-02,Gol,18:50,0,14,2026-10-01 12:21,3219,2785,2026-10-01 22:03,20.8,2785,2901,0.135,0.135,13
BHZ,RIO,2026-10-02,Gol,13:45,0,9,2026-10-01 12:21,3219,2785,2026-10-01 22:03,15.7,2785,2930,0.135,0.135,8
SAO,RIO,2026-10-04,Azul,18:00,0,58,2026-10-02 03:58,838,725,2026-10-04 12:55,5.1,725,725,0.135,0.135,23
SAO,RIO,2026-10-04,Azul,17:45,0,57,2026-10-02 03:58,838,725,2026-10-04 12:55,4.8,725,725,0.135,0.135,22
SAO,RIO,2026-10-04,Azul,19:15,0,59,2026-10-02 03:58,838,725,2026-10-04 12:55,6.3,725,725,0.135,0.135,24
SAO,BSB,2026-10-05,Gol,11:50,0,59,2026-10-02 21:35,960,830,2026-10-04 16:55,18.9,830,1021,0.135,0.135,17
SAO,BSB,2026-10-05,Gol,09:10,0,58,2026-10-02 21:35,960,830,2026-10-04 16:55,16.2,830,1021,0.135,0.135,14
SAO,BSB,2026-10-05,Gol,08:00,0,57,2026-10-02 21:35,960,830,2026-10-04 16:55,15.1,830,1021,0.135,0.135,17
SAO,BSB,2026-10-05,Gol,06:30,0,56,2026-10-02 21:35,960,830,2026-10-04 16:55,13.6,830,1021,0.135,0.135,17
SAO,BSB,2026-10-05,Gol,13:40,0,60,2026-10-02 21:35,960,830,2026-10-04 16:55,20.8,830,3862,0.135,0.135,32
SAO,BSB,2026-10-05,Gol,06:00,0,110,2026-10-02 21:35,960,830,2026-10-04 16:55,13.1,830,3094,0.135,0.135,17
SAO,BSB,2026-10-01,LATAM,21:05,0,5,2026-10-01 12:21,3121,2703,2026-10-01 15:42,5.4,2703,3044,0.134,0.134,2
SSA,SAO,2026-10-02,Gol,11:45,0,3,2026-10-01 12:21,1161,1006,2026-10-01 15:42,20.1,1006,1006,0.134,0.134,2
BSB,SAO,2026-10-05,Azul,05:25,0,112,2026-10-02 21:35,904,783,2026-10-04 20:55,8.5,783,3315,0.134,0.134,36
SAO,SSA,2026-10-01,Gol,20:30,0,6,2026-10-01 10:18,1168,1013,2026-10-01 15:42,4.8,1013,1013,0.133,0.133,4
SAO,SSA,2026-10-02,Gol,07:05,0,3,2026-10-01 10:18,1168,1013,2026-10-01 15:42,15.4,1013,1013,0.133,0.133,2
SAO,SSA,2026-10-02,Gol,09:20,0,5,2026-10-01 10:18,1168,1013,2026-10-01 15:42,17.6,1013,3966,0.133,0.133,2
CGB,SAO,2026-10-02,LATAM,02:50,0,6,2026-10-01 12:21,588,510,2026-10-01 16:55,9.9,510,510,0.133,0.133,4
CGB,SAO,2026-10-03,Azul,10:55,0,31,2026-10-01 12:21,3542,3072,2026-10-02 12:33,22.4,3072,3072,0.133,0.133,24
FLN,SAO,2026-10-04,LATAM,15:15,0,55,2026-10-02 03:58,1338,1162,2026-10-04 13:55,1.3,1162,3381,0.132,0.132,40
SAO,RIO,2026-10-03,Gol,09:30,0,9,2026-10-01 10:18,3271,2842,2026-10-01 22:03,35.5,2990,2990,0.131,0.086,3
SAO,BSB,2026-10-02,Gol,15:20,0,9,2026-10-01 12:21,1473,1280,2026-10-02 12:33,2.8,1280,1280,0.131,0.131,7
SSA,SAO,2026-10-04,LATAM,17:40,0,61,2026-10-02 03:58,1006,874,2026-10-04 13:55,3.8,874,3475,0.131,0.131,43
SSA,SAO,2026-10-05,LATAM,11:05,0,64,2026-10-02 21:35,911,792,2026-10-03 12:55,46.2,874,3855,0.131,0.041,2
SSA,SAO,2026-10-05,LATAM,12:25,0,65,2026-10-02 21:35,911,792,2026-10-03 12:55,47.5,902,3855,0.131,0.01,2
SAO,CGB,2026-10-03,LATAM,08:55,0,31,2026-10-01 12:21,602,524,2026-10-01 16:55,40.0,524,3213,0.13,0.13,28
SAO,CGB,2026-10-02,LATAM,08:55,0,6,2026-10-01 15:42,602,524,2026-10-01 16:55,16.0,524,524,0.13,0.13,5
SAO,CGB,2026-10-02,LATAM,21:45,0,17,2026-10-01 15:42,602,524,2026-10-01 16:55,28.8,524,3563,0.13,0.13,15
SAO,SSA,2026-10-03,Gol,11:20,0,8,2026-10-02 10:48,1013,881,2026-10-02 12:33,22.8,881,881,0.13,0.13,7
SAO,BSB,2026-10-05,Azul,07:50,0,58,2026-10-02 21:35,932,811,2026-10-04 20:55,10.9,811,3121,0.13,0.13,34
SAO,SSA,2026-10-05,LATAM,12:00,0,61,2026-10-02 21:35,918,799,2026-10-03 12:55,47.1,877,3862,0.13,0.045,13
SSA,SAO,2026-10-05,LATAM,05:50,0,58,2026-10-02 21:35,1553,1351,2026-10-03 12:55,40.9,1351,1719,0.13,0.13,7
SAO,FLN,2026-10-02,Azul,22:40,0,19,2026-09-30 15:19,3506,3053,2026-10-02 10:48,11.9,3053,3053,0.129,0.129,9
SAO,FLN,2026-10-03,LATAM,09:50,0,32,2026-10-01 10:18,1364,1189,2026-10-03 00:55,8.9,1189,3455,0.128,0.128,8
SAO,FLN,2026-10-03,LATAM,13:30,0,35,2026-10-01 10:18,1364,1189,2026-10-03 00:55,12.6,1189,3455,0.128,0.128,11
SAO,FLN,2026-10-03,LATAM,17:35,0,39,2026-10-01 10:18,1364,1189,2026-10-03 00:55,16.7,1189,3455,0.128,0.128,15
SAO,RIO,2026-10-03,Gol,07:30,0,28,2026-10-01 10:18,989,862,2026-10-02 20:58,10.5,862,883,0.128,0.128,26
SAO,RIO,2026-10-03,Gol,06:20,0,27,2026-10-01 10:18,989,862,2026-10-02 20:58,9.4,862,933,0.128,0.128,25
SAO,RIO,2026-10-03,Gol,14:00,0,34,2026-10-01 10:18,989,862,2026-10-02 20:58,17.0,862,2811,0.128,0.128,26
SAO,RIO,2026-10-03,Gol,07:00,0,28,2026-10-01 10:18,989,862,2026-10-02 20:58,10.0,862,883,0.128,0.128,26
SAO,RIO,2026-10-03,Gol,12:35,0,33,2026-10-01 10:18,989,862,2026-10-02 20:58,15.6,862,3862,0.128,0.128,25
BHZ,SAO,2026-10-03,Gol,14:00,0,35,2026-10-01 12:21,1008,879,2026-10-02 16:13,21.8,879,900,0.128,0.128,24
SAO,FLN,2026-10-04,LATAM,08:10,0,48,2026-10-02 03:58,1364,1189,2026-10-03 00:55,31.2,1189,3455,0.128,0.128,24
SAO,FLN,2026-10-04,LATAM,09:50,0,50,2026-10-02 03:58,1364,1189,2026-10-03 00:55,32.9,1189,3360,0.128,0.128,33
BHZ,SAO,2026-10-04,Gol,07:05,0,48,2026-10-02 03:58,1008,879,2026-10-02 16:13,38.9,1694,3264,0.128,-0.681,11
RIO,SAO,2026-10-03,Gol,09:00,0,28,2026-10-01 12:21,989,863,2026-10-02 20:58,12.0,863,883,0.127,0.127,26
RIO,SAO,2026-10-03,Gol,10:30,0,30,2026-10-01 12:21,989,863,2026-10-02 20:58,13.5,863,933,0.127,0.127,28
RIO,SAO,2026-10-03,Gol,08:30,0,28,2026-10-01 12:21,989,863,2026-10-02 20:58,11.5,863,883,0.127,0.127,26
RIO,SAO,2026-10-03,Gol,06:55,0,27,2026-10-01 12:21,989,863,2026-10-02 20:58,9.9,863,883,0.127,0.127,25
RIO,SAO,2026-10-03,Gol,08:10,0,27,2026-10-01 12:21,989,863,2026-10-02 20:58,11.2,863,883,0.127,0.127,25
RIO,SAO,2026-10-03,Gol,09:20,0,29,2026-10-01 12:21,989,863,2026-10-02 20:58,12.4,863,933,0.127,0.127,27
RIO,SAO,2026-10-03,Gol,12:55,0,32,2026-10-01 12:21,989,863,2026-10-02 20:58,15.9,863,866,0.127,0.127,30
RIO,SAO,2026-10-03,Gol,15:00,0,31,2026-10-01 12:21,989,863,2026-10-02 20:58,18.0,863,3862,0.127,0.127,27
RIO,SAO,2026-10-03,Gol,06:30,0,27,2026-10-01 12:21,989,863,2026-10-02 20:58,9.5,863,883,0.127,0.127,25
RIO,SAO,2026-10-03,Gol,10:00,0,29,2026-10-01 12:21,989,863,2026-10-02 20:58,13.0,863,933,0.127,0.127,27
RIO,SAO,2026-10-03,Gol,14:20,0,33,2026-10-01 12:21,989,863,2026-10-02 20:58,17.4,863,2812,0.127,0.127,30
RIO,SAO,2026-10-03,Gol,11:00,0,30,2026-10-01 12:21,989,863,2026-10-02 21:35,13.4,863,933,0.127,0.127,28
RIO,SAO,2026-10-03,Gol,13:25,0,32,2026-10-01 12:21,989,863,2026-10-02 20:58,16.4,863,866,0.127,0.127,30
RIO,BHZ,2026-10-03,Gol,21:45,0,43,2026-10-01 15:42,2858,2495,2026-10-02 18:55,26.8,2495,2495,0.127,0.127,30
SAO,SSA,2026-10-05,LATAM,06:35,0,55,2026-10-02 21:35,1555,1357,2026-10-04 13:55,16.7,1357,3862,0.127,0.127,5
FLN,SAO,2026-10-03,LATAM,10:35,0,31,2026-10-01 10:18,1385,1210,2026-10-03 00:55,9.7,1210,3477,0.126,0.126,7
FLN,SAO,2026-10-03,LATAM,11:50,0,32,2026-10-01 10:18,1385,1210,2026-10-03 00:55,10.9,1210,3477,0.126,0.126,8
FLN,SAO,2026-10-03,LATAM,05:35,0,29,2026-10-01 10:18,1385,1210,2026-10-03 00:55,4.7,1210,3477,0.126,0.126,4
FLN,SAO,2026-10-04,LATAM,10:15,0,49,2026-10-02 03:58,1385,1210,2026-10-03 00:55,33.3,1210,1210,0.126,0.126,35
FLN,SAO,2026-10-04,LATAM,05:35,0,45,2026-10-02 03:58,1385,1210,2026-10-03 00:55,28.7,1210,3477,0.126,0.126,30
FLN,SAO,2026-10-04,LATAM,11:50,0,50,2026-10-02 03:58,1385,1210,2026-10-03 00:55,34.9,1210,3477,0.126,0.126,35
SAO,RIO,2026-10-05,LATAM,07:35,0,58,2026-10-02 21:35,1101,962,2026-10-05 01:54,5.7,962,962,0.126,0.126,6
FLN,SAO,2026-10-03,Gol,19:30,0,80,2026-10-01 10:18,1371,1200,2026-10-03 16:55,2.6,1200,1427,0.125,0.125,4
CGB,SAO,2026-10-03,Azul,17:25,0,37,2026-10-01 12:21,3511,3072,2026-10-02 12:33,28.9,3072,3072,0.125,0.125,30
BHZ,RIO,2026-10-02,Azul,23:30,0,18,2026-10-01 12:21,910,796,2026-10-02 16:57,6.5,796,796,0.125,0.125,16
SSA,SAO,2026-10-03,Gol,14:40,0,28,2026-10-02 10:48,1709,1495,2026-10-02 12:33,26.1,1495,1495,0.125,0.125,27
SSA,SAO,2026-10-05,Gol,11:45,0,63,2026-10-02 21:35,1709,1495,2026-10-05 03:55,7.8,1495,3420,0.125,0.125,31
SAO,RIO,2026-10-05,LATAM,12:25,0,62,2026-10-02 21:35,896,785,2026-10-04 01:55,34.5,896,3298,0.124,0.0,2
SAO,RIO,2026-10-05,LATAM,13:00,0,63,2026-10-02 21:35,896,785,2026-10-04 01:55,35.1,896,3298,0.124,0.0,2
SAO,RIO,2026-10-05,LATAM,06:45,0,58,2026-10-02 21:35,896,785,2026-10-04 01:55,28.8,865,3298,0.124,0.035,2
SAO,RIO,2026-10-05,LATAM,16:05,0,66,2026-10-02 21:35,896,785,2026-10-04 01:55,38.2,896,3298,0.124,0.0,2
SAO,RIO,2026-10-05,LATAM,11:30,0,61,2026-10-02 21:35,896,785,2026-10-04 01:55,33.6,865,3298,0.124,0.035,2
SAO,RIO,2026-10-05,LATAM,10:20,0,60,2026-10-02 21:35,896,785,2026-10-04 01:55,32.4,865,3298,0.124,0.035,2
SAO,RIO,2026-10-05,LATAM,15:35,0,65,2026-10-02 21:35,896,785,2026-10-04 01:55,37.7,896,3298,0.124,0.0,2
SAO,RIO,2026-10-05,LATAM,13:40,0,63,2026-10-02 21:35,896,785,2026-10-04 01:55,35.8,896,3298,0.124,0.0,2
SAO,RIO,2026-10-05,LATAM,15:00,0,65,2026-10-02 21:35,896,785,2026-10-04 01:55,37.1,896,3298,0.124,0.0,2
SAO,RIO,2026-10-05,LATAM,06:20,0,57,2026-10-02 21:35,896,785,2026-10-04 01:55,28.4,865,3298,0.124,0.035,2
SAO,RIO,2026-10-05,LATAM,09:25,0,59,2026-10-02 21:35,896,785,2026-10-04 01:55,31.5,865,3298,0.124,0.035,2
REC,SAO,2026-10-04,LATAM,03:50,0,43,2026-10-02 03:58,677,594,2026-10-03 13:55,13.9,594,594,0.123,0.123,16
RIO,SAO,2026-10-05,LATAM,06:30,0,56,2026-10-02 21:35,896,786,2026-10-04 11:54,18.6,786,3298,0.123,0.123,2
RIO,SAO,2026-10-05,LATAM,14:50,0,63,2026-10-02 21:35,896,786,2026-10-04 11:54,26.9,896,3298,0.123,0.0,3
RIO,SAO,2026-10-05,LATAM,10:40,0,60,2026-10-02 21:35,896,786,2026-10-04 11:54,22.8,786,3298,0.123,0.123,2
RIO,SAO,2026-10-05,LATAM,11:45,0,61,2026-10-02 21:35,896,786,2026-10-04 11:54,23.9,786,3298,0.123,0.123,2
RIO,SAO,2026-10-05,LATAM,09:15,0,59,2026-10-02 21:35,896,786,2026-10-04 11:54,21.4,786,3298,0.123,0.123,2
RIO,SAO,2026-10-05,LATAM,13:30,0,62,2026-10-02 21:35,896,786,2026-10-04 11:54,25.6,896,3298,0.123,0.0,2
RIO,SAO,2026-10-05,LATAM,14:05,0,63,2026-10-02 21:35,896,786,2026-10-04 11:54,26.2,896,3298,0.123,0.0,2
RIO,SAO,2026-10-05,LATAM,11:10,0,61,2026-10-02 21:35,896,786,2026-10-04 11:54,23.3,786,3298,0.123,0.123,2
SSA,SAO,2026-10-04,Gol,16:25,0,58,2026-10-02 03:58,996,874,2026-10-02 17:56,46.5,1423,2058,0.122,-0.429,4
SAO,RIO,2026-10-05,Azul,13:50,0,61,2026-10-02 21:35,807,710,2026-10-04 20:55,16.9,710,899,0.12,0.12,18
SAO,BSB,2026-10-05,Gol,15:20,0,63,2026-10-02 21:35,960,845,2026-10-04 12:55,26.4,845,3862,0.12,0.12,25
SAO,GYN,2026-10-05,Azul,13:15,0,62,2026-10-02 21:35,2823,2485,2026-10-05 09:55,3.3,2485,2485,0.12,0.12,3
BHZ,SAO,2026-10-05,Gol,06:15,0,59,2026-10-02 21:35,901,793,2026-10-03 19:55,34.3,793,2137,0.12,0.12,25
SAO,FLN,2026-10-03,LATAM,22:25,0,44,2026-10-01 10:18,1350,1189,2026-10-03 00:55,21.5,1189,1189,0.119,0.119,21
RIO,SAO,2026-10-03,Azul,13:50,0,32,2026-10-01 12:21,934,823,2026-10-03 08:54,4.9,823,823,0.119,0.119,21
BSB,SAO,2026-10-05,Azul,15:25,0,63,2026-10-02 21:35,1185,1045,2026-10-04 20:55,18.5,1045,1326,0.118,0.118,15
BSB,SAO,2026-10-05,Azul,13:15,0,64,2026-10-02 21:35,1185,1045,2026-10-04 20:55,16.3,1045,1342,0.118,0.118,15
BSB,SAO,2026-10-05,Azul,10:25,0,122,2026-10-02 21:35,888,783,2026-10-04 20:55,13.5,783,1297,0.118,0.118,36
FLN,SAO,2026-10-03,LATAM,20:20,0,42,2026-10-01 10:18,1371,1210,2026-10-03 00:55,19.4,1210,3477,0.117,0.117,18
BHZ,RIO,2026-10-04,LATAM,09:25,1,31,2026-10-02 03:58,2078,1839,2026-10-03 00:55,32.5,1839,3455,0.115,0.115,13
CWB,SAO,2026-10-02,LATAM,11:15,0,8,2026-10-01 12:21,1125,997,2026-10-01 17:55,17.3,997,3618,0.114,0.114,5
CWB,SAO,2026-10-02,LATAM,19:15,0,14,2026-10-01 12:21,1125,997,2026-10-01 17:55,25.3,997,3618,0.114,0.114,10
CWB,SAO,2026-10-02,LATAM,07:50,0,7,2026-10-01 12:21,1125,997,2026-10-01 17:55,13.9,997,1125,0.114,0.114,5
CWB,SAO,2026-10-02,LATAM,12:15,0,8,2026-10-01 12:21,1125,997,2026-10-01 17:55,18.3,997,1125,0.114,0.114,5
CWB,SAO,2026-10-02,LATAM,05:05,0,7,2026-10-01 12:21,1125,997,2026-10-01 17:55,11.2,997,1125,0.114,0.114,5
CWB,SAO,2026-10-02,LATAM,09:25,0,7,2026-10-01 12:21,1125,997,2026-10-01 17:55,15.5,997,1125,0.114,0.114,5
CWB,SAO,2026-10-02,LATAM,20:20,0,16,2026-10-01 12:21,1125,997,2026-10-01 17:55,26.4,997,3618,0.114,0.114,11
BHZ,SAO,2026-10-03,Gol,18:05,0,38,2026-10-01 12:21,791,701,2026-10-03 10:53,7.2,701,701,0.114,0.114,24
REC,SAO,2026-10-02,Gol,15:20,0,10,2026-10-01 12:21,1173,1039,2026-10-01 22:03,17.3,1039,1404,0.114,0.114,5
SAO,BSB,2026-10-05,Azul,09:25,0,58,2026-10-02 21:35,915,811,2026-10-04 20:55,12.5,811,3121,0.114,0.114,34
BHZ,SAO,2026-10-05,Azul,14:25,0,65,2026-10-02 21:35,2740,2429,2026-10-05 10:55,3.5,2429,2429,0.114,0.114,2
POA,SAO,2026-10-05,Aerolineas Argentinas e Gol,08:25,1,3,2026-10-03 03:55,2879,2550,2026-10-05 01:54,6.5,2550,2550,0.114,0.114,2
SAO,BSB,2026-10-03,Gol,08:00,0,15,2026-10-01 12:21,1473,1307,2026-10-02 16:13,15.8,1307,1307,0.113,0.113,11
BHZ,RIO,2026-10-02,Gol,14:10,1,10,2026-10-01 12:21,926,821,2026-10-01 22:03,16.1,821,2040,0.113,0.113,3
BHZ,RIO,2026-10-02,Gol,21:40,0,18,2026-10-01 12:21,882,782,2026-10-02 12:33,9.1,782,782,0.113,0.113,17
SAO,RIO,2026-10-05,LATAM,13:10,0,63,2026-10-02 21:35,797,707,2026-10-04 14:00,23.2,707,3835,0.113,0.113,4
SAO,RIO,2026-10-05,LATAM,09:45,0,59,2026-10-02 21:35,797,707,2026-10-04 14:00,19.8,707,3835,0.113,0.113,4
SAO,RIO,2026-10-05,LATAM,07:55,0,58,2026-10-02 21:35,797,707,2026-10-04 14:00,17.9,707,881,0.113,0.113,4
RIO,SAO,2026-10-05,LATAM,07:00,0,57,2026-10-02 21:35,797,707,2026-10-04 17:06,13.9,707,3835,0.113,0.113,2
RIO,SAO,2026-10-05,LATAM,12:15,0,61,2026-10-02 21:35,797,707,2026-10-04 17:06,19.1,707,881,0.113,0.113,2
RIO,SAO,2026-10-05,LATAM,05:00,0,55,2026-10-02 21:35,797,707,2026-10-04 17:06,11.9,707,3835,0.113,0.113,2
RIO,SAO,2026-10-05,LATAM,07:40,0,57,2026-10-02 21:35,797,707,2026-10-04 17:06,14.6,707,881,0.113,0.113,2
SAO,RIO,2026-10-01,LATAM,20:35,0,6,2026-09-30 15:19,3622,3217,2026-10-01 18:18,2.3,3217,3217,0.112,0.112,3
SAO,RIO,2026-10-01,LATAM,20:05,0,6,2026-09-30 15:19,3622,3217,2026-10-01 18:18,1.8,3217,3217,0.112,0.112,3
SAO,RIO,2026-10-01,LATAM,19:35,0,6,2026-09-30 15:19,3622,3217,2026-10-01 18:18,1.3,3217,3217,0.112,0.112,3
SAO,RIO,2026-10-01,LATAM,20:55,0,6,2026-09-30 15:19,3622,3217,2026-10-01 18:18,2.6,3217,3217,0.112,0.112,3
SAO,RIO,2026-10-01,LATAM,21:20,0,6,2026-09-30 15:19,3622,3217,2026-10-01 18:18,3.0,3217,3217,0.112,0.112,3
SAO,RIO,2026-10-03,Gol,08:25,0,25,2026-10-01 10:18,989,878,2026-10-02 12:33,19.9,878,3862,0.112,0.112,12
SAO,RIO,2026-10-03,Gol,08:00,0,27,2026-10-01 10:18,989,878,2026-10-02 12:33,19.4,878,989,0.112,0.112,20
SAO,RIO,2026-10-03,Gol,19:05,0,76,2026-10-01 10:18,881,782,2026-10-03 16:55,2.2,782,841,0.112,0.112,8
SAO,CWB,2026-10-02,LATAM,09:35,0,8,2026-10-01 10:18,1139,1011,2026-10-01 17:55,15.7,1011,1139,0.112,0.112,5
SAO,CWB,2026-10-02,LATAM,10:35,0,8,2026-10-01 10:18,1139,1011,2026-10-01 17:55,16.7,1011,1139,0.112,0.112,5
SAO,CWB,2026-10-02,LATAM,07:45,0,8,2026-10-01 10:18,1139,1011,2026-10-01 17:55,13.8,1011,1139,0.112,0.112,5
SAO,CWB,2026-10-02,LATAM,06:10,0,8,2026-10-01 10:18,1139,1011,2026-10-01 17:55,12.2,1011,1139,0.112,0.112,5
SAO,CWB,2026-10-02,LATAM,18:40,0,15,2026-10-01 10:18,1139,1011,2026-10-01 17:55,24.8,1011,3632,0.112,0.112,7
SAO,CWB,2026-10-02,LATAM,20:10,0,17,2026-10-01 10:18,1139,1011,2026-10-01 17:55,26.2,1011,3632,0.112,0.112,12
SAO,CWB,2026-10-03,Gol,17:20,0,39,2026-10-01 10:18,874,776,2026-10-03 10:53,6.5,776,776,0.112,0.112,25
SAO,BHZ,2026-10-03,Gol,17:10,0,37,2026-10-01 10:18,792,703,2026-10-02 20:58,20.2,703,720,0.112,0.112,24
RIO,BHZ,2026-10-01,Gol,17:30,0,2,2026-10-01 12:21,3219,2858,2026-10-01 15:42,1.8,2858,2858,0.112,0.112,1
RIO,BHZ,2026-10-02,Gol,19:50,0,15,2026-10-01 12:21,882,783,2026-10-02 12:33,7.3,783,783,0.112,0.112,14
RIO,BHZ,2026-10-02,Gol,16:55,0,11,2026-10-01 12:21,882,783,2026-10-02 12:33,4.4,783,783,0.112,0.112,10
RIO,BHZ,2026-10-02,Gol,21:00,0,15,2026-10-01 12:21,882,783,2026-10-02 12:33,8.4,783,783,0.112,0.112,14
RIO,SAO,2026-10-03,Gol,21:00,0,40,2026-10-01 12:21,881,782,2026-10-03 16:55,4.1,782,782,0.112,0.112,10
SAO,REC,2026-10-04,Azul,16:40,0,57,2026-10-02 03:58,796,707,2026-10-03 08:54,31.8,707,707,0.112,0.112,39
SAO,REC,2026-10-04,Azul,14:10,0,54,2026-10-02 03:58,796,707,2026-10-03 08:54,29.3,707,3069,0.112,0.112,31
SAO,RIO,2026-10-04,Aerolineas Argentinas,20:20,1,5,2026-10-03 02:55,2563,2276,2026-10-03 03:55,40.4,2276,2276,0.112,0.112,3
SAO,FOR,2026-10-03,LATAM,07:25,0,29,2026-10-01 12:21,1091,970,2026-10-03 00:55,6.5,970,3482,0.111,0.111,6
RIO,SAO,2026-10-02,Gol,19:35,0,14,2026-10-01 12:21,989,879,2026-10-02 12:33,7.0,879,879,0.111,0.111,13
RIO,SAO,2026-10-02,Gol,17:20,0,9,2026-10-01 12:21,989,879,2026-10-02 12:33,4.8,879,879,0.111,0.111,8
RIO,SAO,2026-10-02,Gol,21:00,0,15,2026-10-01 12:21,989,879,2026-10-02 12:33,8.4,879,879,0.111,0.111,14
RIO,SAO,2026-10-02,Gol,18:05,0,13,2026-10-01 12:21,989,879,2026-10-02 12:33,5.5,879,3025,0.111,0.111,8
RIO,SAO,2026-10-02,Gol,19:10,0,13,2026-10-01 12:21,989,879,2026-10-02 12:33,6.6,879,882,0.111,0.111,12
RIO,SAO,2026-10-02,Gol,18:40,0,13,2026-10-01 12:21,989,879,2026-10-02 12:33,6.1,879,1441,0.111,0.111,9
RIO,SAO,2026-10-02,Gol,16:50,0,11,2026-10-01 12:21,989,879,2026-10-02 12:33,4.3,879,911,0.111,0.111,10
RIO,SAO,2026-10-02,Gol,15:00,0,9,2026-10-01 12:21,989,879,2026-10-02 12:33,2.5,879,879,0.111,0.111,8
RIO,SAO,2026-10-02,Gol,20:35,0,15,2026-10-01 12:21,989,879,2026-10-02 12:33,8.0,879,879,0.111,0.111,14
FOR,SAO,2026-10-03,LATAM,06:00,0,28,2026-10-01 12:21,1103,981,2026-10-03 00:55,5.1,981,3479,0.111,0.111,5
FOR,SAO,2026-10-03,LATAM,16:50,0,38,2026-10-01 12:21,1103,981,2026-10-03 01:55,14.9,981,1634,0.111,0.111,10
FOR,SAO,2026-10-03,LATAM,14:30,0,36,2026-10-01 12:21,1103,981,2026-10-03 12:55,1.6,981,3479,0.111,0.111,1
SAO,FOR,2026-10-04,LATAM,06:10,0,47,2026-10-02 03:58,1091,970,2026-10-03 00:55,29.2,970,3482,0.111,0.111,30
FOR,SAO,2026-10-03,LATAM,17:35,0,39,2026-10-01 12:21,1088,968,2026-10-03 00:55,16.7,968,3479,0.11,0.11,16
FOR,SAO,2026-10-03,LATAM,03:05,0,25,2026-10-01 12:21,1088,968,2026-10-03 00:55,2.2,968,3479,0.11,0.11,2
SAO,POA,2026-10-04,Gol,20:50,0,64,2026-10-02 03:58,1020,908,2026-10-04 17:06,3.7,908,953,0.11,0.11,17
SAO,CGB,2026-10-04,Azul,09:05,0,48,2026-10-02 03:58,3432,3056,2026-10-02 10:48,46.3,3056,3056,0.11,0.11,47
FOR,SAO,2026-10-04,LATAM,08:00,0,48,2026-10-02 03:58,1088,968,2026-10-03 00:55,31.1,968,968,0.11,0.11,33
SAO,FOR,2026-10-03,Gol,21:20,0,43,2026-10-01 12:21,1068,952,2026-10-03 10:53,10.4,952,1785,0.109,0.109,4
RIO,BHZ,2026-10-02,Gol,14:10,1,6,2026-10-01 12:21,953,849,2026-10-01 22:03,16.1,849,951,0.109,0.109,3
SAO,BSB,2026-10-04,Azul,20:10,0,61,2026-10-02 03:58,932,830,2026-10-04 12:55,7.2,830,830,0.109,0.109,28
SAO,SSA,2026-10-05,LATAM,10:00,0,59,2026-10-02 21:35,990,882,2026-10-03 21:54,36.1,888,3835,0.109,0.103,2
POA,SAO,2026-10-02,Azul,07:05,0,6,2026-10-01 15:42,1305,1164,2026-10-01 18:18,12.8,1164,3354,0.108,0.108,2
POA,SAO,2026-10-02,Azul,13:35,0,7,2026-10-01 15:42,1337,1192,2026-10-01 18:18,19.3,1192,1324,0.108,0.108,2
POA,SAO,2026-10-02,Azul,16:25,0,9,2026-10-01 15:42,1305,1164,2026-10-01 18:18,22.1,1164,1279,0.108,0.108,4
SAO,BSB,2026-10-05,LATAM,05:40,0,56,2026-10-02 21:35,1207,1077,2026-10-03 12:55,40.8,1106,3833,0.108,0.084,39
BHZ,SAO,2026-10-05,Gol,11:10,0,63,2026-10-02 21:35,833,743,2026-10-04 19:55,15.2,743,2116,0.108,0.108,30
SAO,RIO,2026-10-03,Azul,08:50,0,14,2026-10-01 10:18,3692,3298,2026-10-02 10:48,22.0,3298,3298,0.107,0.107,7
SAO,RIO,2026-10-03,Azul,12:10,0,31,2026-10-01 10:18,3692,3298,2026-10-02 10:48,25.4,3298,3298,0.107,0.107,24
SAO,RIO,2026-10-03,Azul,15:50,0,33,2026-10-01 10:18,3692,3298,2026-10-02 10:48,29.0,3298,3298,0.107,0.107,26
SAO,RIO,2026-10-03,Azul,19:00,0,38,2026-10-01 10:18,3692,3298,2026-10-02 10:48,32.2,3298,3298,0.107,0.107,31
SAO,RIO,2026-10-03,Azul,13:55,0,33,2026-10-01 10:18,3692,3298,2026-10-02 10:48,27.1,3298,3298,0.107,0.107,26
SAO,BSB,2026-10-02,Azul,21:45,0,16,2026-10-01 12:21,1419,1267,2026-10-02 16:57,4.8,1267,1267,0.107,0.107,9
SAO,BSB,2026-10-03,Azul,08:10,0,28,2026-10-01 12:21,1419,1267,2026-10-02 16:57,15.2,1267,3314,0.107,0.107,15
RIO,SAO,2026-10-02,Azul,18:30,0,13,2026-10-01 12:21,3692,3298,2026-10-02 10:48,7.7,3298,3298,0.107,0.107,6
RIO,SAO,2026-10-03,Gol,16:00,0,29,2026-10-01 12:21,966,863,2026-10-02 20:58,19.0,863,933,0.107,0.107,27
BSB,SAO,2026-10-02,Gol,12:30,0,8,2026-10-01 12:21,1445,1291,2026-10-01 22:03,14.4,1291,1362,0.107,0.107,7
BSB,SAO,2026-10-02,Gol,09:35,0,7,2026-10-01 12:21,1445,1291,2026-10-01 22:03,11.5,1291,1362,0.107,0.107,6
BSB,SAO,2026-10-02,Gol,13:45,0,8,2026-10-01 12:21,1445,1291,2026-10-01 22:03,15.7,1291,1362,0.107,0.107,7
BSB,SAO,2026-10-02,Gol,07:30,0,7,2026-10-01 12:21,1445,1291,2026-10-01 22:03,9.4,1291,1362,0.107,0.107,6
BSB,SAO,2026-10-02,Gol,17:25,0,11,2026-10-01 12:21,1445,1291,2026-10-01 22:03,19.4,1291,1329,0.107,0.107,10
BSB,SAO,2026-10-02,Gol,06:25,0,7,2026-10-01 12:21,1445,1291,2026-10-01 22:03,8.4,1291,1362,0.107,0.107,6
BSB,SAO,2026-10-02,Gol,15:05,0,9,2026-10-01 12:21,1445,1291,2026-10-01 22:03,17.0,1291,3574,0.107,0.107,7
BSB,SAO,2026-10-03,Azul,10:25,0,29,2026-10-01 12:21,1420,1268,2026-10-02 16:57,17.5,1268,3118,0.107,0.107,15
BSB,SAO,2026-10-03,Azul,05:25,0,24,2026-10-01 12:21,1420,1268,2026-10-02 16:57,12.5,1268,3315,0.107,0.107,14
SAO,RIO,2026-10-02,Azul,19:15,0,10,2026-10-01 15:42,3692,3298,2026-10-02 10:48,8.4,3298,3298,0.107,0.107,5
RIO,SAO,2026-10-04,Azul,15:45,0,6,2026-10-02 03:58,3692,3298,2026-10-03 17:54,21.9,3298,3298,0.107,0.107,5
RIO,SAO,2026-10-04,Azul,08:40,0,47,2026-10-02 03:58,3692,3298,2026-10-02 10:48,45.9,3298,3298,0.107,0.107,46
RIO,SAO,2026-10-04,Azul,18:25,0,41,2026-10-02 03:58,3692,3298,2026-10-03 00:55,41.5,3298,3298,0.107,0.107,40
REC,SAO,2026-10-04,Azul,17:20,0,29,2026-10-02 12:33,4461,3983,2026-10-03 12:55,28.4,3983,4461,0.107,0.107,8
BHZ,SAO,2026-10-05,LATAM,07:10,0,60,2026-10-02 21:35,843,753,2026-10-04 12:55,18.2,753,1008,0.107,0.107,5
FLN,RIO,2026-10-04,Gol,16:05,1,56,2026-10-02 03:58,1373,1227,2026-10-03 07:55,32.2,1227,1365,0.106,0.106,9
GYN,SAO,2026-10-04,Gol,15:50,0,56,2026-10-02 03:58,775,693,2026-10-02 16:13,47.6,1659,1783,0.106,-1.141,2
GYN,SAO,2026-10-04,Gol,05:15,0,46,2026-10-02 03:58,775,693,2026-10-02 16:13,37.0,1254,2425,0.106,-0.618,2
SAO,REC,2026-10-03,LATAM,23:00,0,44,2026-10-01 10:18,847,758,2026-10-03 00:55,22.1,758,758,0.105,0.105,22
SAO,REC,2026-10-03,LATAM,14:25,0,36,2026-10-01 10:18,1460,1307,2026-10-01 15:42,46.7,2352,3091,0.105,-0.611,7
SAO,BSB,2026-10-02,Gol,16:50,0,10,2026-10-01 12:21,1473,1318,2026-10-01 22:03,18.8,1318,1356,0.105,0.105,7
SAO,BSB,2026-10-02,Gol,09:10,0,7,2026-10-01 12:21,1473,1318,2026-10-01 22:03,11.1,1318,1390,0.105,0.105,6
SAO,BSB,2026-10-02,Gol,13:40,0,7,2026-10-01 12:21,1473,1318,2026-10-01 22:03,15.6,1318,1390,0.105,0.105,6
SAO,BSB,2026-10-02,Gol,08:00,0,7,2026-10-01 12:21,1473,1318,2026-10-01 22:03,9.9,1318,1390,0.105,0.105,6
SAO,BSB,2026-10-02,Gol,11:50,0,7,2026-10-01 12:21,1473,1318,2026-10-01 22:03,13.8,1318,1390,0.105,0.105,6
SAO,FOR,2026-10-03,LATAM,18:50,0,41,2026-10-01 12:21,1069,957,2026-10-03 00:55,17.9,957,3455,0.105,0.105,17
GYN,SAO,2026-10-02,Azul,20:00,0,14,2026-10-01 12:21,2998,2682,2026-10-02 10:48,9.2,2682,2682,0.105,0.105,7
BHZ,RIO,2026-10-02,Gol,05:15,0,7,2026-10-01 12:21,882,789,2026-10-01 22:03,7.2,789,829,0.105,0.105,6
BHZ,RIO,2026-10-02,Gol,08:05,0,7,2026-10-01 12:21,882,789,2026-10-01 22:03,10.0,789,829,0.105,0.105,6
BHZ,RIO,2026-10-02,Gol,10:45,0,7,2026-10-01 12:21,882,789,2026-10-01 22:03,12.7,789,829,0.105,0.105,6
SAO,RIO,2026-10-03,Azul,07:55,0,28,2026-10-01 10:18,963,863,2026-10-02 16:13,15.7,863,3592,0.104,0.104,15
SAO,RIO,2026-10-03,Gol,05:00,0,25,2026-10-01 10:18,929,832,2026-10-02 12:33,16.4,832,879,0.104,0.104,23
SAO,RIO,2026-10-03,Azul,13:35,0,33,2026-10-01 10:18,963,863,2026-10-02 16:13,21.4,863,863,0.104,0.104,20
SAO,RIO,2026-10-03,Azul,11:35,0,31,2026-10-01 10:18,963,863,2026-10-02 16:13,19.4,863,863,0.104,0.104,18
SAO,RIO,2026-10-03,Gol,10:20,0,31,2026-10-01 10:18,929,832,2026-10-02 12:33,21.8,832,879,0.104,0.104,29
SAO,RIO,2026-10-03,Gol,13:00,0,66,2026-10-01 10:18,881,789,2026-10-03 10:53,2.1,789,866,0.104,0.104,8
SAO,RIO,2026-10-03,Gol,16:55,0,36,2026-10-01 10:18,881,789,2026-10-03 10:53,6.0,789,789,0.104,0.104,5
SAO,RIO,2026-10-03,Azul,17:35,0,36,2026-10-01 10:18,963,863,2026-10-02 16:13,25.4,863,863,0.104,0.104,23
SAO,RIO,2026-10-03,Azul,23:20,0,43,2026-10-01 10:18,963,863,2026-10-02 16:13,31.1,863,863,0.104,0.104,30
SAO,RIO,2026-10-03,LATAM,20:45,0,42,2026-10-01 10:18,881,789,2026-10-03 18:54,1.9,789,3455,0.104,0.104,19
SAO,RIO,2026-10-03,Gol,21:50,0,42,2026-10-01 10:18,881,789,2026-10-03 10:53,10.9,789,881,0.104,0.104,4
SAO,BSB,2026-10-02,Gol,18:00,0,11,2026-10-01 12:21,1373,1230,2026-10-01 22:03,19.9,1230,1272,0.104,0.104,9
RIO,BHZ,2026-10-02,Gol,11:55,0,7,2026-10-01 12:21,882,790,2026-10-01 22:03,13.9,790,829,0.104,0.104,6
RIO,BHZ,2026-10-02,Gol,08:55,0,7,2026-10-01 12:21,882,790,2026-10-01 22:03,10.9,790,829,0.104,0.104,6
RIO,BHZ,2026-10-02,Gol,06:15,0,7,2026-10-01 12:21,882,790,2026-10-01 22:03,8.2,790,829,0.104,0.104,6
RIO,SAO,2026-10-02,Gol,21:35,0,16,2026-10-01 12:21,931,834,2026-10-02 12:33,9.0,834,834,0.104,0.104,14
RIO,SAO,2026-10-03,Gol,14:45,0,32,2026-10-01 12:21,881,789,2026-10-03 10:53,3.9,789,789,0.104,0.104,2
RIO,SAO,2026-10-03,Azul,05:45,0,24,2026-10-01 12:21,966,866,2026-10-02 16:13,13.5,866,3060,0.104,0.104,14
RIO,SAO,2026-10-03,LATAM,19:30,0,40,2026-10-01 12:21,881,789,2026-10-03 17:54,1.6,789,3456,0.104,0.104,18
RIO,SAO,2026-10-03,Azul,15:20,0,33,2026-10-01 12:21,966,866,2026-10-02 16:13,23.1,866,866,0.104,0.104,20
RIO,SAO,2026-10-03,Azul,13:20,0,32,2026-10-01 12:21,966,866,2026-10-02 16:13,21.1,866,866,0.104,0.104,19
RIO,SAO,2026-10-03,Azul,09:40,0,29,2026-10-01 12:21,966,866,2026-10-02 16:13,17.4,866,866,0.104,0.104,16
RIO,SAO,2026-10-03,Azul,19:20,0,37,2026-10-01 12:21,966,866,2026-10-02 16:13,27.1,866,866,0.104,0.104,24
BSB,SAO,2026-10-02,Gol,09:00,0,7,2026-10-01 12:21,1374,1231,2026-10-01 22:03,10.9,1231,1294,0.104,0.104,5
SAO,RIO,2026-10-04,Gol,09:15,0,51,2026-10-02 03:58,881,789,2026-10-03 10:53,22.4,789,1158,0.104,0.104,3
SAO,RIO,2026-10-04,LATAM,07:55,0,50,2026-10-02 03:58,881,789,2026-10-03 14:53,17.0,789,3455,0.104,0.104,33
RIO,SAO,2026-10-04,Gol,14:00,0,103,2026-10-02 03:58,966,866,2026-10-03 10:53,27.1,943,1263,0.104,0.024,9
GYN,SAO,2026-10-04,LATAM,18:40,1,34,2026-10-02 03:58,1440,1290,2026-10-03 13:55,28.8,1290,1440,0.104,0.104,24
SAO,RIO,2026-10-05,LATAM,07:00,0,58,2026-10-02 21:35,797,714,2026-10-03 21:00,34.0,714,3835,0.104,0.104,3
SAO,RIO,2026-10-05,Azul,16:10,0,63,2026-10-02 21:35,792,710,2026-10-04 20:55,19.2,710,899,0.104,0.104,18
FLN,SAO,2026-10-05,LATAM,06:40,0,59,2026-10-02 21:35,1437,1287,2026-10-04 14:00,16.7,1287,3856,0.104,0.104,2
RIO,SAO,2026-10-05,LATAM,09:00,0,59,2026-10-02 21:35,797,714,2026-10-04 08:55,24.1,789,3835,0.104,0.01,1
GYN,SAO,2026-10-05,Azul,15:25,0,64,2026-10-02 21:35,2787,2496,2026-10-05 09:55,5.5,2496,2496,0.104,0.104,6
SAO,FLN,2026-10-03,Gol,12:55,0,34,2026-10-01 10:18,1596,1432,2026-10-03 10:53,2.0,1432,1432,0.103,0.103,2
SAO,FLN,2026-10-03,Gol,17:10,0,38,2026-10-01 10:18,1596,1432,2026-10-03 10:53,6.3,1432,1432,0.103,0.103,6
SAO,FLN,2026-10-03,Gol,13:50,0,34,2026-10-01 10:18,1596,1432,2026-10-03 10:53,3.0,1432,1432,0.103,0.103,2
FLN,SAO,2026-10-03,Gol,15:35,0,35,2026-10-01 10:18,1590,1427,2026-10-03 10:53,4.7,1427,1427,0.103,0.103,5
SAO,SSA,2026-10-04,LATAM,12:00,0,53,2026-10-02 03:58,1023,918,2026-10-03 00:55,35.1,918,3482,0.103,0.103,36
FLN,SAO,2026-10-04,LATAM,09:15,0,49,2026-10-02 03:58,1590,1426,2026-10-03 19:55,13.3,1426,3477,0.103,0.103,34
SAO,POA,2026-10-05,LATAM,09:30,0,61,2026-10-02 21:35,1197,1074,2026-10-03 12:55,44.6,1197,3835,0.103,0.0,3
POA,SAO,2026-10-05,LATAM,12:20,0,65,2026-10-02 21:35,1210,1085,2026-10-04 20:07,16.2,1085,3862,0.103,0.103,2
POA,SAO,2026-10-05,LATAM,13:40,0,66,2026-10-02 21:35,1210,1085,2026-10-04 15:54,21.8,1085,3862,0.103,0.103,3
POA,SAO,2026-10-05,LATAM,15:00,0,68,2026-10-02 21:35,1210,1085,2026-10-04 15:54,23.1,1085,3862,0.103,0.103,3
POA,SAO,2026-10-05,LATAM,16:15,0,69,2026-10-02 21:35,1210,1085,2026-10-04 15:54,24.4,1198,3862,0.103,0.01,1
POA,SAO,2026-10-05,LATAM,10:00,0,63,2026-10-02 21:35,1210,1085,2026-10-04 20:07,13.9,1085,3862,0.103,0.103,2
RIO,SAO,2026-10-03,Azul,09:25,0,28,2026-10-01 12:21,934,839,2026-10-02 16:57,16.5,839,839,0.102,0.102,17
RIO,SAO,2026-10-03,Azul,06:35,0,25,2026-10-01 12:21,934,839,2026-10-02 16:57,13.6,839,3298,0.102,0.102,16
RIO,SAO,2026-10-03,Azul,07:00,0,26,2026-10-01 12:21,934,839,2026-10-02 16:57,14.1,839,3298,0.102,0.102,16
CWB,SAO,2026-10-02,Gol,07:15,0,7,2026-10-01 12:21,1125,1011,2026-10-01 22:03,9.2,1011,1125,0.101,0.101,5
CWB,SAO,2026-10-03,Gol,09:15,0,29,2026-10-01 12:21,1125,1011,2026-10-01 22:03,35.2,1025,1125,0.101,0.089,19
BSB,SAO,2026-10-03,LATAM,09:55,0,30,2026-10-01 12:21,1515,1362,2026-10-02 13:55,20.0,1362,1415,0.101,0.101,20
GYN,SAO,2026-10-02,Gol,19:20,0,28,2026-10-01 12:21,775,697,2026-10-02 12:33,6.8,697,1064,0.101,0.101,3
BSB,SAO,2026-10-04,Gol,08:45,0,47,2026-10-02 03:58,1362,1224,2026-10-03 10:53,21.9,1224,2270,0.101,0.101,15
SAO,FLN,2026-10-01,Gol,19:40,0,7,2026-09-30 15:19,2384,2146,2026-10-01 10:18,9.4,2146,2146,0.1,0.1,6
SAO,FLN,2026-10-01,Gol,17:10,0,4,2026-09-30 15:19,2384,2146,2026-10-01 10:18,6.9,2146,2432,0.1,0.1,2
FLN,SAO,2026-10-01,Gol,19:25,0,7,2026-09-30 15:19,2379,2141,2026-10-01 10:18,9.1,2141,2402,0.1,0.1,2
SAO,CWB,2026-10-02,Gol,17:55,0,14,2026-10-01 10:18,1139,1025,2026-10-01 22:03,19.9,1025,1039,0.1,0.1,9
SAO,CGB,2026-10-03,Azul,09:05,0,29,2026-10-01 12:21,3241,2918,2026-10-02 10:48,22.3,2918,2918,0.1,0.1,22
FLN,POA,2026-10-02,Gol,21:40,0,18,2026-10-01 12:21,918,826,2026-10-01 22:03,23.6,826,918,0.1,0.1,1
RIO,SAO,2026-10-02,Gol,09:05,0,6,2026-10-01 12:21,989,890,2026-10-01 22:03,11.0,890,890,0.1,0.1,5
RIO,SAO,2026-10-02,Gol,15:55,0,11,2026-10-01 12:21,989,890,2026-10-01 22:03,17.9,890,966,0.1,0.1,9
RIO,SAO,2026-10-02,Gol,12:55,0,8,2026-10-01 12:21,989,890,2026-10-01 22:03,14.9,890,933,0.1,0.1,7
RIO,SAO,2026-10-02,Gol,10:40,0,6,2026-10-01 12:21,989,890,2026-10-01 22:03,12.6,890,890,0.1,0.1,5
RIO,SAO,2026-10-02,Gol,08:45,0,7,2026-10-01 12:21,989,890,2026-10-01 22:03,10.7,890,933,0.1,0.1,6
RIO,SAO,2026-10-02,Gol,11:10,0,7,2026-10-01 12:21,989,890,2026-10-01 22:03,13.1,890,1481,0.1,0.1,5
RIO,SAO,2026-10-02,Azul,21:15,0,14,2026-10-01 12:21,934,841,2026-10-02 17:56,3.3,841,841,0.1,0.1,9
RIO,SAO,2026-10-02,Gol,13:40,0,8,2026-10-01 12:21,989,890,2026-10-01 22:03,15.6,890,933,0.1,0.1,7
RIO,SAO,2026-10-02,Gol,06:30,0,7,2026-10-01 12:21,989,890,2026-10-01 22:03,8.4,890,933,0.1,0.1,6
POA,FLN,2026-10-03,Gol,06:00,0,27,2026-10-01 12:21,924,832,2026-10-01 22:03,31.9,872,872,0.1,0.056,11
SAO,SSA,2026-10-03,LATAM,05:40,2,27,2026-10-01 10:18,1959,1766,2026-10-03 00:55,4.8,1766,1766,0.099,0.099,4
SAO,BSB,2026-10-03,LATAM,23:00,0,35,2026-10-01 12:21,2676,2412,2026-10-03 10:53,12.1,2412,2412,0.099,0.099,12
RIO,SAO,2026-10-02,Gol,14:10,0,18,2026-10-01 12:21,931,839,2026-10-01 22:03,16.1,839,881,0.099,0.099,12
RIO,SAO,2026-10-02,Gol,08:10,0,14,2026-10-01 12:21,931,839,2026-10-01 22:03,10.1,839,1481,0.099,0.099,5
RIO,SAO,2026-10-03,Gol,08:25,0,28,2026-10-01 12:21,931,839,2026-10-01 22:03,34.4,881,881,0.099,0.054,22
CWB,FLN,2026-10-03,LATAM,06:15,1,28,2026-10-01 12:21,3816,3439,2026-10-03 00:55,5.3,3439,3468,0.099,0.099,6
BHZ,RIO,2026-10-03,LATAM,06:20,1,27,2026-10-01 15:42,2040,1839,2026-10-03 00:55,5.4,1839,3455,0.099,0.099,5
SAO,CWB,2026-10-04,LATAM,11:45,1,25,2026-10-02 03:58,2121,1912,2026-10-03 00:55,34.8,1912,1912,0.099,0.099,13
BHZ,SAO,2026-10-04,LATAM,17:20,0,60,2026-10-02 03:58,2137,1926,2026-10-03 00:55,40.4,1926,3366,0.099,0.099,42
BSB,SAO,2026-10-04,LATAM,16:35,0,57,2026-10-02 03:58,2675,2411,2026-10-03 00:55,39.7,2411,3454,0.099,0.099,28
BSB,SAO,2026-10-04,LATAM,10:05,0,50,2026-10-02 03:58,3633,3273,2026-10-03 00:55,33.2,3273,3454,0.099,0.099,36
CWB,FLN,2026-10-04,LATAM,08:50,1,50,2026-10-02 03:58,3816,3439,2026-10-03 00:55,31.9,3439,3439,0.099,0.099,34
BHZ,RIO,2026-10-03,LATAM,12:30,1,7,2026-10-02 03:58,2040,1839,2026-10-03 00:55,11.6,1839,1839,0.099,0.099,6
BHZ,RIO,2026-10-03,LATAM,09:25,1,9,2026-10-02 03:58,2040,1839,2026-10-03 00:55,8.5,1839,3455,0.099,0.099,6
BHZ,RIO,2026-10-04,LATAM,05:45,1,47,2026-10-02 03:58,3835,3455,2026-10-03 00:55,28.8,3455,3455,0.099,0.099,31
BHZ,RIO,2026-10-04,LATAM,13:35,1,29,2026-10-02 19:55,2040,1839,2026-10-03 00:55,36.7,1839,1839,0.099,0.099,22
FLN,POA,2026-10-05,LATAM,13:40,0,66,2026-10-02 21:35,790,712,2026-10-04 12:55,24.8,783,3856,0.099,0.009,9
RIO,SAO,2026-10-05,Gol,06:30,0,35,2026-10-02 21:35,933,841,2026-10-03 16:55,37.6,2639,3106,0.099,-1.829,6
POA,FLN,2026-10-05,Aerolineas Argentinas e Gol,08:25,2,9,2026-10-03 04:55,3312,2983,2026-10-04 23:21,9.1,2983,4127,0.099,0.099,2
SAO,REC,2026-10-04,LATAM,23:20,1,5,2026-10-04 17:55,3836,3455,2026-10-04 19:55,3.4,3455,3836,0.099,0.099,1
SAO,FOR,2026-10-03,LATAM,10:00,0,32,2026-10-01 12:21,1785,1610,2026-10-03 04:55,5.1,1610,3455,0.098,0.098,2
FLN,CWB,2026-10-03,LATAM,05:35,1,27,2026-10-01 12:21,3824,3448,2026-10-03 00:55,4.7,3448,3477,0.098,0.098,6
FLN,CWB,2026-10-03,LATAM,08:40,1,29,2026-10-01 12:21,3824,3448,2026-10-03 00:55,7.8,3448,3477,0.098,0.098,8
FLN,CWB,2026-10-03,LATAM,18:00,1,39,2026-10-01 12:21,3824,3448,2026-10-03 00:55,17.1,3448,3477,0.098,0.098,18
GYN,SAO,2026-10-02,LATAM,20:45,0,17,2026-10-01 12:21,774,698,2026-10-01 16:55,27.8,698,3231,0.098,0.098,13
GYN,SAO,2026-10-02,LATAM,10:30,0,7,2026-10-01 12:21,774,698,2026-10-01 16:55,17.6,698,698,0.098,0.098,5
GYN,SAO,2026-10-02,LATAM,04:45,0,14,2026-10-01 12:21,774,698,2026-10-01 16:55,11.8,698,3231,0.098,0.098,8
GYN,SAO,2026-10-02,LATAM,08:55,0,7,2026-10-01 12:21,774,698,2026-10-01 16:55,16.0,698,698,0.098,0.098,5
RIO,BHZ,2026-10-03,LATAM,17:50,1,38,2026-10-01 15:42,2822,2546,2026-10-03 00:55,16.9,2546,2546,0.098,0.098,17
SSA,SAO,2026-10-03,LATAM,17:40,0,37,2026-10-01 16:55,3420,3084,2026-10-03 01:55,15.8,3084,3475,0.098,0.098,10
FLN,CWB,2026-10-03,LATAM,15:25,1,31,2026-10-01 22:03,3824,3448,2026-10-03 00:55,14.5,3448,3477,0.098,0.098,15
SAO,FLN,2026-10-04,LATAM,11:45,1,50,2026-10-02 03:58,1599,1442,2026-10-03 00:55,34.8,1442,1442,0.098,0.098,34
SAO,REC,2026-10-04,LATAM,07:35,0,49,2026-10-02 03:58,2540,2290,2026-10-03 00:55,30.7,2290,3030,0.098,0.098,14
SAO,FOR,2026-10-04,LATAM,13:25,0,53,2026-10-02 03:58,3055,2755,2026-10-03 00:55,36.5,2755,3482,0.098,0.098,36
SAO,FOR,2026-10-04,LATAM,09:45,0,50,2026-10-02 03:58,1785,1610,2026-10-03 00:55,32.8,1610,3455,0.098,0.098,32
FLN,POA,2026-10-03,LATAM,10:35,1,6,2026-10-02 03:58,3540,3192,2026-10-03 06:54,3.7,3192,3192,0.098,0.098,4
FLN,POA,2026-10-04,LATAM,16:30,1,57,2026-10-02 03:58,3540,3192,2026-10-03 00:55,39.6,3192,3477,0.098,0.098,41
FLN,POA,2026-10-04,LATAM,15:15,1,56,2026-10-02 03:58,3540,3192,2026-10-03 00:55,38.3,3192,3477,0.098,0.098,40
FLN,CWB,2026-10-04,LATAM,05:35,1,44,2026-10-02 03:58,3824,3448,2026-10-03 00:55,28.7,3448,3477,0.098,0.098,28
BHZ,SAO,2026-10-04,Gol,19:10,0,60,2026-10-02 03:58,879,793,2026-10-03 18:54,24.3,793,857,0.098,0.098,30
BSB,SAO,2026-10-04,LATAM,19:10,0,61,2026-10-02 03:58,1445,1304,2026-10-03 00:55,42.2,2411,3454,0.098,-0.669,13
BSB,SAO,2026-10-04,LATAM,13:55,0,53,2026-10-02 03:58,1362,1229,2026-10-03 00:55,37.0,1229,1229,0.098,0.098,39
FOR,SAO,2026-10-04,LATAM,14:20,0,55,2026-10-02 03:58,3052,2753,2026-10-03 00:55,37.4,2753,3479,0.098,0.098,11
FOR,SAO,2026-10-04,LATAM,11:50,0,48,2026-10-02 03:58,3859,3479,2026-10-03 00:55,34.9,3479,3479,0.098,0.098,35
CGB,SAO,2026-10-04,Azul,17:20,0,58,2026-10-02 03:58,3127,2822,2026-10-03 17:54,23.4,2822,3127,0.098,0.098,2
POA,FLN,2026-10-04,LATAM,15:25,1,18,2026-10-02 03:58,3546,3198,2026-10-04 00:55,14.5,3198,3482,0.098,0.098,16
POA,FLN,2026-10-04,LATAM,10:25,1,32,2026-10-02 03:58,3546,3198,2026-10-03 00:55,33.5,3198,3198,0.098,0.098,30
POA,FLN,2026-10-04,LATAM,17:55,1,23,2026-10-02 12:33,3546,3198,2026-10-04 16:55,1.0,3198,3198,0.098,0.098,9
SAO,FLN,2026-10-05,LATAM,11:45,1,25,2026-10-02 21:35,1599,1442,2026-10-03 12:55,46.8,,1442,0.098,,24
SAO,CWB,2026-10-05,Gol,09:35,0,61,2026-10-02 21:35,2518,2271,2026-10-04 12:55,20.7,2271,2971,0.098,0.098,9
SAO,POA,2026-10-03,LATAM,09:30,0,30,2026-10-01 10:18,1326,1197,2026-10-03 00:55,8.6,1197,3455,0.097,0.097,6
SAO,POA,2026-10-03,LATAM,16:55,1,25,2026-10-01 10:18,1234,1114,2026-10-03 00:55,16.0,1114,1114,0.097,0.097,15
SAO,REC,2026-10-03,LATAM,11:45,1,32,2026-10-01 10:18,1040,939,2026-10-03 00:55,10.8,939,939,0.097,0.097,10
SAO,REC,2026-10-03,LATAM,16:55,2,3,2026-10-01 10:18,1040,939,2026-10-03 10:53,6.0,939,939,0.097,0.097,2
SAO,BSB,2026-10-03,LATAM,07:25,0,58,2026-10-01 12:21,1237,1117,2026-10-03 00:55,6.5,1117,3482,0.097,0.097,6
SAO,BSB,2026-10-03,LATAM,17:40,0,39,2026-10-01 12:21,1237,1117,2026-10-03 15:54,1.8,1117,3455,0.097,0.097,6
SAO,BSB,2026-10-03,LATAM,15:50,0,37,2026-10-01 12:21,1237,1117,2026-10-03 00:55,14.9,1117,3455,0.097,0.097,14
SAO,BSB,2026-10-03,LATAM,09:40,0,31,2026-10-01 12:21,1237,1117,2026-10-03 00:55,8.8,1117,3455,0.097,0.097,8
SAO,GYN,2026-10-02,LATAM,06:35,0,7,2026-10-01 12:21,786,710,2026-10-01 16:55,13.7,710,710,0.097,0.097,5
SAO,GYN,2026-10-02,LATAM,22:15,0,18,2026-10-01 12:21,786,710,2026-10-01 16:55,29.3,710,710,0.097,0.097,16
BHZ,SAO,2026-10-03,LATAM,06:00,1,6,2026-10-01 12:21,1172,1058,2026-10-03 00:55,5.1,1058,1058,0.097,0.097,5
BSB,SAO,2026-10-03,LATAM,12:25,0,33,2026-10-01 12:21,1236,1116,2026-10-03 00:55,11.5,1116,3454,0.097,0.097,11
BSB,SAO,2026-10-03,LATAM,03:15,0,24,2026-10-01 12:21,1236,1116,2026-10-03 00:55,2.3,1116,3454,0.097,0.097,2
BSB,SAO,2026-10-03,LATAM,09:50,0,30,2026-10-01 12:21,1236,1116,2026-10-03 00:55,8.9,1116,3454,0.097,0.097,7
BSB,SAO,2026-10-03,LATAM,15:05,0,36,2026-10-01 12:21,1236,1116,2026-10-03 00:55,14.2,1116,3454,0.097,0.097,14
BSB,SAO,2026-10-03,LATAM,07:05,0,28,2026-10-01 12:21,1236,1116,2026-10-03 01:55,5.2,1116,3454,0.097,0.097,5
SSA,SAO,2026-10-03,LATAM,05:00,2,26,2026-10-01 12:21,1981,1789,2026-10-03 00:55,4.1,1789,1789,0.097,0.097,4
FOR,SAO,2026-10-03,LATAM,02:35,0,24,2026-10-01 12:21,1809,1634,2026-10-03 00:55,1.7,1634,3479,0.097,0.097,1
RIO,BHZ,2026-10-03,LATAM,13:55,1,34,2026-10-01 15:42,2067,1867,2026-10-03 00:55,13.0,1867,2079,0.097,0.097,12
SAO,FLN,2026-10-04,LATAM,17:35,0,59,2026-10-02 03:58,1317,1189,2026-10-03 00:55,40.7,1189,3455,0.097,0.097,37
SAO,FLN,2026-10-04,LATAM,13:15,0,53,2026-10-02 03:58,1317,1189,2026-10-03 00:55,36.3,1189,3455,0.097,0.097,36
SAO,FLN,2026-10-04,LATAM,23:45,0,64,2026-10-02 03:58,1317,1189,2026-10-03 00:55,46.8,1189,1189,0.097,0.097,48
SAO,POA,2026-10-04,LATAM,11:45,1,30,2026-10-02 03:58,1234,1114,2026-10-03 00:55,34.8,1114,1114,0.097,0.097,14
SAO,BSB,2026-10-04,LATAM,07:25,0,48,2026-10-02 03:58,1237,1117,2026-10-03 00:55,30.5,1117,3455,0.097,0.097,31
SAO,BSB,2026-10-04,LATAM,23:00,0,65,2026-10-02 03:58,1237,1117,2026-10-03 00:55,46.1,1117,1117,0.097,0.097,49
SAO,BSB,2026-10-04,LATAM,09:40,0,51,2026-10-02 03:58,1237,1117,2026-10-03 00:55,32.8,1117,3455,0.097,0.097,33
SAO,REC,2026-10-04,LATAM,17:30,0,61,2026-10-02 03:58,983,888,2026-10-03 00:55,40.6,888,3030,0.097,0.097,40
SAO,REC,2026-10-04,LATAM,05:40,2,28,2026-10-02 03:58,1040,939,2026-10-03 00:55,28.8,939,939,0.097,0.097,12
FLN,RIO,2026-10-04,LATAM,16:30,1,65,2026-10-02 03:58,1667,1506,2026-10-03 00:55,39.6,1506,1677,0.097,0.097,46
FLN,RIO,2026-10-04,LATAM,14:00,1,35,2026-10-02 03:58,1667,1506,2026-10-03 00:55,37.1,1506,1506,0.097,0.097,20
FLN,RIO,2026-10-04,LATAM,11:40,1,4,2026-10-02 03:58,1667,1506,2026-10-04 07:54,3.8,1506,1506,0.097,0.097,3
RIO,BHZ,2026-10-04,LATAM,13:55,1,22,2026-10-02 03:58,2067,1867,2026-10-03 13:55,24.0,1867,1867,0.097,0.097,14
RIO,BHZ,2026-10-04,LATAM,07:35,1,32,2026-10-02 03:58,2067,1867,2026-10-03 00:55,30.7,1867,1867,0.097,0.097,31
RIO,BHZ,2026-10-04,LATAM,20:10,1,63,2026-10-02 03:58,2067,1867,2026-10-03 21:54,22.3,1867,3482,0.097,0.097,13
BSB,SAO,2026-10-04,LATAM,04:15,0,44,2026-10-02 03:58,1236,1116,2026-10-03 00:55,27.3,1116,3454,0.097,0.097,29
BSB,SAO,2026-10-04,LATAM,12:25,0,52,2026-10-02 03:58,1236,1116,2026-10-03 00:55,35.5,1116,3454,0.097,0.097,13
BSB,SAO,2026-10-04,LATAM,07:05,0,47,2026-10-02 03:58,1236,1116,2026-10-03 00:55,30.2,1116,3454,0.097,0.097,32
SSA,SAO,2026-10-04,LATAM,09:45,0,52,2026-10-02 03:58,1719,1553,2026-10-03 00:55,32.8,1553,3475,0.097,0.097,33
FOR,SAO,2026-10-04,LATAM,02:35,0,43,2026-10-02 03:58,1809,1634,2026-10-03 00:55,25.7,1634,3479,0.097,0.097,27
SAO,SSA,2026-10-05,LATAM,00:05,0,49,2026-10-02 21:35,1096,990,2026-10-03 00:55,47.2,990,990,0.097,0.097,48
CGB,SAO,2026-10-05,LATAM,11:05,0,64,2026-10-02 21:35,1343,1213,2026-10-03 19:55,39.2,1213,1752,0.097,0.097,10
SAO,FLN,2026-10-03,LATAM,11:40,0,34,2026-10-01 10:18,1596,1442,2026-10-03 00:55,10.8,1442,3482,0.096,0.096,10
SAO,FLN,2026-10-03,LATAM,13:15,0,35,2026-10-01 10:18,1596,1442,2026-10-03 00:55,12.3,1442,3482,0.096,0.096,11
SAO,FLN,2026-10-03,LATAM,19:55,0,42,2026-10-01 10:18,1596,1442,2026-10-03 00:55,19.0,1442,1442,0.096,0.096,19
SAO,FLN,2026-10-03,LATAM,08:15,0,31,2026-10-01 10:18,1596,1442,2026-10-03 00:55,7.3,1442,3482,0.096,0.096,7
SAO,FLN,2026-10-03,LATAM,16:00,0,38,2026-10-01 10:18,1596,1442,2026-10-03 00:55,15.1,1442,3482,0.096,0.096,14
SAO,FLN,2026-10-03,LATAM,06:45,0,29,2026-10-01 10:18,1596,1442,2026-10-03 00:55,5.8,1442,1442,0.096,0.096,6
FLN,SAO,2026-10-03,LATAM,18:00,0,39,2026-10-01 10:18,1590,1437,2026-10-03 00:55,17.1,1437,3477,0.096,0.096,15
FLN,SAO,2026-10-03,LATAM,08:40,0,30,2026-10-01 10:18,1590,1437,2026-10-03 00:55,7.8,1437,3477,0.096,0.096,6
FLN,SAO,2026-10-03,LATAM,17:10,0,38,2026-10-01 10:18,1590,1437,2026-10-03 00:55,16.2,1437,3477,0.096,0.096,14
FLN,SAO,2026-10-03,LATAM,07:35,0,29,2026-10-01 10:18,1590,1437,2026-10-03 00:55,6.7,1437,1437,0.096,0.096,6
FLN,SAO,2026-10-03,LATAM,10:30,0,31,2026-10-01 10:18,1590,1437,2026-10-03 00:55,9.6,1437,3477,0.096,0.096,7
SAO,POA,2026-10-03,LATAM,17:55,0,39,2026-10-01 10:18,1337,1209,2026-10-03 00:55,17.0,1209,3482,0.096,0.096,16
SAO,POA,2026-10-03,LATAM,21:05,0,43,2026-10-01 10:18,1337,1209,2026-10-03 00:55,20.2,1209,3482,0.096,0.096,20
SAO,POA,2026-10-03,LATAM,16:15,0,37,2026-10-01 10:18,1337,1209,2026-10-03 00:55,15.3,1209,3482,0.096,0.096,14
SAO,CGB,2026-10-03,LATAM,11:45,1,8,2026-10-01 12:21,2121,1918,2026-10-01 15:42,44.0,,1918,0.096,,7
POA,FLN,2026-10-03,LATAM,08:45,1,29,2026-10-01 12:21,1573,1422,2026-10-03 00:55,7.8,1422,1422,0.096,0.096,8
POA,FLN,2026-10-03,LATAM,16:40,1,34,2026-10-01 12:21,1573,1422,2026-10-03 00:55,15.8,1422,3482,0.096,0.096,14
FLN,POA,2026-10-03,LATAM,15:25,1,34,2026-10-01 15:42,1567,1416,2026-10-03 00:55,14.5,1416,3477,0.096,0.096,14
FLN,POA,2026-10-03,LATAM,08:40,1,29,2026-10-01 15:42,1567,1416,2026-10-03 00:55,7.8,1416,3477,0.096,0.096,7
RIO,FLN,2026-10-03,LATAM,08:55,1,8,2026-10-01 15:42,1379,1247,2026-10-03 01:55,7.0,1247,1247,0.096,0.096,6
RIO,FLN,2026-10-03,LATAM,13:50,1,30,2026-10-01 15:42,1379,1247,2026-10-03 00:55,12.9,1247,1247,0.096,0.096,13
RIO,FLN,2026-10-03,LATAM,17:50,1,37,2026-10-01 15:42,1379,1247,2026-10-03 00:55,16.9,1247,1247,0.096,0.096,15
FLN,SAO,2026-10-03,LATAM,17:50,1,34,2026-10-01 16:55,1622,1466,2026-10-03 00:55,16.9,1466,1466,0.096,0.096,14
SAO,RIO,2026-10-04,LATAM,21:10,0,65,2026-10-02 03:58,962,870,2026-10-03 00:55,44.2,870,3455,0.096,0.096,48
SAO,POA,2026-10-04,LATAM,14:15,0,56,2026-10-02 03:58,1337,1209,2026-10-03 00:55,37.3,1209,3482,0.096,0.096,38
SAO,POA,2026-10-04,LATAM,08:05,0,50,2026-10-02 03:58,1337,1209,2026-10-03 00:55,31.2,1209,3482,0.096,0.096,33
SAO,POA,2026-10-04,LATAM,13:00,0,54,2026-10-02 03:58,1337,1209,2026-10-03 00:55,36.1,1209,3482,0.096,0.096,37
SAO,POA,2026-10-04,LATAM,10:45,0,52,2026-10-02 03:58,1337,1209,2026-10-03 00:55,33.8,1209,1209,0.096,0.096,36
SAO,POA,2026-10-04,LATAM,15:15,0,57,2026-10-02 03:58,1337,1209,2026-10-03 00:55,38.3,1209,3482,0.096,0.096,40
SAO,POA,2026-10-04,LATAM,19:15,0,62,2026-10-02 03:58,1337,1209,2026-10-03 00:55,42.3,1209,3482,0.096,0.096,45
SAO,POA,2026-10-04,LATAM,08:45,0,50,2026-10-02 03:58,1337,1209,2026-10-03 00:55,31.8,1209,3482,0.096,0.096,33
SAO,POA,2026-10-04,LATAM,21:05,0,65,2026-10-02 03:58,1337,1209,2026-10-03 00:55,44.2,1209,3482,0.096,0.096,48
SAO,BHZ,2026-10-04,LATAM,22:40,0,64,2026-10-02 03:58,933,843,2026-10-03 00:55,45.8,843,843,0.096,0.096,48
SAO,BHZ,2026-10-04,LATAM,17:55,0,59,2026-10-02 03:58,933,843,2026-10-03 00:55,41.0,843,3366,0.096,0.096,42
SAO,BHZ,2026-10-04,LATAM,16:10,0,57,2026-10-02 03:58,933,843,2026-10-03 00:55,39.2,843,3366,0.096,0.096,40
SAO,BSB,2026-10-04,LATAM,12:40,0,53,2026-10-02 03:58,1390,1257,2026-10-03 00:55,35.8,1257,3482,0.096,0.096,34
SAO,BSB,2026-10-04,LATAM,18:25,0,61,2026-10-02 03:58,1390,1257,2026-10-03 00:55,41.5,1257,3482,0.096,0.096,41
SAO,BSB,2026-10-04,LATAM,20:35,0,64,2026-10-02 03:58,1390,1257,2026-10-03 00:55,43.7,1257,3482,0.096,0.096,46
SAO,BSB,2026-10-04,LATAM,19:10,0,62,2026-10-02 03:58,1390,1257,2026-10-03 00:55,42.2,1257,3482,0.096,0.096,45
SAO,FOR,2026-10-04,LATAM,23:20,0,64,2026-10-02 03:58,1059,957,2026-10-03 00:55,46.4,957,1610,0.096,0.096,34
SAO,FOR,2026-10-04,LATAM,20:35,0,63,2026-10-02 03:58,1059,957,2026-10-03 21:54,22.7,957,3455,0.096,0.096,10
SAO,GYN,2026-10-04,LATAM,12:20,0,52,2026-10-02 03:58,916,828,2026-10-03 00:55,35.4,828,2898,0.096,0.096,27
FLN,SAO,2026-10-04,LATAM,20:25,0,62,2026-10-02 03:58,1590,1437,2026-10-03 00:55,43.5,1437,3477,0.096,0.096,46
BHZ,SAO,2026-10-04,LATAM,17:55,0,60,2026-10-02 03:58,933,843,2026-10-03 00:55,41.0,843,3366,0.096,0.096,43
BHZ,SAO,2026-10-04,LATAM,19:50,0,62,2026-10-02 03:58,933,843,2026-10-03 00:55,42.9,843,3366,0.096,0.096,45
CGB,SAO,2026-10-04,LATAM,10:15,1,51,2026-10-02 03:58,1455,1315,2026-10-03 00:55,33.3,1315,1315,0.096,0.096,35
RIO,FLN,2026-10-04,LATAM,16:20,1,22,2026-10-02 03:58,1673,1512,2026-10-03 00:55,39.4,1512,3482,0.096,0.096,17
RIO,FLN,2026-10-04,LATAM,07:35,1,2,2026-10-02 12:33,1379,1247,2026-10-03 21:54,9.7,1247,1247,0.096,0.096,1
POA,FLN,2026-10-04,LATAM,08:45,1,48,2026-10-02 12:33,1573,1422,2026-10-03 00:55,31.8,1422,1422,0.096,0.096,34
POA,FLN,2026-10-04,LATAM,07:15,1,46,2026-10-02 12:33,1573,1422,2026-10-03 00:55,30.3,1422,1422,0.096,0.096,32
FLN,POA,2026-10-03,LATAM,18:00,1,26,2026-10-02 18:55,1567,1416,2026-10-03 00:55,17.1,1416,3477,0.096,0.096,17
SAO,FOR,2026-10-05,LATAM,00:05,0,54,2026-10-02 21:35,1059,957,2026-10-03 00:55,47.2,957,1059,0.096,0.096,52
SAO,RIO,2026-10-03,LATAM,23:45,0,43,2026-10-01 10:18,881,797,2026-10-03 00:55,22.8,797,797,0.095,0.095,21
SAO,RIO,2026-10-03,LATAM,17:45,0,38,2026-10-01 10:18,881,797,2026-10-03 00:55,16.8,797,3455,0.095,0.095,14
SAO,RIO,2026-10-03,LATAM,19:45,0,41,2026-10-01 10:18,881,797,2026-10-03 00:55,18.8,797,3455,0.095,0.095,18
SAO,REC,2026-10-03,LATAM,20:40,0,43,2026-10-01 10:18,1215,1099,2026-10-03 10:53,9.8,1099,3091,0.095,0.095,10
RIO,SAO,2026-10-03,LATAM,18:35,0,39,2026-10-01 12:21,881,797,2026-10-03 00:55,17.7,797,3456,0.095,0.095,16
POA,SAO,2026-10-03,LATAM,17:40,0,39,2026-10-01 12:21,1337,1210,2026-10-03 00:55,16.8,1210,3482,0.095,0.095,16
POA,SAO,2026-10-03,LATAM,16:40,0,38,2026-10-01 12:21,1337,1210,2026-10-03 00:55,15.8,1210,3482,0.095,0.095,15
POA,SAO,2026-10-03,LATAM,18:40,0,41,2026-10-01 12:21,1337,1210,2026-10-03 00:55,17.8,1210,3482,0.095,0.095,17
SAO,GYN,2026-10-03,LATAM,17:20,0,37,2026-10-01 15:42,683,618,2026-10-03 00:55,16.4,618,678,0.095,0.095,17
SAO,GYN,2026-10-03,LATAM,21:50,0,41,2026-10-01 15:42,683,618,2026-10-03 00:55,20.9,618,678,0.095,0.095,21
FLN,RIO,2026-10-03,LATAM,07:35,1,19,2026-10-01 15:42,1373,1242,2026-10-03 00:55,6.7,1242,1242,0.095,0.095,6
POA,SAO,2026-10-03,LATAM,05:15,1,22,2026-10-01 15:42,1263,1143,2026-10-03 00:55,4.3,1143,1143,0.095,0.095,4
REC,SAO,2026-10-03,LATAM,10:00,0,30,2026-10-01 15:42,1213,1098,2026-10-03 00:55,9.1,1098,3089,0.095,0.095,9
REC,SAO,2026-10-03,LATAM,18:30,2,37,2026-10-01 15:42,1067,966,2026-10-03 00:55,17.6,966,966,0.095,0.095,17
SAO,RIO,2026-10-04,LATAM,07:00,0,49,2026-10-02 03:58,881,797,2026-10-03 00:55,30.1,797,3455,0.095,0.095,32
SAO,BHZ,2026-10-04,LATAM,09:50,0,51,2026-10-02 03:58,1035,937,2026-10-03 00:55,32.9,937,937,0.095,0.095,35
SAO,REC,2026-10-04,LATAM,14:25,0,57,2026-10-02 03:58,1215,1099,2026-10-03 00:55,37.5,1099,3091,0.095,0.095,38
SAO,REC,2026-10-04,LATAM,20:40,0,65,2026-10-02 03:58,1215,1099,2026-10-03 00:55,43.8,1099,3091,0.095,0.095,47
SAO,REC,2026-10-04,LATAM,22:50,0,66,2026-10-02 03:58,838,758,2026-10-03 00:55,45.9,758,758,0.095,0.095,50
SAO,GYN,2026-10-04,LATAM,21:40,0,64,2026-10-02 03:58,683,618,2026-10-03 00:55,44.8,618,2898,0.095,0.095,47
SAO,GYN,2026-10-04,LATAM,07:25,0,48,2026-10-02 03:58,683,618,2026-10-03 00:55,30.5,618,2898,0.095,0.095,18
RIO,SAO,2026-10-04,LATAM,05:00,0,46,2026-10-02 03:58,881,797,2026-10-03 00:55,28.1,797,3456,0.095,0.095,30
RIO,SAO,2026-10-04,LATAM,07:00,0,48,2026-10-02 03:58,881,797,2026-10-03 00:55,30.1,797,3456,0.095,0.095,32
RIO,SAO,2026-10-04,LATAM,07:40,0,48,2026-10-02 03:58,881,797,2026-10-03 00:55,30.8,797,3456,0.095,0.095,32
RIO,SAO,2026-10-04,LATAM,12:05,0,51,2026-10-02 03:58,881,797,2026-10-03 08:54,27.2,797,2948,0.095,0.095,18
POA,SAO,2026-10-04,LATAM,05:15,1,27,2026-10-02 03:58,1263,1143,2026-10-03 00:55,28.3,1143,1143,0.095,0.095,11
POA,SAO,2026-10-04,LATAM,07:15,0,49,2026-10-02 03:58,1337,1210,2026-10-03 00:55,30.3,1210,3482,0.095,0.095,32
POA,SAO,2026-10-04,LATAM,15:25,0,57,2026-10-02 03:58,1337,1210,2026-10-03 00:55,38.5,1210,3482,0.095,0.095,40
POA,SAO,2026-10-04,LATAM,16:15,0,58,2026-10-02 03:58,1337,1210,2026-10-03 00:55,39.3,1210,3482,0.095,0.095,41
POA,SAO,2026-10-04,LATAM,13:15,0,54,2026-10-02 03:58,1337,1210,2026-10-03 00:55,36.3,1210,3482,0.095,0.095,37
POA,SAO,2026-10-04,LATAM,10:25,0,51,2026-10-02 03:58,1337,1210,2026-10-03 00:55,33.5,1210,1210,0.095,0.095,35
POA,SAO,2026-10-04,LATAM,08:45,0,50,2026-10-02 03:58,1337,1210,2026-10-03 00:55,31.8,1210,3482,0.095,0.095,33
POA,SAO,2026-10-04,LATAM,17:00,0,59,2026-10-02 03:58,1337,1210,2026-10-03 00:55,40.1,1210,3482,0.095,0.095,42
REC,SAO,2026-10-04,LATAM,13:50,0,53,2026-10-02 03:58,1213,1098,2026-10-03 00:55,36.9,1098,2351,0.095,0.095,35
GYN,SAO,2026-10-04,LATAM,14:40,0,55,2026-10-02 03:58,931,843,2026-10-03 00:55,37.8,843,2913,0.095,0.095,35
POA,SAO,2026-10-03,LATAM,11:00,2,8,2026-10-02 10:48,1263,1143,2026-10-03 05:32,5.5,1143,1143,0.095,0.095,5
POA,SAO,2026-10-03,LATAM,06:00,2,4,2026-10-02 10:48,1263,1143,2026-10-03 04:55,1.1,1143,1143,0.095,0.095,1
POA,SAO,2026-10-03,LATAM,21:40,2,17,2026-10-02 10:48,1263,1143,2026-10-03 10:53,10.8,1143,3482,0.095,0.095,11
REC,SAO,2026-10-04,LATAM,16:40,1,49,2026-10-02 13:55,1067,966,2026-10-03 12:55,27.8,966,2492,0.095,0.095,30
SAO,RIO,2026-10-03,LATAM,17:00,0,38,2026-10-01 10:18,989,896,2026-10-03 00:55,16.1,896,2812,0.094,0.094,14
SAO,CGB,2026-10-03,LATAM,14:15,0,36,2026-10-01 12:21,575,521,2026-10-03 00:55,13.3,521,3368,0.094,0.094,8
SAO,CGB,2026-10-03,LATAM,07:10,0,29,2026-10-01 12:21,575,521,2026-10-03 00:55,6.2,521,3368,0.094,0.094,6
BSB,SAO,2026-10-03,Gol,09:00,0,29,2026-10-01 12:21,1374,1245,2026-10-02 22:54,10.1,1245,1294,0.094,0.094,23
SAO,RIO,2026-10-04,LATAM,11:40,0,52,2026-10-02 03:58,989,896,2026-10-03 00:55,34.8,896,2974,0.094,0.094,34
SAO,BHZ,2026-10-04,LATAM,19:20,0,61,2026-10-02 03:58,977,885,2026-10-03 00:55,42.4,885,3393,0.094,0.094,44
SAO,SSA,2026-10-04,LATAM,20:05,0,63,2026-10-02 03:58,1013,918,2026-10-03 00:55,43.2,918,3482,0.094,0.094,46
SAO,SSA,2026-10-04,LATAM,21:50,0,65,2026-10-02 03:58,1013,918,2026-10-03 00:55,44.9,918,3482,0.094,0.094,48
SAO,SSA,2026-10-04,LATAM,12:45,0,53,2026-10-02 03:58,1013,918,2026-10-03 00:55,35.8,918,3482,0.094,0.094,36
SAO,CGB,2026-10-04,LATAM,23:50,0,63,2026-10-02 03:58,575,521,2026-10-03 00:55,46.9,521,521,0.094,0.094,47
SAO,CGB,2026-10-04,LATAM,16:05,0,56,2026-10-02 03:58,575,521,2026-10-03 00:55,39.2,521,3368,0.094,0.094,39
RIO,SAO,2026-10-04,LATAM,13:55,0,52,2026-10-02 03:58,989,896,2026-10-03 00:55,37.0,896,2975,0.094,0.094,15
RIO,SAO,2026-10-04,LATAM,17:00,0,56,2026-10-02 03:58,989,896,2026-10-03 00:55,40.1,896,2975,0.094,0.094,14
RIO,SAO,2026-10-04,LATAM,17:45,0,56,2026-10-02 03:58,989,896,2026-10-04 06:55,10.8,896,3482,0.094,0.094,3
RIO,SAO,2026-10-04,LATAM,20:10,0,121,2026-10-02 03:58,989,896,2026-10-03 00:55,43.2,1339,3482,0.094,-0.354,9
RIO,SAO,2026-10-04,LATAM,07:35,0,48,2026-10-02 03:58,989,896,2026-10-03 00:55,30.7,896,2812,0.094,0.094,32
RIO,SAO,2026-10-04,LATAM,06:50,0,47,2026-10-02 03:58,989,896,2026-10-03 00:55,29.9,896,2812,0.094,0.094,31
RIO,SAO,2026-10-04,LATAM,16:20,0,56,2026-10-02 03:58,989,896,2026-10-03 00:55,39.4,896,2975,0.094,0.094,13
RIO,SAO,2026-10-04,LATAM,06:10,0,47,2026-10-02 03:58,989,896,2026-10-03 00:55,29.2,896,898,0.094,0.094,32
SSA,SAO,2026-10-04,LATAM,15:50,0,116,2026-10-02 03:58,1006,911,2026-10-03 00:55,38.9,911,3475,0.094,0.094,38
SSA,SAO,2026-10-04,LATAM,13:15,0,55,2026-10-02 03:58,1006,911,2026-10-03 00:55,36.3,911,3475,0.094,0.094,34
SAO,RIO,2026-10-05,LATAM,12:15,0,62,2026-10-02 21:35,870,788,2026-10-03 12:55,47.3,870,3835,0.094,0.0,8
SSA,SAO,2026-10-05,LATAM,04:45,0,57,2026-10-02 21:35,1006,911,2026-10-03 12:55,39.8,919,1719,0.094,0.086,14
GYN,SAO,2026-10-03,LATAM,19:40,0,42,2026-10-01 12:21,698,633,2026-10-03 00:55,18.8,633,693,0.093,0.093,20
SAO,GYN,2026-10-03,LATAM,11:25,0,30,2026-10-01 15:42,943,855,2026-10-03 00:55,10.5,855,974,0.093,0.093,8
FLN,POA,2026-10-03,LATAM,13:40,0,34,2026-10-01 15:42,871,790,2026-10-03 00:55,12.8,790,3477,0.093,0.093,12
FLN,POA,2026-10-04,LATAM,13:10,0,53,2026-10-02 03:58,871,790,2026-10-03 00:55,36.2,790,3477,0.093,0.093,36
REC,SAO,2026-10-04,LATAM,13:35,0,53,2026-10-02 03:58,863,783,2026-10-03 00:55,36.7,783,793,0.093,0.093,38
GYN,SAO,2026-10-04,LATAM,05:10,0,46,2026-10-02 03:58,698,633,2026-10-03 00:55,28.2,633,693,0.093,0.093,31
GYN,SAO,2026-10-04,LATAM,09:50,0,50,2026-10-02 03:58,698,633,2026-10-03 00:55,32.9,633,2913,0.093,0.093,30
GYN,SAO,2026-10-04,LATAM,04:45,0,45,2026-10-02 03:58,698,633,2026-10-03 00:55,27.8,633,693,0.093,0.093,30
FLN,CWB,2026-10-05,Gol,08:00,1,58,2026-10-02 21:35,3647,3309,2026-10-04 12:55,19.1,3309,3647,0.093,0.093,24
CGB,SAO,2026-10-03,LATAM,02:25,0,24,2026-10-01 12:21,588,534,2026-10-03 00:55,1.5,534,3381,0.092,0.092,2
CGB,SAO,2026-10-03,LATAM,04:45,0,27,2026-10-01 12:21,588,534,2026-10-03 00:55,3.8,534,3381,0.092,0.092,5
CGB,SAO,2026-10-03,LATAM,13:00,0,35,2026-10-01 12:21,588,534,2026-10-03 00:55,12.1,534,3381,0.092,0.092,13
CGB,SAO,2026-10-03,LATAM,09:15,0,31,2026-10-01 12:21,588,534,2026-10-03 00:55,8.3,534,3381,0.092,0.092,9
POA,FLN,2026-10-03,LATAM,15:30,0,35,2026-10-01 12:21,877,796,2026-10-03 00:55,14.6,796,3482,0.092,0.092,13
FOR,SAO,2026-10-04,Gol,16:10,0,56,2026-10-02 03:58,1068,970,2026-10-03 18:54,21.3,970,970,0.092,0.092,48
FOR,SAO,2026-10-04,Gol,10:30,0,49,2026-10-02 03:58,1068,970,2026-10-03 20:55,13.6,970,970,0.092,0.092,41
CGB,SAO,2026-10-04,LATAM,09:30,0,51,2026-10-02 03:58,588,534,2026-10-03 00:55,32.6,534,534,0.092,0.092,35
CGB,SAO,2026-10-04,LATAM,13:40,0,56,2026-10-02 03:58,588,534,2026-10-03 00:55,36.8,534,3381,0.092,0.092,38
CGB,SAO,2026-10-04,LATAM,18:10,0,62,2026-10-02 03:58,588,534,2026-10-03 00:55,41.2,534,3381,0.092,0.092,45
POA,FLN,2026-10-04,LATAM,14:50,0,57,2026-10-02 03:58,877,796,2026-10-03 00:55,37.9,796,3482,0.092,0.092,39
SAO,BSB,2026-10-02,Azul,17:05,0,20,2026-10-01 12:21,1390,1264,2026-10-02 14:55,2.2,1264,1359,0.091,0.091,12
RIO,BHZ,2026-10-02,Azul,13:40,0,8,2026-10-01 12:21,997,906,2026-10-02 10:48,2.9,906,906,0.091,0.091,6
RIO,SAO,2026-10-02,Gol,21:10,0,15,2026-10-01 12:21,822,747,2026-10-02 12:33,8.6,747,747,0.091,0.091,6
RIO,SAO,2026-10-03,Gol,14:00,0,33,2026-10-01 12:21,822,747,2026-10-02 12:33,25.4,747,2785,0.091,0.091,12
RIO,SAO,2026-10-03,Gol,08:55,0,28,2026-10-01 12:21,822,747,2026-10-02 13:55,19.0,747,822,0.091,0.091,7
RIO,SAO,2026-10-03,Gol,19:20,0,38,2026-10-01 12:21,822,747,2026-10-02 12:33,30.8,747,822,0.091,0.091,10
CWB,FLN,2026-10-03,LATAM,11:30,1,24,2026-10-01 12:21,3816,3468,2026-10-03 00:55,10.6,3468,3468,0.091,0.091,11
BHZ,SAO,2026-10-04,Azul,21:00,0,62,2026-10-02 03:58,3015,2740,2026-10-03 19:55,25.1,2740,2740,0.091,0.091,26
RIO,SAO,2026-10-05,Azul,10:05,0,58,2026-10-02 21:35,815,741,2026-10-03 13:55,44.2,741,816,0.091,0.091,35
SAO,RIO,2026-10-02,Gol,21:00,0,16,2026-09-30 15:19,3015,2743,2026-10-02 18:55,2.1,2743,2743,0.09,0.09,3
SAO,RIO,2026-10-03,Gol,17:20,0,37,2026-10-01 10:18,849,773,2026-10-02 12:33,28.8,773,849,0.09,0.09,34
SAO,RIO,2026-10-03,Gol,16:00,0,33,2026-10-01 10:18,965,878,2026-10-02 12:33,27.4,878,3862,0.09,0.09,11
SAO,RIO,2026-10-03,Gol,11:45,0,32,2026-10-01 10:18,849,773,2026-10-02 12:33,23.2,773,849,0.09,0.09,31
SAO,RIO,2026-10-03,Gol,06:00,0,27,2026-10-01 10:18,849,773,2026-10-02 12:33,17.4,773,849,0.09,0.09,27
SAO,CGB,2026-10-03,LATAM,19:15,0,42,2026-10-01 12:21,524,477,2026-10-03 05:32,13.7,477,519,0.09,0.09,15
BHZ,SAO,2026-10-03,Gol,19:10,0,41,2026-10-01 12:21,791,720,2026-10-03 10:53,8.3,720,900,0.09,0.09,18
SAO,RIO,2026-10-04,Gol,10:05,0,50,2026-10-02 03:58,849,773,2026-10-02 12:33,45.5,809,809,0.09,0.047,49
SAO,RIO,2026-10-04,Gol,06:05,0,46,2026-10-02 03:58,849,773,2026-10-02 12:33,41.5,809,809,0.09,0.047,45
SAO,CGB,2026-10-04,LATAM,13:30,0,52,2026-10-02 03:58,524,477,2026-10-03 00:55,36.6,477,519,0.09,0.09,42
SAO,CGB,2026-10-04,LATAM,21:30,0,63,2026-10-02 03:58,524,477,2026-10-03 00:55,44.6,477,519,0.09,0.09,51
CGB,SAO,2026-10-04,LATAM,02:50,0,44,2026-10-02 03:58,510,464,2026-10-03 00:55,25.9,464,464,0.09,0.09,44
SAO,POA,2026-10-05,Gol,08:05,0,59,2026-10-02 21:35,998,908,2026-10-04 16:55,15.2,908,1388,0.09,0.09,17
SAO,POA,2026-10-05,Gol,14:50,0,59,2026-10-02 21:35,998,908,2026-10-04 16:55,21.9,908,1388,0.09,0.09,18
SAO,POA,2026-10-05,Gol,09:40,0,61,2026-10-02 21:35,998,908,2026-10-04 16:55,16.8,908,1388,0.09,0.09,17
SAO,POA,2026-10-05,Gol,12:35,0,63,2026-10-02 21:35,998,908,2026-10-04 16:55,19.7,908,1324,0.09,0.09,18
SAO,POA,2026-10-05,Gol,06:55,0,57,2026-10-02 21:35,998,908,2026-10-04 16:55,14.0,908,1388,0.09,0.09,17
BSB,SAO,2026-10-05,Gol,09:00,0,61,2026-10-02 21:35,1273,1158,2026-10-03 10:53,46.1,1374,1374,0.09,-0.079,1
SAO,RIO,2026-10-01,LATAM,17:00,0,5,2026-09-30 15:19,3622,3298,2026-10-01 15:42,1.3,3298,3298,0.089,0.089,3
SAO,RIO,2026-10-01,LATAM,19:00,0,6,2026-09-30 15:19,3622,3298,2026-10-01 15:42,3.3,3298,3298,0.089,0.089,4
SAO,RIO,2026-10-01,LATAM,18:05,0,5,2026-09-30 15:19,3622,3298,2026-10-01 15:42,2.4,3298,3298,0.089,0.089,3
SAO,RIO,2026-10-01,LATAM,18:30,0,6,2026-09-30 15:19,3622,3298,2026-10-01 15:42,2.8,3298,3298,0.089,0.089,4
SAO,RIO,2026-10-01,LATAM,16:05,0,4,2026-09-30 15:19,3622,3298,2026-10-01 15:42,0.4,3298,3298,0.089,0.089,2
SAO,CWB,2026-10-02,LATAM,07:30,0,8,2026-10-01 10:18,1112,1013,2026-10-01 22:03,9.4,1013,2676,0.089,0.089,5
SAO,CWB,2026-10-02,LATAM,15:30,0,12,2026-10-01 10:18,1112,1013,2026-10-01 17:55,21.6,1013,3605,0.089,0.089,11
SAO,CWB,2026-10-02,LATAM,09:30,0,8,2026-10-01 10:18,1112,1013,2026-10-01 17:55,15.6,1013,1112,0.089,0.089,8
SAO,CWB,2026-10-02,LATAM,13:00,0,10,2026-10-01 10:18,1112,1013,2026-10-01 17:55,19.1,1013,1049,0.089,0.089,10
SAO,CWB,2026-10-03,LATAM,07:50,0,30,2026-10-01 10:18,1112,1013,2026-10-01 17:55,37.9,1049,2412,0.089,0.057,13
SAO,CWB,2026-10-03,LATAM,09:35,0,32,2026-10-01 10:18,1112,1013,2026-10-01 17:55,39.7,1049,3248,0.089,0.057,14
SAO,BSB,2026-10-05,Azul,11:00,0,59,2026-10-02 21:35,1184,1079,2026-10-03 17:54,41.1,1296,1296,0.089,-0.095,17
RIO,SAO,2026-10-05,LATAM,13:55,0,62,2026-10-02 21:35,896,816,2026-10-05 12:54,1.0,816,816,0.089,0.089,38
CWB,SAO,2026-10-02,LATAM,19:10,0,13,2026-10-01 12:21,1125,1026,2026-10-01 17:55,25.2,1026,1062,0.088,0.088,13
CWB,SAO,2026-10-02,LATAM,11:10,0,8,2026-10-01 12:21,1125,1026,2026-10-01 17:55,17.2,1026,3618,0.088,0.088,7
CWB,SAO,2026-10-02,LATAM,14:45,0,9,2026-10-01 12:21,1125,1026,2026-10-01 17:55,20.8,1026,3618,0.088,0.088,8
CWB,SAO,2026-10-02,LATAM,07:10,0,7,2026-10-01 12:21,1125,1026,2026-10-01 17:55,13.2,1026,1125,0.088,0.088,7
CWB,SAO,2026-10-02,LATAM,05:10,0,7,2026-10-01 12:21,1125,1026,2026-10-01 17:55,11.2,1026,1125,0.088,0.088,7
CWB,SAO,2026-10-02,LATAM,09:55,0,7,2026-10-01 12:21,1125,1026,2026-10-01 17:55,16.0,1026,1125,0.088,0.088,7
GYN,SAO,2026-10-02,LATAM,14:40,0,10,2026-10-01 12:21,849,774,2026-10-01 18:18,20.4,774,3231,0.088,0.088,7
SAO,POA,2026-10-04,Gol,18:25,0,60,2026-10-02 03:58,1020,930,2026-10-04 08:55,9.5,930,3806,0.088,0.088,28
SAO,POA,2026-10-04,Gol,17:10,0,57,2026-10-02 03:58,1020,930,2026-10-04 08:55,8.2,930,930,0.088,0.088,29
REC,SAO,2026-10-04,Gol,02:15,1,11,2026-10-02 03:58,1497,1366,2026-10-02 16:57,33.3,,1366,0.088,,11
SAO,POA,2026-10-02,LATAM,15:15,0,12,2026-10-01 10:18,1326,1211,2026-10-01 17:55,21.3,1211,3835,0.087,0.087,11
SAO,POA,2026-10-02,LATAM,12:30,0,9,2026-10-01 10:18,1326,1211,2026-10-01 17:55,18.6,1211,3301,0.087,0.087,8
SAO,POA,2026-10-02,LATAM,19:30,0,16,2026-10-01 10:18,1326,1211,2026-10-01 17:55,25.6,1211,3835,0.087,0.087,15
SAO,POA,2026-10-02,LATAM,22:10,0,19,2026-10-01 10:18,1326,1211,2026-10-01 17:55,28.2,1250,1250,0.087,0.057,19
SAO,POA,2026-10-02,LATAM,23:30,0,19,2026-10-01 10:18,1326,1211,2026-10-01 17:55,29.6,1250,1250,0.087,0.057,19
SAO,POA,2026-10-02,LATAM,09:35,0,8,2026-10-01 10:18,1326,1211,2026-10-01 17:55,15.7,1211,1326,0.087,0.087,8
BHZ,SAO,2026-10-02,Gol,19:10,0,13,2026-10-01 15:42,791,722,2026-10-02 16:13,3.0,722,722,0.087,0.087,8
BHZ,SAO,2026-10-02,Gol,20:40,0,14,2026-10-01 15:42,791,722,2026-10-02 16:13,4.5,722,722,0.087,0.087,9
SAO,REC,2026-10-03,LATAM,17:30,0,39,2026-10-01 10:18,917,838,2026-10-02 12:33,28.9,838,3030,0.086,0.086,29
FOR,SAO,2026-10-02,Azul,18:15,1,8,2026-10-01 12:21,1420,1301,2026-10-02 12:33,5.7,1301,1301,0.084,0.084,8
REC,SAO,2026-10-03,LATAM,02:45,0,20,2026-10-01 15:42,942,863,2026-10-02 13:55,12.8,863,2565,0.084,0.084,9
GYN,SAO,2026-10-05,Gol,05:10,0,54,2026-10-02 21:35,1744,1598,2026-10-04 12:55,16.2,1598,1874,0.084,0.084,45
RIO,FLN,2026-10-04,Gol,12:20,0,53,2026-10-02 03:58,2375,2178,2026-10-03 18:54,17.4,2178,2178,0.083,0.083,50
BSB,SAO,2026-10-05,Azul,15:55,0,67,2026-10-02 21:35,854,783,2026-10-04 20:55,19.0,783,1034,0.083,0.083,31
BSB,SAO,2026-10-05,Azul,12:00,0,63,2026-10-02 21:35,854,783,2026-10-04 20:55,15.1,783,904,0.083,0.083,35
SAO,FOR,2026-10-02,LATAM,12:30,0,8,2026-10-01 12:21,1785,1638,2026-10-01 22:03,14.4,1638,1638,0.082,0.082,8
FLN,RIO,2026-10-04,Gol,10:30,0,49,2026-10-02 03:58,2396,2199,2026-10-03 19:55,14.6,2199,2199,0.082,0.082,48
FLN,RIO,2026-10-04,Gol,14:40,0,53,2026-10-02 03:58,2396,2199,2026-10-03 19:55,18.8,2199,2199,0.082,0.082,50
POA,FLN,2026-10-03,LATAM,17:45,1,7,2026-10-03 09:55,3482,3198,2026-10-03 12:55,4.8,3198,3482,0.082,0.082,7
SAO,GYN,2026-10-01,LATAM,21:00,0,5,2026-10-01 12:21,2028,1864,2026-10-01 16:55,4.1,1864,1864,0.081,0.081,5
CGB,SAO,2026-10-05,Azul,08:10,0,60,2026-10-02 21:35,3072,2822,2026-10-03 17:54,38.3,3072,3072,0.081,0.0,51
CGB,SAO,2026-10-05,Azul,02:05,0,54,2026-10-02 21:35,3072,2822,2026-10-03 17:54,32.2,3072,3072,0.081,0.0,51
SAO,GYN,2026-10-01,LATAM,21:55,0,5,2026-10-01 12:21,2055,1891,2026-10-01 16:55,5.0,1891,1891,0.08,0.08,5
SAO,GYN,2026-10-01,LATAM,18:20,0,5,2026-10-01 12:21,2055,1891,2026-10-01 16:55,1.4,1891,3243,0.08,0.08,3
GYN,SAO,2026-10-01,LATAM,19:40,0,5,2026-10-01 12:21,2043,1879,2026-10-01 16:55,2.8,1879,1879,0.08,0.08,5
GYN,SAO,2026-10-01,LATAM,20:45,0,5,2026-10-01 12:21,2043,1879,2026-10-01 16:55,3.8,1879,1879,0.08,0.08,5
SAO,SSA,2026-10-02,LATAM,06:30,0,7,2026-10-01 10:18,1111,1023,2026-10-01 15:42,14.8,1023,1053,0.079,0.079,7
SAO,SSA,2026-10-02,LATAM,08:30,0,7,2026-10-01 10:18,1111,1023,2026-10-01 15:42,16.8,1023,1023,0.079,0.079,7
SAO,SSA,2026-10-02,LATAM,09:10,0,7,2026-10-01 10:18,1111,1023,2026-10-01 15:42,17.5,1023,1023,0.079,0.079,7
RIO,SAO,2026-10-02,Gol,09:40,0,5,2026-10-01 12:21,989,911,2026-10-01 16:55,16.8,911,911,0.079,0.079,5
RIO,SAO,2026-10-02,Gol,07:00,0,7,2026-10-01 12:21,989,911,2026-10-01 16:55,14.1,911,3298,0.079,0.079,5
SAO,BSB,2026-10-05,Azul,12:55,0,61,2026-10-02 21:35,881,811,2026-10-04 20:55,16.0,811,3121,0.079,0.079,33
SAO,RIO,2026-10-03,Gol,19:55,0,40,2026-10-01 10:18,911,841,2026-10-03 16:55,3.0,841,841,0.077,0.077,30
SAO,FOR,2026-10-03,Gol,09:30,0,20,2026-10-01 12:21,3670,3388,2026-10-02 16:57,16.6,3388,3388,0.077,0.077,20
SAO,BSB,2026-10-05,LATAM,11:45,0,61,2026-10-02 21:35,1167,1077,2026-10-03 12:55,46.8,1106,3833,0.077,0.052,40
SAO,RIO,2026-10-04,Gol,09:00,0,49,2026-10-02 03:58,933,862,2026-10-02 20:58,36.0,942,942,0.076,-0.01,36
RIO,SAO,2026-10-04,Gol,06:55,0,46,2026-10-02 03:58,933,863,2026-10-02 20:58,34.0,2639,2639,0.075,-1.829,20
REC,SAO,2026-10-04,Gol,18:35,0,55,2026-10-02 03:58,1120,1036,2026-10-03 18:54,23.7,1036,1036,0.075,0.075,32
FLN,SAO,2026-10-04,Gol e Aerolineas Argentinas,17:15,1,19,2026-10-02 14:55,2887,2670,2026-10-03 11:55,29.3,2775,2775,0.075,0.039,12
SAO,FLN,2026-10-03,Gol,22:35,0,44,2026-10-01 10:18,1271,1178,2026-10-03 18:54,3.7,1178,1178,0.073,0.073,6
RIO,SAO,2026-10-05,LATAM,15:20,0,64,2026-10-02 21:35,846,786,2026-10-04 11:54,27.4,896,3298,0.071,-0.059,1
RIO,BHZ,2026-10-03,Azul,20:55,0,41,2026-10-01 15:42,857,797,2026-10-02 20:13,24.7,797,797,0.07,0.07,30
RIO,BHZ,2026-10-03,Azul,06:10,0,50,2026-10-01 15:42,857,797,2026-10-02 20:13,9.9,797,3246,0.07,0.07,30
RIO,BHZ,2026-10-03,Azul,14:45,0,33,2026-10-01 15:42,857,797,2026-10-02 20:13,18.5,797,797,0.07,0.07,26
BHZ,RIO,2026-10-03,Azul,19:10,0,38,2026-10-01 15:42,856,796,2026-10-02 16:57,26.2,796,796,0.07,0.07,27
BHZ,RIO,2026-10-03,Azul,13:00,0,32,2026-10-01 15:42,856,796,2026-10-03 07:55,5.1,796,796,0.07,0.07,10
BHZ,RIO,2026-10-03,Azul,23:30,0,43,2026-10-01 15:42,856,796,2026-10-02 16:57,30.6,796,796,0.07,0.07,31
REC,SAO,2026-10-03,Azul,12:50,0,31,2026-10-01 15:42,3117,2902,2026-10-02 12:33,24.3,2902,2902,0.069,0.069,31
FLN,SAO,2026-10-03,Gol,11:05,0,31,2026-10-01 10:18,1385,1292,2026-10-01 22:03,37.0,1328,1338,0.067,0.041,30
FLN,SAO,2026-10-03,Gol,06:20,0,28,2026-10-01 10:18,1385,1292,2026-10-01 22:03,32.3,1328,1328,0.067,0.041,28
SAO,BHZ,2026-10-03,Gol,22:10,0,43,2026-10-01 10:18,772,720,2026-10-03 10:53,11.3,720,901,0.067,0.067,5
BSB,SAO,2026-10-02,LATAM,20:40,0,17,2026-10-01 12:21,1374,1283,2026-10-02 10:48,9.9,1283,3834,0.066,0.066,15
SAO,POA,2026-10-04,Azul,21:20,0,62,2026-10-02 03:58,973,909,2026-10-04 12:55,8.4,909,909,0.066,0.066,38
SAO,POA,2026-10-04,Azul,17:05,0,57,2026-10-02 03:58,973,909,2026-10-04 12:55,4.2,909,909,0.066,0.066,38
SAO,CWB,2026-10-03,Gol,22:10,0,45,2026-10-01 10:18,852,797,2026-10-02 16:13,29.9,797,1112,0.065,0.065,11
SAO,BSB,2026-10-03,Gol,18:00,0,76,2026-10-01 12:21,1237,1157,2026-10-03 10:53,7.1,1157,3094,0.065,0.065,35
SAO,CGB,2026-10-03,Azul,15:20,0,35,2026-10-01 12:21,3210,3001,2026-10-02 10:48,28.5,3001,3001,0.065,0.065,34
FLN,RIO,2026-10-05,Gol,15:50,1,68,2026-10-02 21:35,1183,1106,2026-10-04 17:55,21.9,1106,1308,0.065,0.065,37
SAO,FLN,2026-10-02,Azul,13:20,0,10,2026-09-30 15:19,3262,3053,2026-10-02 10:48,2.5,3053,3053,0.064,0.064,2
SAO,FLN,2026-10-02,Azul,18:05,0,14,2026-09-30 15:19,3262,3053,2026-10-02 10:48,7.3,3053,3053,0.064,0.064,5
FOR,SAO,2026-10-02,Gol,03:10,0,6,2026-10-01 12:21,1103,1032,2026-10-01 22:03,5.1,1032,1032,0.064,0.064,6
SAO,BHZ,2026-10-05,LATAM,06:05,0,57,2026-10-02 21:35,885,828,2026-10-04 15:54,14.2,828,3763,0.064,0.064,45
SAO,BHZ,2026-10-05,LATAM,11:05,0,62,2026-10-02 21:35,885,828,2026-10-04 15:54,19.2,828,3763,0.064,0.064,40
GYN,SAO,2026-10-03,Azul,05:55,0,26,2026-10-01 12:21,2945,2761,2026-10-02 10:48,19.1,2761,3667,0.062,0.062,8
RIO,SAO,2026-10-01,LATAM,20:10,0,4,2026-10-01 15:42,1170,1098,2026-10-01 17:55,2.2,1098,1098,0.062,0.062,4
CWB,SAO,2026-10-01,LATAM,20:20,0,4,2026-10-01 15:42,1062,997,2026-10-01 17:55,2.4,997,997,0.061,0.061,4
SAO,FLN,2026-10-03,Gol,17:15,0,38,2026-10-01 10:18,1350,1271,2026-10-01 22:03,43.2,1307,1307,0.059,0.032,34
RIO,BHZ,2026-10-01,Azul,20:55,0,5,2026-10-01 12:21,911,857,2026-10-01 15:42,5.2,857,857,0.059,0.059,5
RIO,BHZ,2026-10-02,Azul,06:10,0,14,2026-10-01 12:21,911,857,2026-10-01 15:42,14.5,857,3246,0.059,0.059,11
BHZ,RIO,2026-10-01,Azul,19:10,0,3,2026-10-01 12:21,910,856,2026-10-01 15:42,3.5,856,856,0.059,0.059,3
BHZ,RIO,2026-10-01,Azul,23:30,0,5,2026-10-01 12:21,910,856,2026-10-01 15:42,7.8,856,856,0.059,0.059,5
BHZ,RIO,2026-10-02,Azul,15:25,0,10,2026-10-01 12:21,1005,946,2026-10-01 15:42,23.7,946,3857,0.059,0.059,2
BHZ,RIO,2026-10-02,Azul,13:00,0,8,2026-10-01 12:21,910,856,2026-10-01 15:42,21.3,856,856,0.059,0.059,7
BHZ,RIO,2026-10-02,Azul,06:35,0,7,2026-10-01 12:21,996,937,2026-10-01 15:42,14.9,937,3442,0.059,0.059,6
BHZ,RIO,2026-10-02,Azul,11:45,0,7,2026-10-01 12:21,996,937,2026-10-01 15:42,20.1,937,3442,0.059,0.059,5
SAO,BHZ,2026-10-04,Azul,10:35,0,50,2026-10-02 03:58,2137,2011,2026-10-02 16:57,41.6,2011,2344,0.059,0.059,48
BHZ,SAO,2026-10-04,Azul,08:30,0,48,2026-10-02 03:58,2137,2010,2026-10-02 16:57,39.5,2010,2137,0.059,0.059,47
RIO,BHZ,2026-10-02,Azul,17:10,0,11,2026-10-01 12:21,1122,1057,2026-10-01 15:42,25.5,1057,3246,0.058,0.058,6
FLN,SAO,2026-10-04,Gol,16:05,0,54,2026-10-02 03:58,2402,2262,2026-10-03 18:54,21.2,2262,3245,0.058,0.058,48
CWB,SAO,2026-10-04,Gol,10:55,0,50,2026-10-02 03:58,2605,2453,2026-10-03 18:54,16.0,2453,2453,0.058,0.058,48
SAO,CWB,2026-10-02,LATAM,17:30,0,14,2026-10-01 10:18,1112,1049,2026-10-02 12:33,5.0,1049,3605,0.057,0.057,6
RIO,BHZ,2026-10-01,Azul,17:10,0,2,2026-10-01 12:21,961,906,2026-10-01 15:42,1.5,906,906,0.057,0.057,2
RIO,BHZ,2026-10-02,Azul,10:00,0,7,2026-10-01 12:21,961,906,2026-10-01 15:42,18.3,906,3246,0.057,0.057,4
RIO,BHZ,2026-10-02,Azul,19:20,0,13,2026-10-01 12:21,1086,1024,2026-10-01 15:42,27.6,1024,3246,0.057,0.057,6
RIO,BHZ,2026-10-02,Azul,08:20,0,7,2026-10-01 12:21,961,906,2026-10-01 15:42,16.6,906,3246,0.057,0.057,6
BSB,SAO,2026-10-02,Gol,11:30,0,7,2026-10-01 12:21,1236,1166,2026-10-01 22:03,13.4,1166,1236,0.057,0.057,7
BSB,SAO,2026-10-02,LATAM,18:05,0,14,2026-10-01 12:21,1445,1362,2026-10-02 12:33,5.5,1362,3834,0.057,0.057,13
BSB,SAO,2026-10-02,LATAM,18:40,0,14,2026-10-01 12:21,1445,1362,2026-10-02 12:33,6.1,1362,3834,0.057,0.057,13
BSB,SAO,2026-10-02,Azul,05:25,0,12,2026-10-01 12:21,1362,1284,2026-10-01 22:03,7.4,1284,1420,0.057,0.057,6
BSB,SAO,2026-10-02,LATAM,19:20,0,15,2026-10-01 12:21,1445,1362,2026-10-02 12:33,6.8,1362,3834,0.057,0.057,13
BSB,SAO,2026-10-02,Azul,10:25,0,14,2026-10-01 12:21,1362,1284,2026-10-01 22:03,12.4,1284,3093,0.057,0.057,6
BSB,SAO,2026-10-02,Gol,05:55,0,7,2026-10-01 12:21,1236,1166,2026-10-01 22:03,7.9,1166,1236,0.057,0.057,7
BSB,SAO,2026-10-02,Azul,15:55,0,10,2026-10-01 12:21,1362,1284,2026-10-01 22:03,17.9,1284,1284,0.057,0.057,9
BSB,SAO,2026-10-02,LATAM,17:30,0,13,2026-10-01 12:21,1445,1362,2026-10-02 12:33,5.0,1362,3834,0.057,0.057,12
BSB,SAO,2026-10-02,LATAM,15:30,0,11,2026-10-01 12:21,1445,1362,2026-10-02 12:33,3.0,1362,3834,0.057,0.057,10
BSB,SAO,2026-10-02,Azul,12:00,0,7,2026-10-01 12:21,1362,1284,2026-10-01 22:03,13.9,1284,3093,0.057,0.057,6
BSB,SAO,2026-10-02,LATAM,16:45,0,12,2026-10-01 12:21,1445,1362,2026-10-02 12:33,4.2,1362,3834,0.057,0.057,11
FOR,SAO,2026-10-03,Gol,16:25,0,38,2026-10-01 12:21,1078,1017,2026-10-02 16:13,24.2,1017,1017,0.057,0.057,32
BHZ,RIO,2026-10-04,Gol,05:45,0,46,2026-10-02 03:58,829,782,2026-10-02 12:33,41.2,789,789,0.057,0.048,45
SAO,CWB,2026-10-02,Azul,17:50,0,13,2026-10-01 10:18,3578,3378,2026-10-02 10:48,7.0,3378,3378,0.056,0.056,13
SAO,CWB,2026-10-02,Azul,15:50,0,10,2026-10-01 10:18,3578,3378,2026-10-02 10:48,5.0,3378,3378,0.056,0.056,10
SAO,CWB,2026-10-02,Azul,14:15,0,10,2026-10-01 10:18,3578,3378,2026-10-02 10:48,3.5,3378,3378,0.056,0.056,10
SAO,CWB,2026-10-02,Azul,19:15,0,14,2026-10-01 10:18,3578,3378,2026-10-02 10:48,8.4,3378,3378,0.056,0.056,14
SAO,BHZ,2026-10-02,Azul,16:00,0,10,2026-10-01 10:18,2418,2283,2026-10-02 10:48,5.2,2283,2283,0.056,0.056,9
SAO,BHZ,2026-10-02,Azul,19:00,0,13,2026-10-01 10:18,2418,2283,2026-10-02 10:48,8.2,2283,4227,0.056,0.056,7
SAO,BSB,2026-10-01,Azul,21:35,0,5,2026-10-01 12:21,1390,1312,2026-10-01 18:18,3.3,1312,1312,0.056,0.056,5
SAO,BSB,2026-10-02,LATAM,18:55,0,13,2026-10-01 12:21,1473,1390,2026-10-02 12:33,6.4,1390,1390,0.056,0.056,13
SAO,BSB,2026-10-02,Gol,06:00,0,14,2026-10-01 12:21,1237,1168,2026-10-01 22:03,8.0,1168,3121,0.056,0.056,7
SAO,BSB,2026-10-02,Gol,08:55,0,7,2026-10-01 12:21,1237,1168,2026-10-01 22:03,10.9,1168,1237,0.056,0.056,7
SAO,BSB,2026-10-02,Azul,09:25,0,7,2026-10-01 12:21,1390,1312,2026-10-01 18:18,15.1,1312,3121,0.056,0.056,6
SAO,BSB,2026-10-02,Gol,16:45,0,10,2026-10-01 12:21,1237,1168,2026-10-01 22:03,18.7,1168,1227,0.056,0.056,10
SAO,BSB,2026-10-02,Azul,12:55,0,7,2026-10-01 12:21,1390,1312,2026-10-01 18:18,18.6,1312,3121,0.056,0.056,6
SAO,BSB,2026-10-02,LATAM,15:00,0,10,2026-10-01 12:21,1473,1390,2026-10-02 12:33,2.5,1390,3862,0.056,0.056,9
SAO,BSB,2026-10-02,LATAM,19:55,0,14,2026-10-01 12:21,1473,1390,2026-10-02 12:33,7.4,1390,1390,0.056,0.056,14
SAO,BSB,2026-10-02,Azul,07:50,0,7,2026-10-01 12:21,1390,1312,2026-10-01 18:18,13.5,1312,3121,0.056,0.056,6
SAO,BSB,2026-10-03,Gol,06:00,0,47,2026-10-01 12:21,1237,1168,2026-10-01 22:03,31.9,1227,2499,0.056,0.008,10
SAO,CGB,2026-10-03,Azul,23:45,0,44,2026-10-01 12:21,3210,3029,2026-10-02 10:48,37.0,3029,3029,0.056,0.056,38
CWB,SAO,2026-10-02,Azul,16:10,0,9,2026-10-01 12:21,3594,3393,2026-10-02 10:48,5.4,3393,3393,0.056,0.056,9
CWB,SAO,2026-10-02,Azul,13:15,0,8,2026-10-01 12:21,3594,3393,2026-10-02 10:48,2.5,3393,3393,0.056,0.056,8
CWB,SAO,2026-10-02,Azul,17:30,0,10,2026-10-01 12:21,3594,3393,2026-10-02 10:48,6.7,3393,3393,0.056,0.056,10
GYN,SAO,2026-10-02,Azul,15:25,0,10,2026-10-01 12:21,2840,2682,2026-10-02 10:48,4.6,2682,2682,0.056,0.056,9
BHZ,SAO,2026-10-02,Azul,13:00,0,7,2026-10-01 15:42,2420,2285,2026-10-02 10:48,2.2,2285,2285,0.056,0.056,6
SAO,BHZ,2026-10-04,Azul,14:55,0,53,2026-10-02 03:58,2418,2283,2026-10-03 14:53,24.0,2418,2418,0.056,0.0,37
SAO,BHZ,2026-10-04,Azul,21:45,0,62,2026-10-02 03:58,2418,2283,2026-10-03 14:53,30.9,2418,2418,0.056,0.0,37
SAO,BHZ,2026-10-04,Azul,20:55,0,61,2026-10-02 03:58,2418,2283,2026-10-03 14:53,30.0,2418,2418,0.056,0.0,38
SAO,BHZ,2026-10-04,Azul,19:00,0,58,2026-10-02 03:58,2418,2283,2026-10-03 14:53,28.1,2418,2418,0.056,0.0,37
SAO,BHZ,2026-10-04,Azul,16:00,0,55,2026-10-02 03:58,2418,2283,2026-10-03 14:53,25.1,2418,2418,0.056,0.0,38
SAO,BHZ,2026-10-04,Azul,20:20,0,60,2026-10-02 03:58,2418,2283,2026-10-03 14:53,29.4,2418,2418,0.056,0.0,37
SAO,BHZ,2026-10-04,Azul,12:10,0,51,2026-10-02 03:58,2418,2283,2026-10-03 14:53,21.3,2283,2418,0.056,0.056,37
SAO,BHZ,2026-10-05,Azul,12:10,0,61,2026-10-02 21:35,2418,2283,2026-10-05 08:55,3.2,2283,2283,0.056,0.056,37
SAO,BHZ,2026-10-05,Azul,14:55,0,64,2026-10-02 21:35,2418,2283,2026-10-05 08:55,6.0,2283,2283,0.056,0.056,37
SAO,BHZ,2026-10-05,Azul,16:00,0,65,2026-10-02 21:35,2418,2283,2026-10-05 08:55,7.1,2283,2283,0.056,0.056,37
REC,SAO,2026-10-05,Azul,13:00,0,62,2026-10-02 21:35,3840,3626,2026-10-05 08:55,4.1,3626,3687,0.056,0.056,49
SAO,FLN,2026-10-03,Gol,09:35,0,31,2026-10-01 10:18,1596,1509,2026-10-01 22:03,35.5,1586,1596,0.055,0.006,31
SAO,FLN,2026-10-03,Gol,08:05,0,30,2026-10-01 10:18,1596,1509,2026-10-01 22:03,34.0,1586,1586,0.055,0.006,30
SSA,SAO,2026-10-02,LATAM,18:20,0,14,2026-10-01 12:21,1064,1006,2026-10-02 12:33,5.8,1006,3855,0.055,0.055,13
SSA,SAO,2026-10-02,LATAM,14:20,0,10,2026-10-01 12:21,1064,1006,2026-10-02 12:33,1.8,1006,3855,0.055,0.055,9
SSA,SAO,2026-10-02,LATAM,17:25,0,13,2026-10-01 12:21,1064,1006,2026-10-02 12:33,4.9,1006,3855,0.055,0.055,12
RIO,SAO,2026-10-04,Gol,10:55,0,24,2026-10-02 03:58,933,882,2026-10-02 16:13,42.7,2639,2639,0.055,-1.829,20
FLN,SAO,2026-10-03,Gol,07:55,0,29,2026-10-01 10:18,1590,1504,2026-10-01 22:03,33.9,1580,1580,0.054,0.006,29
FLN,SAO,2026-10-03,Gol,06:05,0,28,2026-10-01 10:18,1590,1504,2026-10-01 22:03,32.0,1580,1580,0.054,0.006,28
FLN,SAO,2026-10-03,Gol,10:00,0,30,2026-10-01 10:18,1590,1504,2026-10-01 22:03,36.0,1580,1590,0.054,0.006,30
SAO,RIO,2026-10-03,Gol,18:10,0,37,2026-10-01 10:18,911,862,2026-10-02 20:58,21.2,862,3862,0.054,0.054,32
SAO,SSA,2026-10-02,LATAM,21:30,0,18,2026-10-01 10:18,1071,1013,2026-10-02 12:33,8.9,1013,3862,0.054,0.054,17
SAO,SSA,2026-10-02,LATAM,20:50,0,17,2026-10-01 10:18,1071,1013,2026-10-02 12:33,8.3,1013,3862,0.054,0.054,15
SAO,SSA,2026-10-02,LATAM,15:15,0,11,2026-10-01 10:18,1071,1013,2026-10-02 12:33,2.7,1013,3862,0.054,0.054,10
RIO,SAO,2026-10-02,Azul,17:00,0,11,2026-10-01 12:21,966,914,2026-10-02 10:48,6.2,914,914,0.054,0.054,10
RIO,SAO,2026-10-02,Azul,13:20,0,8,2026-10-01 12:21,966,914,2026-10-02 10:48,2.5,914,914,0.054,0.054,7
SAO,RIO,2026-10-04,Azul,15:15,0,54,2026-10-02 03:58,912,863,2026-10-02 16:13,47.0,863,863,0.054,0.054,37
SAO,RIO,2026-10-04,Azul,11:35,0,51,2026-10-02 03:58,912,863,2026-10-02 16:13,43.4,863,863,0.054,0.054,37
SAO,CWB,2026-10-05,Azul,14:00,0,65,2026-10-02 21:35,626,592,2026-10-04 20:55,17.1,592,705,0.054,0.054,32
SAO,RIO,2026-10-03,Gol,19:25,0,39,2026-10-01 10:18,879,832,2026-10-02 12:33,30.9,832,879,0.053,0.053,34
SAO,BHZ,2026-10-03,Gol,11:55,0,8,2026-10-01 10:18,3044,2883,2026-10-01 22:03,37.9,,3044,0.053,,7
RIO,SAO,2026-10-03,Gol,17:25,0,36,2026-10-01 12:21,881,834,2026-10-02 12:33,28.9,834,881,0.053,0.053,33
SAO,GYN,2026-10-04,Gol,17:00,0,56,2026-10-02 03:58,682,646,2026-10-03 18:54,22.1,646,794,0.053,0.053,30
RIO,SAO,2026-10-04,Azul,13:20,0,51,2026-10-02 03:58,914,866,2026-10-02 16:13,45.1,866,866,0.053,0.053,36
RIO,SAO,2026-10-04,Gol,08:20,0,48,2026-10-02 03:58,881,834,2026-10-02 12:33,43.8,839,839,0.053,0.048,47
SAO,POA,2026-10-02,Gol,20:50,0,18,2026-10-01 10:18,3354,3179,2026-10-01 22:03,22.8,3179,3262,0.052,0.052,18
SAO,BSB,2026-10-02,Gol,18:20,0,6,2026-10-01 12:21,3121,2963,2026-10-01 22:03,20.3,2963,2963,0.051,0.051,6
BSB,SAO,2026-10-02,Gol,08:45,0,7,2026-10-01 12:21,3093,2935,2026-10-01 22:03,10.7,2935,3093,0.051,0.051,7
BHZ,SAO,2026-10-02,Gol,06:35,1,5,2026-10-01 15:42,623,591,2026-10-01 22:03,8.5,591,591,0.051,0.051,5
BHZ,SAO,2026-10-02,Gol,10:45,1,6,2026-10-01 15:42,623,591,2026-10-01 22:03,12.7,591,621,0.051,0.051,6
SAO,BHZ,2026-10-03,Gol,10:20,1,30,2026-10-01 10:18,621,590,2026-10-01 22:03,36.3,619,619,0.05,0.003,29
BSB,SAO,2026-10-03,Gol,08:45,0,8,2026-10-01 12:21,3574,3397,2026-10-01 22:03,34.7,3834,3834,0.05,-0.073,7
POA,SAO,2026-10-02,Gol,10:10,1,6,2026-10-01 15:42,793,753,2026-10-01 22:03,12.1,753,789,0.05,0.05,6
POA,SAO,2026-10-02,Gol,18:15,1,12,2026-10-01 15:42,793,753,2026-10-01 22:03,20.2,753,789,0.05,0.05,12
POA,SAO,2026-10-02,Gol,05:10,1,6,2026-10-01 15:42,793,753,2026-10-01 22:03,7.1,753,789,0.05,0.05,6
RIO,BHZ,2026-10-04,Gol,12:55,1,13,2026-10-02 03:58,2067,1963,2026-10-04 00:55,12.0,1963,1963,0.05,0.05,12
RIO,BHZ,2026-10-04,Gol,15:55,1,44,2026-10-02 03:58,2067,1963,2026-10-03 18:54,21.0,1963,1963,0.05,0.05,39
RIO,SAO,2026-10-04,Gol,16:40,0,55,2026-10-02 03:58,3636,3456,2026-10-03 18:54,21.8,3456,3456,0.05,0.05,49
SAO,BHZ,2026-10-05,Gol,09:10,0,59,2026-10-02 21:35,3434,3264,2026-10-03 18:54,38.3,3264,3434,0.05,0.05,49
SAO,SSA,2026-10-05,Gol,08:55,0,56,2026-10-02 21:35,3412,3243,2026-10-03 18:54,38.0,3243,3412,0.05,0.05,46
SAO,REC,2026-10-02,Gol,08:50,0,8,2026-10-01 10:18,2932,2787,2026-10-01 22:03,10.8,2787,2932,0.049,0.049,8
SAO,REC,2026-10-02,Gol,11:50,0,8,2026-10-01 10:18,2904,2761,2026-10-01 22:03,13.8,2761,2904,0.049,0.049,8
SAO,FOR,2026-10-03,Gol,18:00,1,30,2026-10-01 12:21,1263,1201,2026-10-01 22:03,44.0,1263,2172,0.049,0.0,16
FLN,CWB,2026-10-02,Gol,05:35,2,7,2026-10-01 12:21,924,879,2026-10-01 22:03,7.5,879,922,0.049,0.049,7
FLN,CWB,2026-10-03,Gol,06:05,1,27,2026-10-01 12:21,924,879,2026-10-01 22:03,32.0,922,3480,0.049,0.002,24
BHZ,SAO,2026-10-03,Gol,05:45,1,22,2026-10-01 12:21,1151,1095,2026-10-01 22:03,31.7,1172,1172,0.049,-0.018,22
REC,SAO,2026-10-02,Gol,12:50,0,8,2026-10-01 12:21,2957,2812,2026-10-01 22:03,14.8,2812,2957,0.049,0.049,8
FOR,SAO,2026-10-03,Azul,03:15,1,8,2026-10-01 12:21,1459,1388,2026-10-01 15:42,35.5,1425,1425,0.049,0.023,8
CWB,FLN,2026-10-02,Gol,11:25,1,8,2026-10-01 12:21,916,871,2026-10-01 22:03,13.4,871,914,0.049,0.049,8
CWB,FLN,2026-10-02,Gol,19:05,1,14,2026-10-01 12:21,916,871,2026-10-01 22:03,21.0,871,914,0.049,0.049,14
CWB,FLN,2026-10-03,Gol,12:00,1,33,2026-10-01 12:21,916,871,2026-10-01 22:03,38.0,914,914,0.049,0.002,33
CWB,FLN,2026-10-03,Gol,07:30,1,29,2026-10-01 12:21,916,871,2026-10-01 22:03,33.5,914,914,0.049,0.002,29
REC,SAO,2026-10-03,Gol,12:55,0,32,2026-10-01 15:42,2957,2812,2026-10-01 22:03,38.9,2957,2957,0.049,0.0,32
SAO,SSA,2026-10-04,Gol,17:00,0,57,2026-10-02 03:58,1928,1834,2026-10-03 18:54,22.1,1834,3103,0.049,0.049,38
SAO,FOR,2026-10-04,Gol,11:20,1,50,2026-10-02 03:58,1263,1201,2026-10-03 18:54,16.4,1201,1201,0.049,0.049,48
FLN,CWB,2026-10-04,Gol,13:50,1,54,2026-10-02 03:58,3480,3309,2026-10-03 18:54,18.9,3309,3309,0.049,0.049,51
RIO,BHZ,2026-10-04,Gol,08:30,0,36,2026-10-02 03:58,3887,3695,2026-10-03 18:54,13.6,3695,3695,0.049,0.049,35
RIO,SAO,2026-10-04,Gol,10:00,0,50,2026-10-02 03:58,3862,3672,2026-10-03 18:54,15.1,3672,3672,0.049,0.049,49
RIO,SAO,2026-10-04,Gol,21:10,0,58,2026-10-02 03:58,2372,2255,2026-10-03 18:54,26.3,2255,2785,0.049,0.049,44
SSA,SAO,2026-10-04,Gol,12:30,0,22,2026-10-02 03:58,3855,3665,2026-10-04 04:54,7.6,3665,3665,0.049,0.049,20
REC,SAO,2026-10-04,Gol,17:20,0,55,2026-10-02 03:58,2957,2812,2026-10-03 18:54,22.4,2812,2812,0.049,0.049,48
REC,SAO,2026-10-04,Gol,10:10,0,49,2026-10-02 03:58,2902,2760,2026-10-03 18:54,15.3,2760,2760,0.049,0.049,48
RIO,FLN,2026-10-04,Gol,08:15,0,50,2026-10-02 03:58,1504,1431,2026-10-03 18:54,13.3,1431,1431,0.049,0.049,49
RIO,FLN,2026-10-04,Gol,21:15,0,65,2026-10-02 03:58,2022,1923,2026-10-03 18:54,26.4,1923,2290,0.049,0.049,45
CWB,FLN,2026-10-04,Gol,05:05,1,28,2026-10-02 03:58,3472,3301,2026-10-03 18:54,10.2,3301,3301,0.049,0.049,27
CWB,FLN,2026-10-04,Gol,19:25,1,41,2026-10-02 03:58,3472,3301,2026-10-03 18:54,24.5,3301,3472,0.049,0.049,32
CWB,FLN,2026-10-04,Gol,15:00,1,57,2026-10-02 03:58,3472,3301,2026-10-03 18:54,20.1,3301,3301,0.049,0.049,52
CWB,FLN,2026-10-04,Gol,18:15,1,30,2026-10-02 03:58,3472,3301,2026-10-04 05:55,12.3,3301,3301,0.049,0.049,22
CWB,FLN,2026-10-04,Gol,10:55,1,32,2026-10-02 03:58,3472,3301,2026-10-03 18:54,16.0,3301,3301,0.049,0.049,30
SSA,SAO,2026-10-04,Gol,14:50,0,8,2026-10-02 17:56,3959,3764,2026-10-04 05:55,8.9,3764,3764,0.049,0.049,8
SAO,CGB,2026-10-04,Gol,18:00,1,25,2026-10-02 18:55,2457,2336,2026-10-04 10:55,7.1,2336,3102,0.049,0.049,24
SAO,FLN,2026-10-05,Gol,09:15,0,59,2026-10-02 21:35,3175,3018,2026-10-03 19:55,37.3,3018,3729,0.049,0.049,30
SAO,FOR,2026-10-05,Gol,15:25,1,30,2026-10-02 21:35,1932,1838,2026-10-03 18:54,44.5,1932,1932,0.049,0.0,25
FLN,CWB,2026-10-05,Gol,06:15,1,57,2026-10-02 21:35,3480,3309,2026-10-03 19:55,34.3,3309,3480,0.049,0.049,50
FLN,CWB,2026-10-05,Gol,14:40,1,37,2026-10-02 21:35,3480,3309,2026-10-03 19:55,42.8,3309,3480,0.049,0.049,36
RIO,BHZ,2026-10-05,Gol,09:00,0,58,2026-10-02 21:35,2495,2372,2026-10-03 19:55,37.1,2786,2930,0.049,-0.117,26
FLN,SAO,2026-10-05,Gol,10:00,0,61,2026-10-02 21:35,3579,3403,2026-10-03 19:55,38.1,3403,3412,0.049,0.049,34
RIO,SAO,2026-10-05,Gol,14:15,0,61,2026-10-02 21:35,2372,2255,2026-10-03 18:54,43.4,2255,2785,0.049,0.049,38
RIO,SAO,2026-10-05,Gol,08:25,0,57,2026-10-02 21:35,3120,2966,2026-10-03 18:54,37.5,2966,3120,0.049,0.049,48
RIO,SAO,2026-10-05,Gol,10:00,0,59,2026-10-02 21:35,2372,2255,2026-10-03 18:54,39.1,2255,2785,0.049,0.049,38
SSA,SAO,2026-10-05,Gol,12:10,0,63,2026-10-02 21:35,1948,1853,2026-10-03 18:54,41.3,1853,3252,0.049,0.049,34
SSA,SAO,2026-10-05,Gol,05:40,0,58,2026-10-02 21:35,1948,1853,2026-10-04 11:54,17.8,1853,3284,0.049,0.049,9
REC,SAO,2026-10-05,Gol,10:40,0,41,2026-10-02 21:35,2902,2760,2026-10-03 18:54,39.8,2760,2760,0.049,0.049,30
RIO,FLN,2026-10-05,Gol,12:20,0,62,2026-10-02 21:35,1504,1431,2026-10-03 18:54,41.4,1431,1504,0.049,0.049,38
RIO,FLN,2026-10-05,Gol,16:15,0,66,2026-10-02 21:35,2022,1923,2026-10-03 18:54,45.4,1923,2022,0.049,0.049,49
RIO,FLN,2026-10-05,Gol,08:20,0,59,2026-10-02 21:35,2290,2178,2026-10-03 18:54,37.4,2178,2375,0.049,0.049,50
CWB,FLN,2026-10-05,Gol,12:10,1,62,2026-10-02 21:35,3472,3301,2026-10-03 18:54,41.3,3301,3472,0.049,0.049,49
CWB,FLN,2026-10-05,Gol,06:20,1,41,2026-10-02 21:35,3472,3301,2026-10-03 18:54,35.4,3301,3472,0.049,0.049,34
CWB,FLN,2026-10-05,Gol,09:50,1,49,2026-10-03 10:53,3472,3301,2026-10-03 18:54,38.9,3301,3472,0.049,0.049,49
FOR,SAO,2026-10-04,Azul,12:55,2,4,2026-10-04 04:54,1498,1425,2026-10-04 06:55,6.0,1425,1425,0.049,0.049,4
SAO,RIO,2026-10-03,Gol,11:30,0,25,2026-10-01 10:18,989,942,2026-10-01 22:03,37.5,961,3862,0.048,0.028,14
SAO,RIO,2026-10-03,Gol,04:35,0,25,2026-10-01 10:18,881,839,2026-10-01 22:03,30.5,873,881,0.048,0.009,24
SAO,CWB,2026-10-03,Gol,18:00,3,8,2026-10-01 12:21,805,766,2026-10-01 22:03,44.0,,805,0.048,,5
FLN,POA,2026-10-02,Gol,10:00,1,7,2026-10-01 12:21,1567,1492,2026-10-01 22:03,11.9,1492,1567,0.048,0.048,7
FLN,POA,2026-10-02,Gol,15:50,1,11,2026-10-01 12:21,1567,1492,2026-10-01 22:03,17.8,1492,1567,0.048,0.048,11
FLN,POA,2026-10-02,Gol,06:15,1,7,2026-10-01 12:21,1567,1492,2026-10-01 22:03,8.2,1492,1567,0.048,0.048,7
RIO,SAO,2026-10-02,Gol,14:55,0,9,2026-10-01 12:21,881,839,2026-10-01 22:03,16.9,839,881,0.048,0.048,9
RIO,SAO,2026-10-02,Gol,05:50,0,7,2026-10-01 12:21,881,839,2026-10-01 22:03,7.8,839,881,0.048,0.048,7
RIO,SAO,2026-10-02,Gol,11:55,0,14,2026-10-01 12:21,881,839,2026-10-01 22:03,13.9,839,1481,0.048,0.048,11
RIO,SAO,2026-10-02,Gol,21:55,0,16,2026-10-01 12:21,881,839,2026-10-01 22:03,23.9,839,873,0.048,0.048,16
RIO,SAO,2026-10-02,Gol,20:15,0,15,2026-10-01 12:21,881,839,2026-10-01 22:03,22.2,839,873,0.048,0.048,15
RIO,SAO,2026-10-03,Gol,11:10,0,30,2026-10-01 12:21,881,839,2026-10-01 22:03,37.1,873,881,0.048,0.009,30
RIO,SAO,2026-10-03,Gol,06:15,0,26,2026-10-01 12:21,881,839,2026-10-01 22:03,32.2,873,881,0.048,0.009,26
RIO,SAO,2026-10-03,Gol,18:50,0,32,2026-10-01 12:21,881,839,2026-10-01 22:03,44.8,873,2376,0.048,0.009,23
FOR,SAO,2026-10-03,Gol,04:45,2,13,2026-10-01 12:21,1290,1228,2026-10-01 22:03,30.7,1289,1289,0.048,0.001,13
POA,FLN,2026-10-02,Gol,14:05,1,10,2026-10-01 12:21,1573,1498,2026-10-01 22:03,16.0,1498,1573,0.048,0.048,10
POA,FLN,2026-10-02,Gol,15:05,1,10,2026-10-01 12:21,1573,1498,2026-10-01 22:03,17.0,1498,1573,0.048,0.048,10
POA,FLN,2026-10-02,Gol,21:10,2,18,2026-10-01 12:21,1573,1498,2026-10-01 22:03,23.1,1498,1573,0.048,0.048,18
POA,FLN,2026-10-02,Gol,05:35,1,7,2026-10-01 12:21,1573,1498,2026-10-01 22:03,7.5,1498,1573,0.048,0.048,7
POA,FLN,2026-10-02,Gol,06:40,1,7,2026-10-01 12:21,1573,1498,2026-10-01 22:03,8.6,1498,1573,0.048,0.048,7
POA,FLN,2026-10-02,Gol,18:45,1,14,2026-10-01 12:21,1573,1498,2026-10-01 22:03,20.7,1498,1573,0.048,0.048,14
POA,FLN,2026-10-02,Gol,18:15,1,14,2026-10-01 12:21,1573,1498,2026-10-01 22:03,20.2,1498,1573,0.048,0.048,14
POA,FLN,2026-10-02,Gol,04:05,1,7,2026-10-01 12:21,1573,1498,2026-10-01 22:03,6.0,1498,1573,0.048,0.048,7
POA,FLN,2026-10-02,Gol,14:15,1,10,2026-10-01 12:21,1573,1498,2026-10-01 22:03,16.2,1498,1573,0.048,0.048,10
POA,FLN,2026-10-02,Gol,10:50,1,7,2026-10-01 12:21,1573,1498,2026-10-01 22:03,12.8,1498,1573,0.048,0.048,7
POA,FLN,2026-10-02,Gol,12:30,1,8,2026-10-01 12:21,1573,1498,2026-10-01 22:03,14.4,1498,1573,0.048,0.048,8
POA,FLN,2026-10-03,Gol,17:25,1,36,2026-10-01 12:21,1573,1498,2026-10-01 22:03,43.4,1573,1573,0.048,0.0,33
POA,FLN,2026-10-03,Gol,19:40,1,39,2026-10-01 12:21,1573,1498,2026-10-01 22:03,45.6,1573,1573,0.048,0.0,34
POA,FLN,2026-10-03,Gol,18:40,1,39,2026-10-01 12:21,1573,1498,2026-10-01 22:03,44.6,1573,1573,0.048,0.0,34
FLN,POA,2026-10-03,Gol,06:05,1,27,2026-10-01 15:42,1567,1492,2026-10-01 22:03,32.0,1567,1567,0.048,0.0,27
FLN,POA,2026-10-03,Gol,15:35,1,36,2026-10-01 15:42,1567,1492,2026-10-01 22:03,41.5,1567,1567,0.048,0.0,36
FLN,POA,2026-10-03,Gol,07:55,1,27,2026-10-01 15:42,1567,1492,2026-10-01 22:03,33.9,1567,1567,0.048,0.0,27
FLN,POA,2026-10-03,Gol,06:20,1,13,2026-10-01 15:42,1567,1492,2026-10-01 22:03,32.3,1567,1567,0.048,0.0,13
FLN,POA,2026-10-03,Gol,19:30,1,41,2026-10-01 15:42,1567,1492,2026-10-01 22:03,45.5,1567,1567,0.048,0.0,37
RIO,FLN,2026-10-03,Gol,16:15,0,36,2026-10-01 15:42,835,795,2026-10-01 22:03,42.2,835,979,0.048,0.0,18
BHZ,RIO,2026-10-03,Azul,21:15,0,41,2026-10-01 15:42,878,836,2026-10-02 12:33,32.7,845,845,0.048,0.038,30
BHZ,RIO,2026-10-03,Azul,17:35,0,36,2026-10-01 15:42,878,836,2026-10-02 12:33,29.0,845,845,0.048,0.038,27
BHZ,RIO,2026-10-03,Azul,15:25,0,34,2026-10-01 15:42,878,836,2026-10-02 12:33,26.9,845,845,0.048,0.038,27
BHZ,RIO,2026-10-03,Azul,08:05,0,27,2026-10-01 15:42,878,836,2026-10-02 12:33,19.5,836,3219,0.048,0.048,20
BHZ,RIO,2026-10-03,Azul,11:50,0,30,2026-10-01 15:42,878,836,2026-10-02 12:33,23.3,836,845,0.048,0.048,23
POA,SAO,2026-10-03,Gol,05:50,1,19,2026-10-01 17:55,1241,1182,2026-10-01 22:03,31.8,1263,1263,0.048,-0.018,19
SAO,RIO,2026-10-04,Gol,10:20,0,51,2026-10-02 03:58,879,837,2026-10-03 18:54,15.4,837,837,0.048,0.048,43
SAO,BSB,2026-10-04,Gol,22:05,0,64,2026-10-02 03:58,994,946,2026-10-03 18:54,27.2,946,994,0.048,0.048,50
SAO,FOR,2026-10-04,Gol,22:55,0,64,2026-10-02 03:58,1059,1008,2026-10-03 18:54,28.0,1008,1059,0.048,0.048,36
SAO,FOR,2026-10-04,Gol,11:50,0,51,2026-10-02 03:58,1071,1020,2026-10-02 16:13,43.6,1020,3221,0.048,0.048,22
FLN,POA,2026-10-04,Gol,16:05,1,55,2026-10-02 03:58,1567,1492,2026-10-03 18:54,21.2,1492,1492,0.048,0.048,50
FLN,POA,2026-10-04,Gol,07:00,1,49,2026-10-02 03:58,1567,1492,2026-10-03 18:54,12.1,1492,1492,0.048,0.048,48
FLN,POA,2026-10-04,Gol,18:55,1,60,2026-10-02 03:58,1567,1492,2026-10-03 18:54,24.0,1492,1492,0.048,0.048,52
FLN,POA,2026-10-04,Gol,06:05,1,48,2026-10-02 03:58,1567,1492,2026-10-03 18:54,11.2,1492,1492,0.048,0.048,47
FLN,POA,2026-10-04,Gol,13:50,1,52,2026-10-02 03:58,1567,1492,2026-10-03 18:54,18.9,1492,1492,0.048,0.048,49
CWB,SAO,2026-10-04,Gol,05:05,1,46,2026-10-02 03:58,820,781,2026-10-03 18:54,10.2,781,781,0.048,0.048,45
BHZ,SAO,2026-10-04,Gol,05:45,1,47,2026-10-02 03:58,621,591,2026-10-03 18:54,10.8,591,591,0.048,0.048,46
BSB,SAO,2026-10-04,Gol,21:00,0,62,2026-10-02 03:58,993,945,2026-10-03 18:54,26.1,945,993,0.048,0.048,52
BSB,SAO,2026-10-04,Gol,20:15,0,60,2026-10-02 03:58,993,945,2026-10-03 18:54,25.4,945,945,0.048,0.048,51
SSA,SAO,2026-10-04,Gol,20:00,0,63,2026-10-02 03:58,989,942,2026-10-03 23:54,20.1,942,989,0.048,0.048,41
FOR,SAO,2026-10-04,Azul,05:40,1,55,2026-10-02 03:58,1367,1301,2026-10-02 18:55,34.8,1301,1367,0.048,0.048,54
POA,FLN,2026-10-04,Gol,18:40,1,62,2026-10-02 03:58,1573,1498,2026-10-03 18:54,23.8,1498,1498,0.048,0.048,54
POA,FLN,2026-10-04,Gol,14:55,1,57,2026-10-02 03:58,1573,1498,2026-10-03 18:54,20.0,1498,1498,0.048,0.048,53
POA,FLN,2026-10-04,Gol,09:15,1,50,2026-10-02 03:58,1573,1498,2026-10-03 18:54,14.3,1498,1498,0.048,0.048,49
POA,FLN,2026-10-04,Gol,18:15,1,62,2026-10-02 03:58,1573,1498,2026-10-03 18:54,23.4,1498,1498,0.048,0.048,54
POA,FLN,2026-10-04,Gol,12:40,1,53,2026-10-02 03:58,1573,1498,2026-10-03 18:54,17.8,1498,1498,0.048,0.048,50
BHZ,RIO,2026-10-04,Azul,12:00,0,52,2026-10-02 03:58,912,868,2026-10-02 12:33,47.5,878,878,0.048,0.037,38
BHZ,RIO,2026-10-04,Gol,13:45,0,53,2026-10-02 03:58,829,789,2026-10-03 18:54,18.9,789,789,0.048,0.048,50
SAO,CWB,2026-10-04,Gol,18:35,1,30,2026-10-02 12:33,805,766,2026-10-03 18:54,23.7,766,766,0.048,0.048,26
SAO,RIO,2026-10-05,Gol,10:25,0,59,2026-10-02 21:35,879,837,2026-10-04 03:54,30.5,837,3118,0.048,0.048,28
SAO,POA,2026-10-05,Azul,14:40,0,64,2026-10-02 21:35,854,813,2026-10-04 20:55,17.8,813,965,0.048,0.048,32
SAO,BSB,2026-10-05,Gol,08:55,0,58,2026-10-02 21:35,994,946,2026-10-03 18:54,38.0,946,994,0.048,0.048,48
SAO,SSA,2026-10-05,Gol,07:05,0,54,2026-10-02 21:35,1502,1430,2026-10-03 18:54,36.2,1430,1721,0.048,0.048,35
FLN,RIO,2026-10-05,Gol,06:00,0,59,2026-10-02 21:35,2043,1944,2026-10-03 19:55,34.1,1944,2396,0.048,0.048,46
FLN,POA,2026-10-05,Gol,06:15,1,59,2026-10-02 21:35,1567,1492,2026-10-03 18:54,35.4,1492,1567,0.048,0.048,52
FLN,POA,2026-10-05,Gol,15:50,1,69,2026-10-02 21:35,1567,1492,2026-10-03 18:54,44.9,1492,1567,0.048,0.048,53
FLN,POA,2026-10-05,Gol,14:40,1,66,2026-10-02 21:35,1567,1492,2026-10-03 18:54,43.8,1492,1567,0.048,0.048,51
FLN,POA,2026-10-05,Gol,10:00,1,61,2026-10-02 21:35,1567,1492,2026-10-03 18:54,39.1,1492,1567,0.048,0.048,46
BSB,SAO,2026-10-05,Gol,11:30,0,63,2026-10-02 21:35,993,945,2026-10-03 18:54,40.6,945,3093,0.048,0.048,50
BSB,SAO,2026-10-05,Gol,05:55,0,57,2026-10-02 21:35,993,945,2026-10-03 18:54,35.0,945,993,0.048,0.048,50
REC,SAO,2026-10-05,Gol,15:20,0,55,2026-10-02 21:35,1294,1232,2026-10-03 18:54,44.4,1502,2957,0.048,-0.161,12
CGB,SAO,2026-10-05,Gol,11:15,0,63,2026-10-02 21:35,1342,1278,2026-10-03 18:54,40.4,1278,1343,0.048,0.048,31
GYN,SAO,2026-10-05,Gol,11:20,0,60,2026-10-02 21:35,1208,1150,2026-10-03 18:54,40.4,1150,1208,0.048,0.048,48
GYN,SAO,2026-10-05,Gol,10:20,0,59,2026-10-02 21:35,1352,1287,2026-10-03 18:54,39.4,1659,1874,0.048,-0.227,24
POA,FLN,2026-10-05,Gol,05:35,1,58,2026-10-02 21:35,1573,1498,2026-10-03 18:54,34.7,1498,1573,0.048,0.048,51
POA,FLN,2026-10-05,Gol,10:55,1,63,2026-10-02 21:35,1573,1498,2026-10-03 18:54,40.0,1498,2081,0.048,0.048,49
POA,FLN,2026-10-05,Gol,12:30,1,61,2026-10-02 21:35,1573,1498,2026-10-03 18:54,41.6,1498,1573,0.048,0.048,48
POA,FLN,2026-10-05,Gol,04:05,1,57,2026-10-02 21:35,1573,1498,2026-10-03 18:54,33.2,1498,1573,0.048,0.048,52
BHZ,RIO,2026-10-05,Gol,08:05,0,57,2026-10-02 21:35,829,789,2026-10-03 18:54,37.2,789,829,0.048,0.048,48
SSA,SAO,2026-10-03,Gol,20:55,2,5,2026-10-03 17:54,3449,3284,2026-10-03 19:55,1.0,3284,3420,0.048,0.048,5
SAO,BSB,2026-10-03,Gol,15:55,0,15,2026-10-01 12:21,3349,3192,2026-10-02 16:13,23.7,3192,3192,0.047,0.047,13
RIO,SAO,2026-10-02,Gol,17:35,0,11,2026-10-01 12:21,822,783,2026-10-01 22:03,19.5,783,822,0.047,0.047,11
RIO,SAO,2026-10-02,Gol,10:00,0,7,2026-10-01 12:21,822,783,2026-10-01 22:03,11.9,783,822,0.047,0.047,7
RIO,SAO,2026-10-02,Gol,11:25,0,7,2026-10-01 12:21,822,783,2026-10-01 22:03,13.4,783,822,0.047,0.047,7
GYN,SAO,2026-10-02,Gol,15:55,0,11,2026-10-01 12:21,910,867,2026-10-01 22:03,17.9,867,1064,0.047,0.047,7
FLN,RIO,2026-10-03,Gol,18:35,0,38,2026-10-01 15:42,856,816,2026-10-01 22:03,44.5,1000,1000,0.047,-0.168,1
FOR,SAO,2026-10-02,Gol,12:15,1,6,2026-10-01 16:55,1289,1228,2026-10-01 22:03,14.2,1228,1289,0.047,0.047,6
RIO,FLN,2026-10-02,Gol,15:30,2,8,2026-10-01 16:55,988,942,2026-10-01 22:03,17.4,942,1166,0.047,0.047,7
RIO,FLN,2026-10-03,Gol,06:55,1,25,2026-10-01 16:55,988,942,2026-10-01 22:03,32.9,988,988,0.047,0.0,25
SAO,POA,2026-10-04,Gol,18:35,1,49,2026-10-02 03:58,760,724,2026-10-03 18:54,23.7,724,724,0.047,0.047,27
SAO,SSA,2026-10-04,Gol,21:55,0,64,2026-10-02 03:58,969,923,2026-10-03 18:54,27.0,923,969,0.047,0.047,51
SAO,GYN,2026-10-04,Gol,22:50,0,59,2026-10-02 03:58,678,646,2026-10-03 18:54,27.9,646,1272,0.047,0.047,41
FLN,RIO,2026-10-04,Gol,07:00,1,72,2026-10-02 03:58,982,936,2026-10-03 18:54,12.1,936,1126,0.047,0.047,46
FLN,RIO,2026-10-04,Gol,06:00,0,46,2026-10-02 03:58,856,816,2026-10-03 18:54,11.1,816,816,0.047,0.047,45
FLN,CWB,2026-10-04,Gol,05:35,3,32,2026-10-02 03:58,922,879,2026-10-03 18:54,10.7,879,879,0.047,0.047,31
FLN,CWB,2026-10-04,Gol,07:00,2,49,2026-10-02 03:58,922,879,2026-10-03 18:54,12.1,879,879,0.047,0.047,48
FLN,SAO,2026-10-04,Gol,05:35,1,45,2026-10-02 03:58,982,936,2026-10-03 18:54,10.7,936,936,0.047,0.047,44
RIO,SAO,2026-10-04,Gol,09:50,0,49,2026-10-02 03:58,822,783,2026-10-03 18:54,14.9,783,783,0.047,0.047,47
FOR,SAO,2026-10-04,Gol,12:15,1,46,2026-10-02 03:58,1289,1228,2026-10-03 18:54,17.4,1228,1228,0.047,0.047,44
CGB,SAO,2026-10-04,Gol,11:30,0,52,2026-10-02 03:58,1159,1104,2026-10-03 18:54,16.6,1104,1278,0.047,0.047,6
RIO,FLN,2026-10-04,Gol,17:35,1,60,2026-10-02 03:58,988,942,2026-10-03 18:54,22.7,942,2425,0.047,0.047,50
CWB,FLN,2026-10-04,Gol,09:50,2,51,2026-10-02 03:58,914,871,2026-10-03 18:54,14.9,871,871,0.047,0.047,50
CWB,FLN,2026-10-04,Gol,09:50,3,39,2026-10-02 03:58,914,871,2026-10-03 18:54,14.9,871,871,0.047,0.047,38
FLN,CWB,2026-10-04,Gol,07:00,3,44,2026-10-02 16:13,922,879,2026-10-03 18:54,12.1,879,879,0.047,0.047,44
SAO,GYN,2026-10-04,Gol,06:00,1,20,2026-10-02 18:55,678,646,2026-10-03 18:54,11.1,646,646,0.047,0.047,20
FOR,SAO,2026-10-04,Gol,04:25,1,38,2026-10-02 18:55,1289,1228,2026-10-03 18:54,9.5,1228,1228,0.047,0.047,38
SAO,RIO,2026-10-05,Gol,11:10,0,59,2026-10-02 21:35,849,809,2026-10-03 18:54,40.3,809,849,0.047,0.047,47
SAO,RIO,2026-10-05,Gol,06:00,0,56,2026-10-02 21:35,849,809,2026-10-03 18:54,35.1,809,849,0.047,0.047,49
SAO,BHZ,2026-10-05,Gol,08:15,0,58,2026-10-02 21:35,928,884,2026-10-03 18:54,37.4,884,2310,0.047,0.047,37
SAO,GYN,2026-10-04,Gol,06:30,1,14,2026-10-02 21:35,705,672,2026-10-03 18:54,11.6,672,672,0.047,0.047,14
SAO,GYN,2026-10-05,Gol,09:00,0,59,2026-10-02 21:35,678,646,2026-10-03 20:55,36.1,942,2037,0.047,-0.389,23
FLN,RIO,2026-10-05,Gol,05:35,1,18,2026-10-02 21:35,982,936,2026-10-03 18:54,34.7,,936,0.047,,16
FLN,RIO,2026-10-05,Gol,14:40,0,66,2026-10-02 21:35,1000,953,2026-10-03 18:54,43.8,953,1219,0.047,0.047,35
FLN,CWB,2026-10-05,Gol,05:35,2,43,2026-10-02 21:35,922,879,2026-10-03 18:54,34.7,879,879,0.047,0.047,36
RIO,BHZ,2026-10-05,Gol,11:55,0,59,2026-10-02 21:35,829,790,2026-10-03 18:54,41.0,790,829,0.047,0.047,43
RIO,BHZ,2026-10-05,Gol,06:15,0,55,2026-10-02 21:35,829,790,2026-10-03 18:54,35.4,790,2930,0.047,0.047,34
FOR,SAO,2026-10-05,Gol,03:10,0,54,2026-10-02 21:35,1083,1032,2026-10-03 18:54,32.3,1032,1809,0.047,0.047,41
RIO,FLN,2026-10-05,Gol,11:10,1,48,2026-10-02 21:35,988,942,2026-10-03 18:54,40.3,942,988,0.047,0.047,36
RIO,FLN,2026-10-05,Gol,12:20,1,62,2026-10-02 21:35,988,942,2026-10-03 18:54,41.4,942,988,0.047,0.047,49
RIO,FLN,2026-10-05,Gol,15:00,1,64,2026-10-02 21:35,1188,1132,2026-10-03 19:55,43.1,1132,1313,0.047,0.047,36
RIO,FLN,2026-10-05,Gol,12:55,1,61,2026-10-02 21:35,1188,1132,2026-10-03 19:55,41.0,1132,1313,0.047,0.047,39
CWB,FLN,2026-10-05,Gol,13:10,2,28,2026-10-02 21:35,914,871,2026-10-03 18:54,42.3,,871,0.047,,14
RIO,FLN,2026-10-05,Gol,15:00,2,42,2026-10-03 00:55,988,942,2026-10-03 18:54,44.1,942,942,0.047,0.047,27
RIO,FLN,2026-10-04,Gol,08:10,1,16,2026-10-03 17:54,1188,1132,2026-10-03 19:55,12.2,1132,1132,0.047,0.047,16
RIO,BHZ,2026-10-03,Azul,10:00,0,29,2026-10-01 15:42,906,864,2026-10-02 12:33,21.4,864,873,0.046,0.046,22
RIO,BHZ,2026-10-03,Azul,13:40,0,32,2026-10-01 15:42,906,864,2026-10-02 12:33,25.1,873,873,0.046,0.036,25
RIO,BHZ,2026-10-03,Azul,19:20,0,38,2026-10-01 15:42,906,864,2026-10-02 12:33,30.8,873,873,0.046,0.036,27
RIO,BHZ,2026-10-03,Azul,17:10,0,36,2026-10-01 15:42,906,864,2026-10-02 12:33,28.6,873,873,0.046,0.036,27
GYN,SAO,2026-10-04,Gol,18:35,2,23,2026-10-02 17:56,693,661,2026-10-04 04:54,13.7,661,1013,0.046,0.046,20
GYN,SAO,2026-10-04,Gol,18:35,1,52,2026-10-02 17:56,693,661,2026-10-03 18:54,23.7,661,661,0.046,0.046,51
SAO,FLN,2026-10-05,Azul,13:20,0,62,2026-10-02 21:35,3174,3027,2026-10-05 09:55,3.4,3027,3027,0.046,0.046,48
SAO,SSA,2026-10-05,Gol,11:25,0,59,2026-10-02 21:35,454,433,2026-10-03 18:54,40.5,1029,2228,0.046,-1.267,7
POA,SAO,2026-10-04,Gol,19:40,1,39,2026-10-02 23:18,789,753,2026-10-03 18:54,24.8,753,1203,0.046,0.046,38
RIO,BHZ,2026-10-05,Gol,14:10,1,23,2026-10-03 01:55,951,907,2026-10-04 00:55,37.2,951,2063,0.046,0.0,12
SAO,RIO,2026-10-01,Azul,20:40,0,6,2026-09-30 15:19,1122,1072,2026-10-01 15:42,5.0,1072,1115,0.045,0.045,6
SAO,SSA,2026-10-01,LATAM,21:30,0,6,2026-10-01 10:18,1071,1023,2026-10-01 15:42,5.8,1023,1023,0.045,0.045,6
SAO,SSA,2026-10-01,LATAM,20:50,0,6,2026-10-01 10:18,1071,1023,2026-10-01 15:42,5.1,1023,1023,0.045,0.045,6
SAO,SSA,2026-10-02,LATAM,12:00,0,8,2026-10-01 10:18,1071,1023,2026-10-01 15:42,20.3,1023,1023,0.045,0.045,8
SAO,SSA,2026-10-02,LATAM,10:50,0,8,2026-10-01 10:18,1071,1023,2026-10-01 15:42,19.1,1023,3862,0.045,0.045,7
SSA,SAO,2026-10-02,LATAM,11:05,0,8,2026-10-01 12:21,1064,1016,2026-10-01 15:42,19.4,1016,3855,0.045,0.045,7
SSA,SAO,2026-10-02,LATAM,12:25,0,8,2026-10-01 12:21,1064,1016,2026-10-01 15:42,20.7,1016,1016,0.045,0.045,8
SSA,SAO,2026-10-02,LATAM,05:50,0,7,2026-10-01 12:21,1064,1016,2026-10-01 15:42,14.1,1016,1016,0.045,0.045,7
SSA,SAO,2026-10-02,LATAM,04:45,0,7,2026-10-01 12:21,1064,1016,2026-10-01 15:42,13.1,1016,3855,0.045,0.045,6
SSA,SAO,2026-10-02,LATAM,10:00,0,7,2026-10-01 12:21,1064,1016,2026-10-01 15:42,18.3,1016,1016,0.045,0.045,7
FOR,SAO,2026-10-02,LATAM,02:35,0,6,2026-10-01 12:21,1145,1093,2026-10-01 17:55,8.7,1093,1093,0.045,0.045,6
SAO,SSA,2026-10-04,Gol,18:15,0,58,2026-10-02 03:58,487,465,2026-10-03 19:55,22.3,465,465,0.045,0.045,35
SAO,SSA,2026-10-04,Gol,20:35,0,62,2026-10-02 03:58,487,465,2026-10-03 18:54,25.7,465,487,0.045,0.045,48
SAO,SSA,2026-10-04,Gol,15:35,0,56,2026-10-02 03:58,487,465,2026-10-04 00:55,14.7,465,840,0.045,0.045,34
SAO,SSA,2026-10-04,Gol,16:35,0,57,2026-10-02 03:58,487,465,2026-10-03 18:54,21.7,465,465,0.045,0.045,51
RIO,SAO,2026-10-04,Gol,06:05,1,46,2026-10-02 03:58,749,715,2026-10-03 18:54,11.2,715,715,0.045,0.045,45
FOR,SAO,2026-10-03,Gol,04:45,1,9,2026-10-02 17:56,2551,2436,2026-10-02 22:03,6.7,2436,2436,0.045,0.045,9
SAO,POA,2026-10-05,Azul,14:00,0,64,2026-10-02 21:35,930,888,2026-10-04 20:55,17.1,888,1275,0.045,0.045,32
SAO,POA,2026-10-05,Azul,12:00,0,62,2026-10-02 21:35,930,888,2026-10-04 20:55,15.1,888,1248,0.045,0.045,34
SSA,SAO,2026-10-04,Gol,15:15,0,55,2026-10-02 03:58,476,455,2026-10-03 18:54,20.4,455,1052,0.044,0.044,30
SSA,SAO,2026-10-04,Gol,18:55,0,61,2026-10-02 03:58,480,459,2026-10-04 11:54,7.0,459,833,0.044,0.044,1
SAO,CWB,2026-10-05,Azul,15:30,0,66,2026-10-02 21:35,642,614,2026-10-04 20:55,18.6,614,722,0.044,0.044,31
CWB,SAO,2026-10-05,Azul,15:20,0,64,2026-10-02 21:35,628,601,2026-10-04 20:55,18.4,601,708,0.043,0.043,31
SAO,BSB,2026-10-04,Gol,18:00,0,99,2026-10-02 03:58,1363,1306,2026-10-03 18:54,23.1,1306,3029,0.042,0.042,36
RIO,FLN,2026-10-04,Gol,09:10,1,7,2026-10-02 13:55,1369,1313,2026-10-02 17:56,39.2,1371,1371,0.041,-0.001,7
FLN,SAO,2026-10-02,Gol,06:15,0,9,2026-09-30 15:19,2379,2285,2026-10-01 22:03,8.2,2285,2402,0.04,0.04,9
FLN,SAO,2026-10-02,Gol,10:00,0,9,2026-09-30 15:19,2379,2285,2026-10-01 22:03,11.9,2285,2402,0.04,0.04,9
FLN,SAO,2026-10-02,Gol,08:00,0,9,2026-09-30 15:19,2379,2285,2026-10-01 22:03,9.9,2285,2402,0.04,0.04,9
RIO,BHZ,2026-10-04,Gol,21:20,0,63,2026-10-02 03:58,2901,2786,2026-10-03 18:54,26.4,2786,2930,0.04,0.04,51
RIO,BHZ,2026-10-04,Gol,16:55,0,56,2026-10-02 03:58,2901,2786,2026-10-03 18:54,22.0,2786,2786,0.04,0.04,50
SSA,SAO,2026-10-02,Gol,20:45,1,3,2026-10-02 17:56,3420,3284,2026-10-02 18:55,1.8,3284,3420,0.04,0.04,3
REC,SAO,2026-10-05,Gol,15:55,0,58,2026-10-02 21:35,1642,1576,2026-10-03 16:55,47.0,1602,1683,0.04,0.024,42
CWB,FLN,2026-10-05,Gol e Aerolineas Argentinas,11:25,2,11,2026-10-03 01:55,3938,3782,2026-10-04 02:43,32.7,3782,3782,0.04,0.04,7
POA,SAO,2026-10-03,Gol,18:40,0,39,2026-10-01 12:21,1071,1029,2026-10-03 16:55,1.8,1029,1029,0.039,0.039,16
FLN,CWB,2026-10-02,Gol,06:15,1,7,2026-10-01 12:21,3441,3309,2026-10-01 22:03,8.2,3309,3480,0.038,0.038,7
FLN,CWB,2026-10-02,Gol,10:00,1,7,2026-10-01 12:21,3441,3309,2026-10-01 22:03,11.9,3309,3480,0.038,0.038,7
FLN,CWB,2026-10-02,Gol,15:50,1,11,2026-10-01 12:21,3441,3309,2026-10-01 22:03,17.8,3309,3480,0.038,0.038,11
FLN,CWB,2026-10-02,Gol,11:20,1,8,2026-10-01 12:21,3441,3309,2026-10-01 22:03,13.3,3309,3480,0.038,0.038,8
FLN,CWB,2026-10-03,Gol,06:20,1,25,2026-10-01 12:21,3441,3309,2026-10-01 22:03,32.3,3480,3480,0.038,-0.011,25
FLN,CWB,2026-10-03,Gol,15:00,1,34,2026-10-01 12:21,3441,3309,2026-10-01 22:03,41.0,3480,3480,0.038,-0.011,33
FLN,CWB,2026-10-03,Gol,19:30,1,41,2026-10-01 12:21,3441,3309,2026-10-01 22:03,45.5,3480,3480,0.038,-0.011,36
BSB,SAO,2026-10-02,Azul,15:25,0,8,2026-10-01 12:21,1420,1366,2026-10-02 12:33,2.9,1366,1366,0.038,0.038,7
BSB,SAO,2026-10-02,Azul,13:15,0,8,2026-10-01 12:21,1420,1366,2026-10-02 10:48,2.5,1366,1366,0.038,0.038,7
BSB,SAO,2026-10-03,Azul,06:05,0,25,2026-10-01 12:21,1420,1366,2026-10-02 10:48,19.3,1366,3315,0.038,0.038,7
FLN,CWB,2026-10-02,Gol,12:05,1,5,2026-10-01 15:42,3441,3309,2026-10-01 22:03,14.0,3309,3480,0.038,0.038,5
BHZ,SAO,2026-10-02,Azul,18:20,0,11,2026-10-01 15:42,2375,2285,2026-10-02 10:48,7.5,2285,2285,0.038,0.038,10
BHZ,SAO,2026-10-02,Azul,18:05,0,11,2026-10-01 15:42,2375,2285,2026-10-02 10:48,7.3,2285,2285,0.038,0.038,10
BHZ,SAO,2026-10-02,Azul,21:35,0,14,2026-10-01 15:42,2375,2285,2026-10-02 10:48,10.8,2285,2285,0.038,0.038,13
BHZ,SAO,2026-10-02,Azul,20:10,0,13,2026-10-01 15:42,2375,2285,2026-10-02 10:48,9.4,2285,2285,0.038,0.038,12
SAO,CGB,2026-10-04,Gol,08:45,0,49,2026-10-02 03:58,548,527,2026-10-03 18:54,13.8,527,527,0.038,0.038,22
BSB,SAO,2026-10-04,Gol,17:20,0,29,2026-10-02 03:58,969,932,2026-10-02 20:58,44.4,,937,0.038,,22
BSB,SAO,2026-10-04,Gol,19:05,0,32,2026-10-02 03:58,969,932,2026-10-02 20:58,46.1,2128,2128,0.038,-1.196,21
SAO,RIO,2026-10-05,Gol,08:00,0,58,2026-10-02 21:35,2743,2638,2026-10-03 18:54,37.1,2638,3298,0.038,0.038,43
RIO,SAO,2026-10-05,Gol,07:00,0,52,2026-10-02 21:35,2743,2639,2026-10-03 18:54,36.1,2639,3266,0.038,0.038,34
RIO,SAO,2026-10-05,Gol,08:10,0,44,2026-10-02 21:35,2743,2639,2026-10-03 18:54,37.3,2639,3672,0.038,0.038,32
BHZ,SAO,2026-10-05,Azul,14:05,0,65,2026-10-02 21:35,2375,2285,2026-10-05 08:55,5.2,2285,2285,0.038,0.038,38
BHZ,SAO,2026-10-05,Azul,13:00,0,64,2026-10-02 21:35,2375,2285,2026-10-05 08:55,4.1,2285,2285,0.038,0.038,38
SSA,SAO,2026-10-05,Azul,11:20,0,7,2026-10-02 21:35,3662,3524,2026-10-05 08:55,2.4,3524,3524,0.038,0.038,6
RIO,SAO,2026-10-02,Azul,10:15,0,7,2026-10-01 12:21,934,900,2026-10-01 18:18,15.9,900,3692,0.036,0.036,6
RIO,SAO,2026-10-02,Azul,15:35,0,9,2026-10-01 12:21,934,900,2026-10-01 18:18,21.3,900,900,0.036,0.036,8
RIO,SAO,2026-10-02,Azul,09:05,0,7,2026-10-01 12:21,934,900,2026-10-01 18:18,14.8,900,3692,0.036,0.036,6
RIO,SAO,2026-10-02,Azul,06:20,0,7,2026-10-01 12:21,934,900,2026-10-01 18:18,12.0,900,3692,0.036,0.036,6
RIO,SAO,2026-10-02,Azul,07:10,0,7,2026-10-01 12:21,934,900,2026-10-01 18:18,12.9,900,3692,0.036,0.036,6
RIO,SAO,2026-10-02,Azul,19:30,0,13,2026-10-01 12:21,934,900,2026-10-01 18:18,25.2,900,3298,0.036,0.036,6
RIO,SAO,2026-10-02,Azul,13:25,0,8,2026-10-01 12:21,934,900,2026-10-01 18:18,19.1,900,900,0.036,0.036,6
RIO,SAO,2026-10-02,Azul,11:35,0,7,2026-10-01 12:21,934,900,2026-10-01 18:18,17.3,900,3692,0.036,0.036,6
RIO,SAO,2026-10-02,Azul,14:25,0,9,2026-10-01 12:21,934,900,2026-10-01 18:18,20.1,900,900,0.036,0.036,8
RIO,SAO,2026-10-03,Azul,10:25,0,29,2026-10-01 12:21,934,900,2026-10-01 18:18,40.1,900,3298,0.036,0.036,8
BHZ,SAO,2026-10-02,Azul,21:00,0,14,2026-10-01 15:42,2084,2010,2026-10-02 16:57,4.0,2010,2010,0.036,0.036,12
BHZ,SAO,2026-10-04,Azul,12:35,0,51,2026-10-02 03:58,2084,2010,2026-10-02 16:57,43.6,2010,2010,0.036,0.036,48
BHZ,SAO,2026-10-04,Azul,13:05,0,41,2026-10-02 03:58,2084,2010,2026-10-02 16:57,44.1,2343,2343,0.036,-0.124,23
BHZ,SAO,2026-10-04,Azul,16:30,0,56,2026-10-02 03:58,2084,2010,2026-10-02 16:57,47.5,2010,2010,0.036,0.036,50
SAO,REC,2026-10-02,Gol,18:35,1,6,2026-10-02 10:48,2553,2461,2026-10-02 16:13,2.4,2461,2461,0.036,0.036,6
SAO,RIO,2026-10-05,Aerolineas Argentinas,10:20,1,5,2026-10-03 04:55,2782,2683,2026-10-04 02:43,31.6,2782,2782,0.036,0.0,4
SAO,BHZ,2026-10-02,Azul,21:40,0,15,2026-10-01 10:18,2085,2011,2026-10-02 17:56,3.7,2011,2011,0.035,0.035,15
SAO,BHZ,2026-10-03,Azul,14:35,0,34,2026-10-01 10:18,2085,2011,2026-10-02 17:56,20.6,2011,2011,0.035,0.035,32
SAO,BHZ,2026-10-03,Azul,10:25,0,30,2026-10-01 10:18,2111,2037,2026-10-02 16:57,17.5,2037,2037,0.035,0.035,29
SAO,BHZ,2026-10-03,Azul,18:55,0,39,2026-10-01 10:18,2111,2037,2026-10-02 16:57,26.0,2037,2037,0.035,0.035,33
CGB,SAO,2026-10-03,Azul,05:50,0,26,2026-10-01 12:21,569,549,2026-10-02 17:56,11.9,549,3334,0.035,0.035,20
BHZ,SAO,2026-10-02,LATAM,19:50,0,14,2026-10-01 15:42,950,917,2026-10-01 17:55,25.9,917,3736,0.035,0.035,13
BHZ,SAO,2026-10-02,LATAM,15:25,0,10,2026-10-01 15:42,950,917,2026-10-01 17:55,21.5,917,3736,0.035,0.035,9
BHZ,SAO,2026-10-02,LATAM,18:00,0,13,2026-10-01 15:42,950,917,2026-10-01 17:55,24.1,917,3736,0.035,0.035,12
BHZ,SAO,2026-10-02,LATAM,09:30,0,6,2026-10-01 15:42,950,917,2026-10-01 17:55,15.6,917,1008,0.035,0.035,6
BHZ,SAO,2026-10-02,LATAM,15:55,0,10,2026-10-01 15:42,950,917,2026-10-01 17:55,22.0,917,933,0.035,0.035,10
BHZ,SAO,2026-10-02,LATAM,16:20,0,11,2026-10-01 15:42,950,917,2026-10-01 17:55,22.4,917,3736,0.035,0.035,10
BHZ,SAO,2026-10-02,LATAM,13:10,0,8,2026-10-01 15:42,950,917,2026-10-01 17:55,19.2,917,3736,0.035,0.035,7
BHZ,SAO,2026-10-02,LATAM,06:20,0,6,2026-10-01 15:42,950,917,2026-10-01 17:55,12.4,917,1008,0.035,0.035,6
BHZ,SAO,2026-10-02,LATAM,08:00,0,6,2026-10-01 15:42,950,917,2026-10-01 17:55,14.1,917,1008,0.035,0.035,6
BHZ,SAO,2026-10-02,LATAM,05:15,0,6,2026-10-01 15:42,950,917,2026-10-01 17:55,11.3,917,1008,0.035,0.035,6
BHZ,SAO,2026-10-02,LATAM,07:10,0,6,2026-10-01 15:42,950,917,2026-10-01 17:55,13.2,917,1008,0.035,0.035,6
BHZ,SAO,2026-10-02,LATAM,17:45,0,12,2026-10-01 15:42,950,917,2026-10-01 17:55,23.8,917,3736,0.035,0.035,11
BHZ,SAO,2026-10-02,LATAM,20:25,0,16,2026-10-01 15:42,950,917,2026-10-01 17:55,26.5,917,3736,0.035,0.035,14
SAO,BHZ,2026-10-04,Azul,16:55,0,56,2026-10-02 03:58,2111,2037,2026-10-02 17:56,47.0,2037,2037,0.035,0.035,50
CWB,SAO,2026-10-04,Gol,15:00,0,55,2026-10-02 03:58,2541,2453,2026-10-03 18:54,20.1,2453,2453,0.035,0.035,50
SAO,POA,2026-10-01,Azul,18:35,0,4,2026-10-01 10:18,1254,1211,2026-10-01 15:42,2.9,1211,1224,0.034,0.034,4
SAO,REC,2026-10-03,Gol,09:00,0,30,2026-10-01 10:18,1148,1109,2026-10-01 15:42,41.3,1109,1148,0.034,0.034,20
SAO,CGB,2026-10-03,Azul,23:55,0,44,2026-10-01 12:21,555,536,2026-10-02 17:56,30.0,536,536,0.034,0.034,31
POA,SAO,2026-10-03,LATAM,17:45,0,39,2026-10-01 12:21,1281,1238,2026-10-01 17:55,47.8,1277,3002,0.034,0.003,13
SAO,CGB,2026-10-02,Azul,23:55,0,17,2026-10-01 15:42,555,536,2026-10-02 17:56,6.0,536,536,0.034,0.034,16
POA,SAO,2026-10-01,LATAM,20:05,0,4,2026-10-01 15:42,1281,1238,2026-10-01 17:55,2.2,1238,1238,0.034,0.034,4
POA,SAO,2026-10-01,LATAM,21:50,0,4,2026-10-01 15:42,1281,1238,2026-10-01 17:55,3.9,1238,1238,0.034,0.034,4
POA,SAO,2026-10-02,LATAM,10:05,0,6,2026-10-01 15:42,1281,1238,2026-10-01 17:55,16.2,1238,1353,0.034,0.034,6
POA,SAO,2026-10-02,LATAM,17:45,0,12,2026-10-01 15:42,1281,1238,2026-10-01 17:55,23.8,1238,3862,0.034,0.034,11
POA,SAO,2026-10-02,LATAM,12:10,0,7,2026-10-01 15:42,1281,1238,2026-10-01 17:55,18.2,1238,1353,0.034,0.034,7
POA,SAO,2026-10-02,LATAM,20:05,0,15,2026-10-01 15:42,1281,1238,2026-10-01 17:55,26.2,1238,3862,0.034,0.034,14
POA,SAO,2026-10-02,LATAM,04:45,0,6,2026-10-01 15:42,1281,1238,2026-10-01 17:55,10.8,1238,3862,0.034,0.034,5
POA,SAO,2026-10-02,LATAM,06:40,0,6,2026-10-01 15:42,1281,1238,2026-10-01 17:55,12.8,1238,1353,0.034,0.034,6
POA,SAO,2026-10-02,LATAM,21:50,0,17,2026-10-01 15:42,1281,1238,2026-10-01 17:55,27.9,1238,3862,0.034,0.034,16
POA,SAO,2026-10-02,LATAM,13:55,0,8,2026-10-01 15:42,1281,1238,2026-10-01 17:55,20.0,1238,1277,0.034,0.034,8
FLN,SAO,2026-10-02,Gol,21:40,1,7,2026-10-02 14:55,1385,1338,2026-10-02 16:57,4.7,1338,3973,0.034,0.034,5
SAO,FLN,2026-10-02,Gol,22:55,1,7,2026-10-02 16:13,1364,1317,2026-10-02 16:57,6.0,1317,1317,0.034,0.034,7
CWB,SAO,2026-10-05,Gol,07:15,0,59,2026-10-02 21:35,2540,2453,2026-10-03 18:54,36.4,3166,3330,0.034,-0.246,18
BHZ,SAO,2026-10-05,LATAM,05:15,0,58,2026-10-02 21:35,843,814,2026-10-03 12:55,40.3,843,3736,0.034,0.0,47
SAO,FLN,2026-10-02,Gol,09:15,0,9,2026-09-30 15:19,2909,2812,2026-10-01 22:03,11.2,2812,3729,0.033,0.033,5
FLN,SAO,2026-10-02,Gol,11:20,0,9,2026-09-30 15:19,2930,2833,2026-10-01 22:03,13.3,2833,3750,0.033,0.033,7
FLN,SAO,2026-10-02,Gol,06:05,0,9,2026-09-30 15:19,2930,2833,2026-10-01 22:03,8.0,2833,3750,0.033,0.033,7
CGB,SAO,2026-10-03,Azul,17:30,0,37,2026-10-01 12:21,568,549,2026-10-03 08:54,8.6,549,549,0.033,0.033,27
CGB,SAO,2026-10-03,Azul,17:40,0,37,2026-10-01 12:21,568,549,2026-10-02 17:56,23.7,549,549,0.033,0.033,27
BHZ,RIO,2026-10-03,Gol,08:20,0,28,2026-10-01 15:42,809,782,2026-10-02 12:33,19.8,782,829,0.033,0.033,28
BHZ,RIO,2026-10-03,Gol,05:45,0,27,2026-10-01 15:42,809,782,2026-10-02 12:33,17.2,782,829,0.033,0.033,27
BHZ,RIO,2026-10-03,Gol,19:30,0,40,2026-10-01 15:42,809,782,2026-10-02 12:33,30.9,782,829,0.033,0.033,36
BSB,SAO,2026-10-04,Gol,20:35,0,61,2026-10-02 03:58,969,937,2026-10-03 10:53,33.7,2128,3093,0.033,-1.196,20
CGB,SAO,2026-10-02,Gol,23:00,2,20,2026-10-02 10:48,1812,1752,2026-10-02 16:13,6.8,1752,3279,0.033,0.033,11
SAO,FOR,2026-10-05,LATAM,07:45,0,61,2026-10-02 21:35,2811,2719,2026-10-04 14:00,17.8,2719,3150,0.033,0.033,46
BSB,SAO,2026-10-05,Gol,06:25,0,58,2026-10-02 21:35,969,937,2026-10-03 10:53,43.5,945,993,0.033,0.025,51
RIO,BHZ,2026-10-03,Gol,17:30,0,37,2026-10-01 15:42,809,783,2026-10-02 12:33,28.9,783,829,0.032,0.032,35
SAO,REC,2026-10-04,Azul,16:25,0,57,2026-10-02 03:58,623,603,2026-10-02 16:57,47.5,603,603,0.032,0.032,28
POA,SAO,2026-10-04,Gol,17:30,0,58,2026-10-02 03:58,3262,3158,2026-10-04 08:55,8.6,3158,3158,0.032,0.032,51
SAO,BHZ,2026-10-04,Gol,18:00,1,56,2026-10-02 03:58,1149,1113,2026-10-03 18:54,23.1,1113,1113,0.031,0.031,48
SAO,RIO,2026-10-02,Gol,19:15,0,15,2026-09-30 15:19,3015,2927,2026-10-02 13:55,5.3,2927,3025,0.029,0.029,11
BSB,SAO,2026-10-01,Azul,20:05,0,4,2026-10-01 15:42,1362,1323,2026-10-01 16:55,3.2,1323,1362,0.029,0.029,4
BHZ,SAO,2026-10-04,Gol,12:55,0,25,2026-10-02 03:58,3017,2930,2026-10-02 16:13,44.7,,3017,0.029,,22
SAO,BHZ,2026-10-05,Azul,15:30,0,64,2026-10-02 21:35,594,577,2026-10-04 08:55,30.6,577,662,0.029,0.029,30
SAO,RIO,2026-10-03,Gol,09:00,0,30,2026-10-01 10:18,989,961,2026-10-02 19:55,13.1,961,2811,0.028,0.028,10
SAO,BHZ,2026-10-04,Gol,17:10,0,56,2026-10-02 03:58,723,703,2026-10-02 20:58,44.2,794,794,0.028,-0.098,22
RIO,SAO,2026-10-04,Gol,09:10,0,49,2026-10-02 03:58,989,961,2026-10-02 16:13,41.0,1263,1263,0.028,-0.277,17
FOR,SAO,2026-10-02,LATAM,12:55,0,9,2026-10-01 12:21,1123,1093,2026-10-01 17:55,19.0,1093,3859,0.027,0.027,8
SAO,BHZ,2026-10-02,LATAM,08:55,0,7,2026-10-01 10:18,3835,3736,2026-10-01 16:55,16.0,3736,3736,0.026,0.026,7
SAO,POA,2026-10-01,Gol,17:20,0,3,2026-10-01 10:18,3354,3271,2026-10-01 15:42,1.6,3271,3271,0.025,0.025,3
SAO,POA,2026-10-01,Gol,18:50,0,4,2026-10-01 10:18,3301,3220,2026-10-01 15:42,3.1,3220,3220,0.025,0.025,4
SAO,POA,2026-10-01,Gol,22:55,0,6,2026-10-01 10:18,3301,3220,2026-10-01 15:42,7.2,3220,3220,0.025,0.025,6
SAO,REC,2026-10-01,Gol,17:50,0,2,2026-10-01 10:18,2519,2457,2026-10-01 15:42,2.1,2457,2457,0.025,0.025,2
SAO,REC,2026-10-03,Gol,16:55,0,37,2026-10-01 10:18,1100,1073,2026-10-01 22:03,42.9,1094,1094,0.025,0.005,30
SAO,BHZ,2026-10-01,Azul,19:25,0,8,2026-10-01 10:18,951,927,2026-10-01 15:42,3.7,927,3492,0.025,0.025,4
SAO,BSB,2026-10-01,Gol,18:20,0,3,2026-10-01 12:21,3434,3349,2026-10-01 15:42,2.6,3349,3349,0.025,0.025,3
SAO,POA,2026-10-02,Gol,09:15,1,2,2026-10-01 15:42,1044,1018,2026-10-01 22:03,11.2,1018,1018,0.025,0.025,2
SAO,POA,2026-10-02,Gol,18:55,1,2,2026-10-01 15:42,1044,1018,2026-10-01 22:03,20.9,1018,1018,0.025,0.025,2
SAO,CWB,2026-10-02,Gol,23:00,2,9,2026-10-01 15:42,874,852,2026-10-01 22:03,24.9,874,874,0.025,0.0,9
SAO,CGB,2026-10-02,Gol,08:40,0,6,2026-10-01 15:42,1102,1075,2026-10-01 22:03,10.6,1075,1129,0.025,0.025,6
RIO,BHZ,2026-10-03,Gol,08:30,0,28,2026-10-01 15:42,2858,2786,2026-10-01 22:03,34.5,2901,2930,0.025,-0.015,28
RIO,SAO,2026-10-01,LATAM,19:50,0,4,2026-10-01 15:42,3298,3217,2026-10-01 17:55,1.9,3217,3217,0.025,0.025,4
RIO,SAO,2026-10-01,LATAM,19:10,0,4,2026-10-01 15:42,3298,3217,2026-10-01 17:55,1.2,3217,3298,0.025,0.025,4
RIO,SAO,2026-10-01,LATAM,19:30,0,4,2026-10-01 15:42,3298,3217,2026-10-01 17:55,1.6,3217,3217,0.025,0.025,4
RIO,SAO,2026-10-01,LATAM,20:40,0,4,2026-10-01 15:42,3298,3217,2026-10-01 17:55,2.8,3217,3217,0.025,0.025,4
SAO,CWB,2026-10-04,Gol,13:35,0,51,2026-10-02 03:58,2582,2518,2026-10-02 13:55,47.7,2544,2544,0.025,0.015,45
SAO,CWB,2026-10-04,Azul,12:05,0,50,2026-10-02 03:58,1039,1013,2026-10-02 14:55,45.2,2676,2676,0.025,-1.576,4
BHZ,SAO,2026-10-04,Gol,18:50,0,60,2026-10-02 03:58,879,857,2026-10-04 00:55,17.9,857,857,0.025,0.025,35
BHZ,SAO,2026-10-04,Gol,17:00,0,58,2026-10-02 03:58,2533,2469,2026-10-03 18:54,22.1,2469,2469,0.025,0.025,51
BHZ,RIO,2026-10-04,Azul,13:00,0,52,2026-10-02 03:58,816,796,2026-10-02 16:57,44.0,796,796,0.025,0.025,37
FLN,SAO,2026-10-02,Gol,21:40,2,8,2026-10-02 17:56,1631,1590,2026-10-02 18:55,2.8,1590,3750,0.025,0.025,7
SAO,CGB,2026-10-05,Gol,08:40,0,59,2026-10-02 21:35,840,819,2026-10-03 18:54,37.8,819,1083,0.025,0.025,47
RIO,BHZ,2026-10-05,Azul,13:40,0,59,2026-10-02 21:35,929,906,2026-10-05 08:55,4.8,906,906,0.025,0.025,34
POA,SAO,2026-10-05,Gol,08:00,0,43,2026-10-02 21:35,1677,1635,2026-10-03 19:55,36.1,1635,1635,0.025,0.025,34
POA,SAO,2026-10-05,Gol,09:25,0,43,2026-10-02 21:35,1677,1635,2026-10-03 19:55,37.5,1635,1635,0.025,0.025,33
POA,SAO,2026-10-05,Gol,06:40,0,43,2026-10-02 21:35,1677,1635,2026-10-03 19:55,34.8,1635,1635,0.025,0.025,36
CWB,SAO,2026-10-05,Gol,09:00,0,59,2026-10-02 21:35,1098,1071,2026-10-03 18:54,38.1,1071,1125,0.025,0.025,49
BHZ,SAO,2026-10-05,Gol,15:10,0,66,2026-10-02 21:35,879,857,2026-10-03 18:54,44.3,857,901,0.025,0.025,50
CGB,SAO,2026-10-05,Gol,04:45,1,54,2026-10-02 21:35,853,832,2026-10-03 18:54,33.9,832,1343,0.025,0.025,44
SAO,POA,2026-10-01,LATAM,19:10,0,6,2026-10-01 10:18,3354,3272,2026-10-01 17:55,1.2,3272,3862,0.024,0.024,5
SAO,REC,2026-10-02,Gol,13:05,1,4,2026-10-01 10:18,1148,1120,2026-10-01 15:42,21.4,1120,1879,0.024,0.024,3
SAO,CWB,2026-10-01,Gol,20:15,0,6,2026-10-01 10:18,2703,2637,2026-10-01 15:42,4.5,2637,2637,0.024,0.024,6
SAO,BHZ,2026-10-01,Gol,19:55,0,6,2026-10-01 10:18,2164,2111,2026-10-01 15:42,4.2,2111,2111,0.024,0.024,6
SAO,BHZ,2026-10-02,Gol,12:35,0,8,2026-10-01 10:18,1035,1010,2026-10-01 15:42,20.9,1010,2310,0.024,0.024,6
SAO,BHZ,2026-10-02,Gol,10:15,0,7,2026-10-01 10:18,2137,2085,2026-10-01 15:42,18.6,2085,2137,0.024,0.024,7
SAO,BHZ,2026-10-03,Azul,14:15,0,34,2026-10-01 10:18,977,954,2026-10-01 15:42,46.5,2037,2037,0.024,-1.085,1
SAO,BHZ,2026-10-03,Azul,12:25,0,32,2026-10-01 10:18,977,954,2026-10-01 16:55,43.5,2037,2037,0.024,-1.085,1
SAO,CGB,2026-10-01,Gol,23:55,0,5,2026-10-01 12:21,1129,1102,2026-10-01 15:42,8.2,1102,1102,0.024,0.024,5
CWB,SAO,2026-10-02,Azul,09:15,0,7,2026-10-01 12:21,1062,1037,2026-10-01 15:42,17.6,1037,2689,0.024,0.024,3
BHZ,SAO,2026-10-01,Azul,18:35,0,6,2026-10-01 12:21,950,927,2026-10-01 15:42,2.9,927,3465,0.024,0.024,3
BHZ,SAO,2026-10-01,Azul,21:00,0,5,2026-10-01 12:21,950,927,2026-10-01 15:42,5.3,927,2084,0.024,0.024,3
CGB,SAO,2026-10-01,Gol,17:50,0,5,2026-10-01 12:21,1346,1314,2026-10-01 15:42,2.1,1314,1768,0.024,0.024,2
POA,SAO,2026-10-01,LATAM,20:25,0,4,2026-10-01 15:42,3354,3272,2026-10-01 17:55,2.5,3272,3272,0.024,0.024,4
POA,SAO,2026-10-01,LATAM,19:50,0,4,2026-10-01 15:42,3354,3272,2026-10-01 17:55,1.9,3272,3272,0.024,0.024,4
POA,SAO,2026-10-02,Gol,18:45,0,12,2026-10-01 15:42,1071,1045,2026-10-01 22:03,20.7,1045,1237,0.024,0.024,5
POA,SAO,2026-10-02,Gol,14:05,0,8,2026-10-01 15:42,1071,1045,2026-10-01 22:03,16.0,1045,1311,0.024,0.024,5
POA,SAO,2026-10-02,Gol,11:30,0,6,2026-10-01 15:42,1071,1045,2026-10-01 22:03,13.4,1045,1353,0.024,0.024,5
POA,SAO,2026-10-02,Gol,05:35,0,6,2026-10-01 15:42,1071,1045,2026-10-01 22:03,7.5,1045,1353,0.024,0.024,5
BHZ,SAO,2026-10-02,Gol,15:10,0,9,2026-10-01 15:42,791,772,2026-10-01 22:03,17.1,772,973,0.024,0.024,5
BHZ,SAO,2026-10-02,Gol,18:50,0,12,2026-10-01 15:42,791,772,2026-10-01 22:03,20.8,772,1652,0.024,0.024,5
BHZ,SAO,2026-10-02,Gol,12:10,0,6,2026-10-01 15:42,791,772,2026-10-01 22:03,14.1,772,1008,0.024,0.024,5
BHZ,SAO,2026-10-02,Gol,15:40,0,9,2026-10-01 15:42,791,772,2026-10-01 22:03,17.6,772,973,0.024,0.024,5
BHZ,SAO,2026-10-02,Gol,07:15,0,6,2026-10-01 15:42,791,772,2026-10-01 22:03,9.2,772,1008,0.024,0.024,5
BHZ,SAO,2026-10-02,Gol,06:15,0,6,2026-10-01 15:42,791,772,2026-10-01 22:03,8.2,772,1008,0.024,0.024,5
BHZ,SAO,2026-10-02,Gol,08:45,0,6,2026-10-01 15:42,791,772,2026-10-01 22:03,10.7,772,1008,0.024,0.024,5
BHZ,SAO,2026-10-02,Gol,14:10,0,8,2026-10-01 15:42,791,772,2026-10-01 22:03,16.1,772,973,0.024,0.024,5
REC,SAO,2026-10-03,Gol,14:55,0,33,2026-10-01 15:42,1098,1072,2026-10-01 22:03,40.9,1093,1093,0.024,0.005,29
RIO,BHZ,2026-10-04,Azul,14:45,0,52,2026-10-02 03:58,817,797,2026-10-02 16:57,45.8,797,797,0.024,0.024,36
SAO,REC,2026-10-02,Gol,19:40,1,6,2026-10-02 10:48,1357,1324,2026-10-02 12:33,7.1,1324,1324,0.024,0.024,6
SAO,REC,2026-10-03,Gol,10:55,0,24,2026-10-02 10:48,1287,1256,2026-10-02 13:55,21.0,1256,2139,0.024,0.024,10
RIO,SAO,2026-10-05,Gol,11:55,0,60,2026-10-02 21:35,966,943,2026-10-03 18:54,41.0,943,980,0.024,0.024,48
REC,SAO,2026-10-05,Gol,11:55,1,20,2026-10-02 21:35,1145,1117,2026-10-04 10:55,25.0,1117,1173,0.024,0.024,18
FOR,SAO,2026-10-03,Gol,03:20,0,25,2026-10-01 12:21,1103,1078,2026-10-02 16:13,11.1,1078,1078,0.023,0.023,23
CGB,SAO,2026-10-02,Gol,02:15,0,6,2026-10-01 12:21,580,567,2026-10-01 15:42,10.6,567,1521,0.022,0.022,2
CGB,SAO,2026-10-02,Gol,17:50,0,14,2026-10-01 12:21,580,567,2026-10-01 15:42,26.1,575,1313,0.022,0.009,5
SAO,REC,2026-10-05,Gol,13:30,0,56,2026-10-02 21:35,1828,1787,2026-10-03 18:54,42.6,1787,2932,0.022,0.022,36
SAO,FOR,2026-10-04,Gol,08:40,0,6,2026-10-02 20:58,3830,3754,2026-10-04 07:54,0.8,3754,3754,0.02,0.02,6
SAO,FOR,2026-10-03,LATAM,15:55,0,38,2026-10-01 12:21,1079,1059,2026-10-02 12:33,27.4,1059,3455,0.019,0.019,9
BHZ,SAO,2026-10-04,Gol,20:45,0,63,2026-10-02 03:58,1652,1620,2026-10-03 18:54,25.9,1620,1704,0.019,0.019,52
SAO,FOR,2026-10-05,LATAM,09:45,0,63,2026-10-02 21:35,3455,3390,2026-10-03 12:55,44.8,3390,3835,0.019,0.019,44
BHZ,SAO,2026-10-05,Gol,08:45,0,60,2026-10-02 21:35,1652,1620,2026-10-03 18:54,37.9,1620,2598,0.019,0.019,44
SAO,CGB,2026-10-01,Azul,20:45,0,4,2026-10-01 12:21,4048,3975,2026-10-01 16:55,3.8,3975,3975,0.018,0.018,4
FOR,SAO,2026-10-02,LATAM,17:55,0,13,2026-10-01 12:21,1088,1068,2026-10-02 12:33,5.4,1068,1068,0.018,0.018,12
CGB,SAO,2026-10-01,Azul,17:40,0,3,2026-10-01 12:21,4034,3961,2026-10-01 16:55,0.8,3961,3961,0.018,0.018,3
FOR,SAO,2026-10-04,LATAM,06:05,0,47,2026-10-02 03:58,1103,1083,2026-10-02 12:33,41.5,1634,3479,0.018,-0.481,6
SAO,FLN,2026-10-02,LATAM,22:40,0,20,2026-09-30 15:19,1340,1317,2026-10-02 12:33,10.1,1317,1317,0.017,0.017,19
SAO,FLN,2026-10-02,LATAM,17:35,0,15,2026-09-30 15:19,1340,1317,2026-10-02 12:33,5.0,1317,3835,0.017,0.017,13
SAO,FLN,2026-10-02,LATAM,15:35,0,13,2026-09-30 15:19,1340,1317,2026-10-02 12:33,3.0,1317,3835,0.017,0.017,11
FLN,SAO,2026-10-02,LATAM,20:20,0,19,2026-09-30 15:19,1361,1338,2026-10-02 12:33,7.8,1338,3750,0.017,0.017,16
FLN,SAO,2026-10-02,LATAM,17:35,0,15,2026-09-30 15:19,1361,1338,2026-10-02 12:33,5.0,1338,3856,0.017,0.017,13
FLN,SAO,2026-10-02,LATAM,15:15,0,13,2026-09-30 15:19,1361,1338,2026-10-02 12:33,2.7,1338,3856,0.017,0.017,12
RIO,BHZ,2026-10-04,Azul,10:10,0,26,2026-10-02 03:58,3947,3884,2026-10-02 10:48,47.4,3884,3884,0.016,0.016,25
CWB,SAO,2026-10-01,LATAM,19:15,0,4,2026-10-01 15:42,2729,2689,2026-10-01 17:55,1.3,2689,2689,0.015,0.015,4
REC,SAO,2026-10-05,Gol,03:40,0,42,2026-10-02 21:35,975,961,2026-10-03 18:54,32.8,961,2812,0.014,0.014,26
SAO,REC,2026-10-05,Azul,15:55,0,66,2026-10-02 21:35,888,877,2026-10-04 08:55,31.0,877,2641,0.012,0.012,21
SAO,GYN,2026-10-05,LATAM,08:10,0,59,2026-10-02 21:35,647,639,2026-10-04 13:55,18.2,639,3243,0.012,0.012,41
SAO,RIO,2026-10-01,Azul,15:40,0,3,2026-09-30 15:19,1122,1110,2026-10-01 10:18,5.4,1110,1143,0.011,0.011,3
SAO,FOR,2026-10-01,Gol,22:05,0,5,2026-10-01 12:21,1079,1068,2026-10-01 15:42,6.4,1068,3587,0.01,0.01,2
RIO,BHZ,2026-10-01,LATAM,16:40,1,2,2026-10-01 12:21,2093,2073,2026-10-01 15:42,1.0,2073,2073,0.01,0.01,2
FOR,SAO,2026-10-01,Gol,18:20,0,3,2026-10-01 12:21,1103,1092,2026-10-01 15:42,2.6,1092,3143,0.01,0.01,2
FOR,SAO,2026-10-02,Gol,12:50,0,8,2026-10-01 12:21,1103,1092,2026-10-01 15:42,21.1,1092,2218,0.01,0.01,2
SAO,BHZ,2026-10-02,Azul,15:30,0,9,2026-10-01 10:18,977,968,2026-10-02 12:33,3.0,968,968,0.009,0.009,2
SAO,FOR,2026-10-01,LATAM,20:40,0,5,2026-10-01 12:21,1079,1069,2026-10-01 17:55,2.8,1069,1069,0.009,0.009,5
SAO,FOR,2026-10-02,LATAM,06:15,0,7,2026-10-01 12:21,1091,1081,2026-10-01 17:55,12.3,1081,1091,0.009,0.009,7
FOR,SAO,2026-10-02,LATAM,03:45,0,6,2026-10-01 12:21,1088,1078,2026-10-01 17:55,9.8,1078,1078,0.009,0.009,6
FOR,SAO,2026-10-02,LATAM,06:05,0,7,2026-10-01 12:21,1103,1093,2026-10-01 17:55,12.2,1093,1103,0.009,0.009,7
FOR,SAO,2026-10-02,LATAM,11:50,0,8,2026-10-01 12:21,1103,1093,2026-10-01 17:55,17.9,1093,1103,0.009,0.009,8
FOR,SAO,2026-10-02,LATAM,04:45,0,7,2026-10-01 12:21,1103,1093,2026-10-01 17:55,10.8,1093,3859,0.009,0.009,6
FOR,SAO,2026-10-02,LATAM,10:25,0,7,2026-10-01 12:21,1088,1078,2026-10-01 17:55,16.5,1078,1088,0.009,0.009,7
SAO,FLN,2026-10-03,Gol,18:00,1,18,2026-10-01 15:42,921,913,2026-10-01 22:03,44.0,959,959,0.009,-0.041,15
SAO,POA,2026-10-05,LATAM,08:35,0,60,2026-10-02 21:35,1209,1198,2026-10-04 13:55,18.7,1198,3862,0.009,0.009,44
SAO,POA,2026-10-05,LATAM,14:00,0,66,2026-10-02 21:35,1209,1198,2026-10-04 12:55,25.1,1198,3862,0.009,0.009,38
SAO,POA,2026-10-05,LATAM,09:55,0,61,2026-10-02 21:35,1209,1198,2026-10-04 13:55,20.0,1198,1337,0.009,0.009,43
SAO,POA,2026-10-05,LATAM,15:55,0,68,2026-10-02 21:35,1209,1198,2026-10-04 13:55,26.0,1198,3862,0.009,0.009,36
SAO,POA,2026-10-05,LATAM,11:20,0,63,2026-10-02 21:35,1209,1198,2026-10-04 13:55,21.4,1198,3862,0.009,0.009,41
SAO,GYN,2026-10-05,LATAM,06:35,0,57,2026-10-02 21:35,645,639,2026-10-04 13:55,16.7,639,3243,0.009,0.009,45
FLN,SAO,2026-10-05,Azul,12:05,0,62,2026-10-02 21:35,3074,3047,2026-10-05 09:55,2.2,3047,3047,0.009,0.009,50
FLN,SAO,2026-10-02,Azul,20:00,0,8,2026-09-30 15:19,3100,3074,2026-10-02 10:48,9.2,3074,3074,0.008,0.008,7
FLN,SAO,2026-10-02,Azul,18:40,0,7,2026-09-30 15:19,3100,3074,2026-10-02 10:48,7.9,3074,3074,0.008,0.008,6
FLN,SAO,2026-10-02,Gol,05:35,1,8,2026-10-01 10:18,944,936,2026-10-01 22:03,7.5,936,982,0.008,0.008,8
FLN,RIO,2026-10-02,Gol,05:35,1,7,2026-10-01 12:21,944,936,2026-10-01 22:03,7.5,936,982,0.008,0.008,7
RIO,FLN,2026-10-02,Gol,06:05,2,7,2026-10-01 12:21,950,942,2026-10-01 22:03,8.0,942,988,0.008,0.008,7
FLN,RIO,2026-10-03,Gol,15:35,1,35,2026-10-01 15:42,944,936,2026-10-01 22:03,41.5,982,982,0.008,-0.04,35
FLN,RIO,2026-10-03,Gol,06:05,1,27,2026-10-01 15:42,944,936,2026-10-01 22:03,32.0,982,1308,0.008,-0.04,15
SAO,REC,2026-10-04,Azul,22:40,0,65,2026-10-02 03:58,713,707,2026-10-03 08:54,37.8,707,707,0.008,0.008,39
FLN,CWB,2026-10-03,LATAM,20:20,1,16,2026-10-03 01:55,3477,3448,2026-10-03 16:55,3.4,3448,3477,0.008,0.008,16
FLN,CWB,2026-10-05,LATAM,05:35,1,54,2026-10-03 01:55,3477,3448,2026-10-03 12:55,40.7,3448,3824,0.008,0.008,45
SSA,SAO,2026-10-03,LATAM,15:50,0,37,2026-10-01 12:21,1003,996,2026-10-03 12:55,2.9,996,3475,0.007,0.007,20
RIO,FLN,2026-10-01,Gol,17:20,1,2,2026-10-01 12:21,1379,1369,2026-10-01 15:42,1.6,1369,1369,0.007,0.007,2
SAO,SSA,2026-10-04,LATAM,08:00,0,49,2026-10-02 03:58,983,976,2026-10-03 12:55,19.1,976,3455,0.007,0.007,33
SAO,FLN,2026-10-05,LATAM,14:10,0,64,2026-10-02 21:35,1442,1432,2026-10-03 18:54,43.3,1442,3862,0.007,0.0,37
SAO,FLN,2026-10-05,LATAM,08:40,0,59,2026-10-02 21:35,1442,1432,2026-10-03 18:54,37.8,1432,3862,0.007,0.007,43
SAO,FLN,2026-10-05,LATAM,11:40,0,62,2026-10-02 21:35,1442,1432,2026-10-03 18:54,40.8,1432,3862,0.007,0.007,40
SAO,SSA,2026-10-05,LATAM,15:30,0,64,2026-10-02 21:35,990,983,2026-10-05 12:54,2.6,983,3835,0.007,0.007,36
SSA,SAO,2026-10-05,LATAM,15:50,0,69,2026-10-02 21:35,1010,1003,2026-10-05 12:54,2.9,1003,3855,0.007,0.007,40
SAO,GYN,2026-10-05,LATAM,07:25,0,58,2026-10-02 21:35,618,614,2026-10-03 13:55,41.5,618,683,0.006,0.0,44
SAO,GYN,2026-10-05,LATAM,09:45,0,60,2026-10-02 21:35,618,614,2026-10-03 13:55,43.8,618,3216,0.006,0.0,42
SAO,POA,2026-10-02,Gol,18:00,1,13,2026-10-01 10:18,764,760,2026-10-01 16:55,25.1,760,1234,0.005,0.005,6
POA,SAO,2026-10-02,Gol,04:05,1,4,2026-10-01 15:42,793,789,2026-10-01 16:55,11.2,789,789,0.005,0.005,4
RIO,SAO,2026-10-04,Gol,11:30,0,50,2026-10-02 03:58,3692,3672,2026-10-03 18:54,16.6,3672,3672,0.005,0.005,48
SAO,REC,2026-10-04,Gol,13:30,0,54,2026-10-02 03:58,1380,1375,2026-10-02 16:13,45.3,1553,2533,0.004,-0.125,4
SAO,BHZ,2026-10-02,Gol,18:00,1,11,2026-10-01 10:18,621,619,2026-10-01 16:55,25.1,619,1170,0.003,0.003,6
SAO,GYN,2026-10-03,Gol,16:45,0,35,2026-10-01 15:42,787,785,2026-10-02 22:54,17.9,785,1075,0.003,0.003,13
BHZ,SAO,2026-10-02,Gol,05:15,1,5,2026-10-01 15:42,623,621,2026-10-01 16:55,12.3,621,621,0.003,0.003,5
SSA,SAO,2026-10-05,LATAM,10:00,0,63,2026-10-02 21:35,1553,1548,2026-10-04 13:55,20.1,1548,3855,0.003,0.003,43
FLN,CWB,2026-10-02,Gol,21:40,2,12,2026-10-01 12:21,924,922,2026-10-02 12:33,9.1,922,922,0.002,0.002,11
FLN,CWB,2026-10-02,Gol,05:35,3,5,2026-10-01 12:21,924,922,2026-10-01 16:55,12.7,922,922,0.002,0.002,5
FLN,CWB,2026-10-03,Gol,07:55,2,5,2026-10-01 12:21,924,922,2026-10-01 16:55,39.0,,922,0.002,,5
CGB,SAO,2026-10-02,Azul,02:00,0,6,2026-10-01 12:21,569,568,2026-10-01 15:42,10.3,568,575,0.002,0.002,6
RIO,BHZ,2026-10-03,Gol,13:25,1,7,2026-10-02 03:58,2067,2063,2026-10-03 00:55,12.5,2063,2063,0.002,0.002,7
BHZ,RIO,2026-10-03,Gol,14:00,1,8,2026-10-02 03:58,2040,2036,2026-10-03 00:55,13.1,2036,2930,0.002,0.002,7
BHZ,RIO,2026-10-03,Gol,08:40,1,7,2026-10-02 03:58,2040,2036,2026-10-03 00:55,7.8,2036,2036,0.002,0.002,7
BHZ,RIO,2026-10-03,Gol,05:55,1,7,2026-10-02 03:58,2040,2036,2026-10-03 00:55,5.0,2036,2036,0.002,0.002,7
BHZ,RIO,2026-10-04,Gol,18:50,1,7,2026-10-02 03:58,2040,2036,2026-10-03 00:55,41.9,,2036,0.002,,6
BHZ,RIO,2026-10-02,Gol,18:50,1,7,2026-10-02 10:48,2040,2036,2026-10-02 17:56,0.9,2036,2036,0.002,0.002,7
SAO,GYN,2026-10-05,LATAM,12:40,0,63,2026-10-02 21:35,645,644,2026-10-03 19:55,40.8,644,3243,0.002,0.002,50
SAO,FOR,2026-10-02,Gol,18:00,1,11,2026-10-01 12:21,1264,1263,2026-10-01 16:55,25.1,1263,3065,0.001,0.001,5
RIO,FLN,2026-10-02,Gol,12:55,1,3,2026-10-01 12:21,1675,1673,2026-10-02 03:58,8.9,1673,1673,0.001,0.001,3
SAO,FLN,2026-09-30,Gol,17:10,0,1,2026-09-30 15:19,2384,2384,2026-09-30 15:19,1.9,2384,2384,0.0,0.0,1
SAO,FLN,2026-09-30,LATAM,22:30,0,1,2026-09-30 15:19,2969,2969,2026-09-30 15:19,7.2,2969,2969,0.0,0.0,1
SAO,FLN,2026-09-30,Azul,22:40,0,1,2026-09-30 15:19,3080,3080,2026-09-30 15:19,7.3,3080,3080,0.0,0.0,1
SAO,FLN,2026-09-30,Gol,19:25,0,1,2026-09-30 15:19,2384,2384,2026-09-30 15:19,4.1,2384,2384,0.0,0.0,1
SAO,FLN,2026-09-30,LATAM,18:55,0,1,2026-09-30 15:19,2729,2729,2026-09-30 15:19,3.6,2729,2729,0.0,0.0,1
SAO,FLN,2026-09-30,Gol,16:55,0,1,2026-09-30 15:19,2909,2909,2026-09-30 15:19,1.6,2909,2909,0.0,0.0,1
SAO,FLN,2026-09-30,LATAM,17:35,0,1,2026-09-30 15:19,2969,2969,2026-09-30 15:19,2.3,2969,2969,0.0,0.0,1
SAO,FLN,2026-09-30,LATAM,18:05,0,1,2026-09-30 15:19,2729,2729,2026-09-30 15:19,2.8,2729,2729,0.0,0.0,1
SAO,FLN,2026-09-30,Azul,18:05,0,1,2026-09-30 15:19,3080,3080,2026-09-30 15:19,2.8,3080,3080,0.0,0.0,1
SAO,FLN,2026-09-30,LATAM,19:40,0,1,2026-09-30 15:19,2729,2729,2026-09-30 15:19,4.3,2729,2729,0.0,0.0,1
SAO,FLN,2026-09-30,Gol,22:35,0,1,2026-09-30 15:19,3655,3655,2026-09-30 15:19,7.3,3655,3655,0.0,0.0,1
SAO,FLN,2026-09-30,Gol,18:00,1,1,2026-09-30 15:19,2225,2225,2026-09-30 15:19,2.7,2225,2225,0.0,0.0,1
SAO,FLN,2026-10-01,LATAM,08:40,0,1,2026-09-30 15:19,3354,3354,2026-09-30 15:19,17.4,3354,3354,0.0,0.0,1
SAO,FLN,2026-10-01,LATAM,17:35,0,5,2026-09-30 15:19,3658,3658,2026-09-30 15:19,26.3,3729,3835,0.0,-0.019,5
SAO,FLN,2026-10-01,Azul,10:10,0,1,2026-09-30 15:19,3080,3080,2026-09-30 15:19,18.9,3080,3080,0.0,0.0,1
SAO,FLN,2026-10-01,Azul,18:05,0,4,2026-09-30 15:19,3171,3171,2026-09-30 15:19,26.8,4164,4164,0.0,-0.313,1
SAO,FLN,2026-10-01,Gol,09:50,0,1,2026-09-30 15:19,2384,2384,2026-09-30 15:19,18.5,2384,2384,0.0,0.0,1
SAO,FLN,2026-10-01,LATAM,14:10,0,3,2026-09-30 15:19,3354,3354,2026-09-30 15:19,22.9,3354,3418,0.0,0.0,2
SAO,FLN,2026-10-01,Gol,10:25,1,1,2026-09-30 15:19,2225,2225,2026-09-30 15:19,19.1,2225,2225,0.0,0.0,1
SAO,FLN,2026-10-01,LATAM,11:40,0,2,2026-09-30 15:19,3354,3354,2026-09-30 15:19,20.4,3354,3418,0.0,0.0,2
SAO,FLN,2026-10-01,Azul,13:20,0,2,2026-09-30 15:19,3080,3080,2026-09-30 15:19,22.0,3080,4434,0.0,0.0,1
SAO,FLN,2026-10-01,Gol,07:45,0,1,2026-09-30 15:19,2384,2384,2026-09-30 15:19,16.4,2384,2384,0.0,0.0,1
SAO,FLN,2026-10-01,LATAM,13:35,0,3,2026-09-30 15:19,3658,3658,2026-09-30 15:19,22.3,3658,3729,0.0,0.0,3
SAO,FLN,2026-10-01,Gol,22:35,0,7,2026-09-30 15:19,2909,2909,2026-09-30 15:19,31.3,2958,2958,0.0,-0.017,6
SAO,FLN,2026-10-01,LATAM,09:50,0,1,2026-09-30 15:19,3658,3658,2026-09-30 15:19,18.5,3658,3658,0.0,0.0,1
SAO,FLN,2026-10-01,LATAM,11:45,1,2,2026-09-30 15:19,1570,1570,2026-09-30 15:19,20.4,1570,1599,0.0,0.0,2
SAO,FLN,2026-10-01,Azul,06:20,0,1,2026-09-30 15:19,3080,3080,2026-09-30 15:19,15.0,3080,3080,0.0,0.0,1
SAO,FLN,2026-10-01,Azul,22:40,0,6,2026-09-30 15:19,3628,3628,2026-09-30 15:19,31.4,4434,4434,0.0,-0.222,1
SAO,FLN,2026-10-01,Gol,14:55,0,3,2026-09-30 15:19,2384,2384,2026-09-30 15:19,23.6,2384,2432,0.0,0.0,3
SAO,FLN,2026-10-01,LATAM,08:10,0,1,2026-09-30 15:19,3658,3658,2026-09-30 15:19,16.9,3658,3658,0.0,0.0,1
SAO,FLN,2026-10-01,Gol,16:40,0,3,2026-09-30 15:19,2909,2909,2026-09-30 15:19,25.4,2958,2958,0.0,-0.017,2
SAO,FLN,2026-10-01,LATAM,06:45,0,1,2026-09-30 15:19,3354,3354,2026-09-30 15:19,15.4,3354,3354,0.0,0.0,1
SAO,FLN,2026-10-01,LATAM,05:40,1,1,2026-09-30 15:19,1570,1570,2026-09-30 15:19,14.3,1570,1570,0.0,0.0,1
SAO,FLN,2026-10-01,Gol,09:15,0,1,2026-09-30 15:19,3655,3655,2026-09-30 15:19,17.9,3655,3655,0.0,0.0,1
SAO,FLN,2026-10-02,LATAM,14:10,0,12,2026-09-30 15:19,1568,1568,2026-09-30 15:19,46.9,1596,3862,0.0,-0.018,11
SAO,FLN,2026-10-02,Azul,06:20,0,9,2026-09-30 15:19,3202,3202,2026-09-30 15:19,39.0,4330,4330,0.0,-0.352,1
SAO,FLN,2026-10-02,LATAM,08:35,0,9,2026-09-30 15:19,1340,1340,2026-09-30 15:19,41.3,1364,3729,0.0,-0.018,2
SAO,FLN,2026-10-02,Gol,10:10,1,1,2026-09-30 15:19,2225,2225,2026-09-30 15:19,42.9,,2225,0.0,,1
SAO,FLN,2026-10-02,LATAM,08:40,0,9,2026-09-30 15:19,1568,1568,2026-09-30 15:19,41.4,1596,1596,0.0,-0.018,9
SAO,FLN,2026-10-02,LATAM,13:20,0,11,2026-09-30 15:19,1340,1340,2026-09-30 15:19,46.0,1350,3835,0.0,-0.007,10
SAO,FLN,2026-10-02,LATAM,06:45,0,9,2026-09-30 15:19,1568,1568,2026-09-30 15:19,39.4,1596,1596,0.0,-0.018,9
SAO,FLN,2026-10-02,LATAM,11:45,1,4,2026-09-30 15:19,1570,1570,2026-09-30 15:19,44.4,1599,1746,0.0,-0.018,3
SAO,FLN,2026-10-02,Azul,10:10,0,9,2026-09-30 15:19,3262,3262,2026-09-30 15:19,42.9,4434,4434,0.0,-0.359,1
SAO,FLN,2026-10-02,LATAM,09:50,0,9,2026-09-30 15:19,1340,1340,2026-09-30 15:19,42.5,1350,1364,0.0,-0.007,9
FLN,SAO,2026-09-30,LATAM,16:20,0,1,2026-09-30 15:19,2720,2720,2026-09-30 15:19,1.0,2720,2720,0.0,0.0,1
FLN,SAO,2026-09-30,LATAM,15:20,0,1,2026-09-30 15:19,3853,3853,2026-09-30 15:19,0.0,3853,3853,0.0,0.0,1
FLN,SAO,2026-09-30,LATAM,19:30,0,1,2026-09-30 15:19,2720,2720,2026-09-30 15:19,4.2,2720,2720,0.0,0.0,1
FLN,SAO,2026-09-30,LATAM,20:55,0,1,2026-09-30 15:19,2720,2720,2026-09-30 15:19,5.6,2720,2720,0.0,0.0,1
FLN,SAO,2026-09-30,LATAM,20:20,0,1,2026-09-30 15:19,2987,2987,2026-09-30 15:19,5.0,2987,2987,0.0,0.0,1
FLN,SAO,2026-09-30,Azul,20:00,0,1,2026-09-30 15:19,3100,3100,2026-09-30 15:19,4.7,3100,3100,0.0,0.0,1
FLN,SAO,2026-09-30,Gol,18:20,1,1,2026-09-30 15:19,2246,2246,2026-09-30 15:19,3.0,2246,2246,0.0,0.0,1
FLN,SAO,2026-09-30,LATAM,17:05,0,1,2026-09-30 15:19,2720,2720,2026-09-30 15:19,1.8,2720,2720,0.0,0.0,1
FLN,SAO,2026-09-30,Azul,18:40,0,1,2026-09-30 15:19,3100,3100,2026-09-30 15:19,3.4,3100,3100,0.0,0.0,1
FLN,SAO,2026-09-30,Gol,18:55,0,1,2026-09-30 15:19,2927,2927,2026-09-30 15:19,3.6,2927,2927,0.0,0.0,1
FLN,SAO,2026-09-30,Gol,19:25,0,1,2026-09-30 15:19,3342,3342,2026-09-30 15:19,4.1,3342,3342,0.0,0.0,1
FLN,SAO,2026-10-01,LATAM,15:30,0,3,2026-09-30 15:19,3679,3679,2026-09-30 15:19,24.2,3750,3750,0.0,-0.019,3
FLN,SAO,2026-10-01,Azul,20:00,0,6,2026-09-30 15:19,3100,3100,2026-09-30 15:19,28.7,4185,4185,0.0,-0.35,1
FLN,SAO,2026-10-01,LATAM,08:40,0,1,2026-09-30 15:19,3348,3348,2026-09-30 15:19,17.4,3348,3348,0.0,0.0,1
FLN,SAO,2026-10-01,Gol,06:15,0,1,2026-09-30 15:19,2379,2379,2026-09-30 15:19,14.9,2379,2379,0.0,0.0,1
FLN,SAO,2026-10-01,Azul,05:45,0,1,2026-09-30 15:19,3100,3100,2026-09-30 15:19,14.4,3100,3100,0.0,0.0,1
FLN,SAO,2026-10-01,LATAM,11:50,0,2,2026-09-30 15:19,3679,3679,2026-09-30 15:19,20.5,3679,3750,0.0,0.0,2
FLN,SAO,2026-10-01,Gol,06:00,1,1,2026-09-30 15:19,2249,2249,2026-09-30 15:19,14.7,2249,2249,0.0,0.0,1
FLN,SAO,2026-10-01,LATAM,14:40,1,3,2026-09-30 15:19,1593,1593,2026-09-30 15:19,23.4,1593,1622,0.0,0.0,3
FLN,SAO,2026-10-01,Azul,18:40,0,5,2026-09-30 15:19,3100,3100,2026-09-30 15:19,27.4,4185,4185,0.0,-0.35,1
FLN,SAO,2026-10-01,Gol,10:00,0,1,2026-09-30 15:19,2379,2379,2026-09-30 15:19,18.7,2379,2379,0.0,0.0,1
FLN,SAO,2026-10-01,Azul,08:15,0,1,2026-09-30 15:19,3100,3100,2026-09-30 15:19,16.9,3100,3100,0.0,0.0,1
FLN,SAO,2026-10-01,Azul,12:05,0,1,2026-09-30 15:19,3039,3039,2026-09-30 15:19,20.8,3039,3039,0.0,0.0,1
FLN,SAO,2026-10-01,Gol,12:05,0,2,2026-09-30 15:19,2379,2379,2026-09-30 15:19,20.8,2379,2426,0.0,0.0,2
FLN,SAO,2026-10-01,Gol,08:00,0,1,2026-09-30 15:19,2379,2379,2026-09-30 15:19,16.7,2379,2379,0.0,0.0,1
FLN,SAO,2026-10-01,Gol,11:20,0,1,2026-09-30 15:19,2930,2930,2026-09-30 15:19,20.0,2930,2930,0.0,0.0,1
FLN,SAO,2026-10-01,Gol,18:55,0,7,2026-09-30 15:19,2930,2930,2026-09-30 15:19,27.6,2979,2979,0.0,-0.017,6
FLN,SAO,2026-10-01,Gol,06:05,0,1,2026-09-30 15:19,2930,2930,2026-09-30 15:19,14.8,2930,2930,0.0,0.0,1
FLN,SAO,2026-10-01,LATAM,05:35,0,1,2026-09-30 15:19,3679,3679,2026-09-30 15:19,14.3,3679,3679,0.0,0.0,1
FLN,SAO,2026-10-01,LATAM,16:20,0,4,2026-09-30 15:19,3348,3348,2026-09-30 15:19,25.0,3412,3856,0.0,-0.019,3
FLN,SAO,2026-10-01,LATAM,10:15,0,1,2026-09-30 15:19,3679,3679,2026-09-30 15:19,18.9,3679,3679,0.0,0.0,1
FLN,SAO,2026-10-01,LATAM,10:35,0,2,2026-09-30 15:19,3348,3348,2026-09-30 15:19,19.3,3348,3856,0.0,0.0,1
FLN,SAO,2026-10-01,LATAM,06:40,0,1,2026-09-30 15:19,3348,3348,2026-09-30 15:19,15.3,3348,3348,0.0,0.0,1
FLN,SAO,2026-10-02,LATAM,10:35,0,9,2026-09-30 15:19,1562,1562,2026-09-30 15:19,43.3,1590,1590,0.0,-0.018,9
FLN,SAO,2026-10-02,LATAM,06:40,0,9,2026-09-30 15:19,1562,1562,2026-09-30 15:19,39.4,1590,1590,0.0,-0.018,9
FLN,SAO,2026-10-02,Azul,05:45,0,1,2026-09-30 15:19,3100,3100,2026-09-30 15:19,38.4,,3100,0.0,,1
FLN,SAO,2026-10-02,LATAM,10:25,0,9,2026-09-30 15:19,1361,1361,2026-09-30 15:19,43.1,1371,1385,0.0,-0.007,9
FLN,SAO,2026-10-02,LATAM,15:10,1,4,2026-09-30 15:19,1593,1593,2026-09-30 15:19,47.9,1622,1622,0.0,-0.018,4
FLN,SAO,2026-10-02,LATAM,08:40,0,9,2026-09-30 15:19,1562,1562,2026-09-30 15:19,41.4,1590,1590,0.0,-0.018,9
FLN,SAO,2026-10-02,Azul,12:05,0,1,2026-09-30 15:19,3100,3100,2026-09-30 15:19,44.8,,3100,0.0,,1
FLN,SAO,2026-10-02,Gol,06:00,1,1,2026-09-30 15:19,2249,2249,2026-09-30 15:19,38.7,,2249,0.0,,1
FLN,SAO,2026-10-02,Azul,08:15,0,1,2026-09-30 15:19,3283,3283,2026-09-30 15:19,40.9,,3283,0.0,,1
FLN,SAO,2026-10-02,LATAM,06:00,0,9,2026-09-30 15:19,1361,1361,2026-09-30 15:19,38.7,1371,1385,0.0,-0.007,9
FLN,SAO,2026-10-02,LATAM,11:50,0,10,2026-09-30 15:19,1361,1361,2026-09-30 15:19,44.5,1371,1385,0.0,-0.007,10
SAO,RIO,2026-09-30,Gol,16:55,0,1,2026-09-30 15:19,1206,1206,2026-09-30 15:19,1.6,1206,1206,0.0,0.0,1
SAO,RIO,2026-09-30,Gol,18:15,0,1,2026-09-30 15:19,1206,1206,2026-09-30 15:19,2.9,1206,1206,0.0,0.0,1
SAO,RIO,2026-09-30,LATAM,19:00,0,1,2026-09-30 15:19,3444,3444,2026-09-30 15:19,3.7,3444,3444,0.0,0.0,1
SAO,RIO,2026-09-30,LATAM,16:40,0,1,2026-09-30 15:19,3257,3257,2026-09-30 15:19,1.4,3257,3257,0.0,0.0,1
SAO,RIO,2026-09-30,Azul,17:15,0,2,2026-09-30 15:19,1156,1156,2026-09-30 15:19,1.9,1156,3800,0.0,0.0,1
SAO,RIO,2026-09-30,LATAM,18:35,0,1,2026-09-30 15:19,3444,3444,2026-09-30 15:19,3.3,3444,3444,0.0,0.0,1
SAO,RIO,2026-09-30,Azul,20:50,0,1,2026-09-30 15:19,1122,1122,2026-09-30 15:19,5.5,1122,1122,0.0,0.0,1
SAO,RIO,2026-09-30,LATAM,16:55,1,1,2026-09-30 15:19,985,985,2026-09-30 15:19,1.6,985,985,0.0,0.0,1
SAO,RIO,2026-09-30,Azul,18:00,0,1,2026-09-30 15:19,1156,1156,2026-09-30 15:19,2.7,1156,1156,0.0,0.0,1
SAO,RIO,2026-09-30,LATAM,20:55,0,1,2026-09-30 15:19,3444,3444,2026-09-30 15:19,5.6,3444,3444,0.0,0.0,1
SAO,RIO,2026-09-30,Azul,20:10,0,1,2026-09-30 15:19,1156,1156,2026-09-30 15:19,4.8,1156,1156,0.0,0.0,1
SAO,RIO,2026-09-30,Gol,19:40,0,2,2026-09-30 15:19,1206,1206,2026-09-30 15:19,4.3,1206,2706,0.0,0.0,1
SAO,RIO,2026-09-30,Azul,21:20,0,1,2026-09-30 15:19,3800,3800,2026-09-30 15:19,6.0,3800,3800,0.0,0.0,1
SAO,RIO,2026-09-30,LATAM,21:00,0,1,2026-09-30 15:19,2939,2939,2026-09-30 15:19,5.7,2939,2939,0.0,0.0,1
SAO,RIO,2026-09-30,Gol,19:15,0,1,2026-09-30 15:19,1206,1206,2026-09-30 15:19,3.9,1206,1206,0.0,0.0,1
SAO,RIO,2026-09-30,LATAM,18:05,0,1,2026-09-30 15:19,3444,3444,2026-09-30 15:19,2.8,3444,3444,0.0,0.0,1
SAO,RIO,2026-09-30,Azul,18:55,0,1,2026-09-30 15:19,1312,1312,2026-09-30 15:19,3.6,1312,1312,0.0,0.0,1
SAO,RIO,2026-09-30,Azul,19:15,0,1,2026-09-30 15:19,1156,1156,2026-09-30 15:19,3.9,1156,1156,0.0,0.0,1
SAO,RIO,2026-09-30,Azul,23:20,0,1,2026-09-30 15:19,1312,1312,2026-09-30 15:19,8.0,1312,1312,0.0,0.0,1
SAO,RIO,2026-09-30,LATAM,21:20,0,1,2026-09-30 15:19,3444,3444,2026-09-30 15:19,6.0,3444,3444,0.0,0.0,1
SAO,RIO,2026-09-30,LATAM,22:25,0,1,2026-09-30 15:19,3257,3257,2026-09-30 15:19,7.1,3257,3257,0.0,0.0,1
SAO,RIO,2026-09-30,LATAM,20:45,0,1,2026-09-30 15:19,3257,3257,2026-09-30 15:19,5.4,3257,3257,0.0,0.0,1
SAO,RIO,2026-09-30,LATAM,20:05,0,1,2026-09-30 15:19,3444,3444,2026-09-30 15:19,4.8,3444,3444,0.0,0.0,1
SAO,RIO,2026-09-30,LATAM,15:35,0,1,2026-09-30 15:19,3622,3622,2026-09-30 15:19,0.3,3622,3622,0.0,0.0,1
SAO,RIO,2026-09-30,LATAM,17:00,0,1,2026-09-30 15:19,3444,3444,2026-09-30 15:19,1.7,3444,3444,0.0,0.0,1
SAO,RIO,2026-09-30,LATAM,19:50,0,1,2026-09-30 15:19,3257,3257,2026-09-30 15:19,4.5,3257,3257,0.0,0.0,1
SAO,RIO,2026-09-30,Gol,17:35,0,1,2026-09-30 15:19,1206,1206,2026-09-30 15:19,2.3,1206,1206,0.0,0.0,1
SAO,RIO,2026-09-30,Gol,18:55,0,1,2026-09-30 15:19,3254,3254,2026-09-30 15:19,3.6,3254,3254,0.0,0.0,1
SAO,RIO,2026-09-30,Azul,19:20,0,1,2026-09-30 15:19,3800,3800,2026-09-30 15:19,4.0,3800,3800,0.0,0.0,1
SAO,RIO,2026-09-30,Gol,20:25,0,1,2026-09-30 15:19,3015,3015,2026-09-30 15:19,5.1,3015,3015,0.0,0.0,1
SAO,RIO,2026-09-30,LATAM,17:45,0,1,2026-09-30 15:19,3444,3444,2026-09-30 15:19,2.4,3444,3444,0.0,0.0,1
SAO,RIO,2026-09-30,LATAM,19:35,0,1,2026-09-30 15:19,3444,3444,2026-09-30 15:19,4.3,3444,3444,0.0,0.0,1
SAO,RIO,2026-09-30,LATAM,16:05,0,1,2026-09-30 15:19,3622,3622,2026-09-30 15:19,0.8,3622,3622,0.0,0.0,1
SAO,RIO,2026-09-30,Azul,21:15,0,1,2026-09-30 15:19,1156,1156,2026-09-30 15:19,5.9,1156,1156,0.0,0.0,1
SAO,RIO,2026-09-30,Gol,18:45,0,1,2026-09-30 15:19,1206,1206,2026-09-30 15:19,3.4,1206,1206,0.0,0.0,1
SAO,RIO,2026-09-30,LATAM,20:35,0,1,2026-09-30 15:19,3444,3444,2026-09-30 15:19,5.3,3444,3444,0.0,0.0,1
SAO,RIO,2026-09-30,Gol,21:00,0,1,2026-09-30 15:19,1206,1206,2026-09-30 15:19,5.7,1206,1206,0.0,0.0,1
SAO,RIO,2026-09-30,Gol,22:00,0,1,2026-09-30 15:19,3254,3254,2026-09-30 15:19,6.7,3254,3254,0.0,0.0,1
SAO,RIO,2026-10-01,Azul,08:30,0,1,2026-09-30 15:19,1122,1122,2026-09-30 15:19,17.2,1122,1122,0.0,0.0,1
SAO,RIO,2026-10-01,LATAM,17:45,0,10,2026-09-30 15:19,3257,3257,2026-09-30 15:19,26.4,3271,3835,0.0,-0.004,6
SAO,RIO,2026-10-01,Gol,16:55,0,3,2026-09-30 15:19,1206,1206,2026-09-30 15:19,25.6,3298,3298,0.0,-1.735,1
SAO,RIO,2026-10-01,Gol,14:05,0,3,2026-09-30 15:19,1206,1206,2026-09-30 15:19,22.8,1206,3298,0.0,0.0,1
SAO,RIO,2026-10-01,Gol,11:10,0,1,2026-09-30 15:19,2706,2706,2026-09-30 15:19,19.9,2706,2706,0.0,0.0,1
SAO,RIO,2026-10-01,Gol,09:15,0,1,2026-09-30 15:19,3254,3254,2026-09-30 15:19,17.9,3254,3254,0.0,0.0,1
SAO,RIO,2026-10-01,Gol,08:00,0,1,2026-09-30 15:19,1206,1206,2026-09-30 15:19,16.7,1206,1206,0.0,0.0,1
SAO,RIO,2026-10-01,Azul,18:00,0,4,2026-09-30 15:19,3087,3087,2026-09-30 15:19,26.7,3692,3692,0.0,-0.196,1
SAO,RIO,2026-10-01,LATAM,09:25,0,2,2026-09-30 15:19,3257,3257,2026-09-30 15:19,18.1,3257,3622,0.0,0.0,1
SAO,RIO,2026-10-01,LATAM,11:30,0,2,2026-09-30 15:19,3622,3622,2026-09-30 15:19,20.2,3622,3692,0.0,0.0,2
SAO,RIO,2026-10-01,Gol,07:00,0,1,2026-09-30 15:19,1206,1206,2026-09-30 15:19,15.7,1206,1206,0.0,0.0,1
SAO,RIO,2026-10-01,Gol,13:05,0,4,2026-09-30 15:19,1206,1206,2026-09-30 15:19,21.8,1206,3298,0.0,0.0,1
SAO,RIO,2026-10-01,Azul,07:55,0,1,2026-09-30 15:19,1312,1312,2026-09-30 15:19,16.6,1312,1312,0.0,0.0,1
SAO,RIO,2026-10-01,Azul,13:50,0,2,2026-09-30 15:19,1156,1156,2026-09-30 15:19,22.5,1156,3692,0.0,0.0,1
SAO,RIO,2026-10-01,LATAM,12:25,0,3,2026-09-30 15:19,3622,3622,2026-09-30 15:19,21.1,3622,3692,0.0,0.0,3
SAO,RIO,2026-10-01,Gol,08:25,0,1,2026-09-30 15:19,1206,1206,2026-09-30 15:19,17.1,1206,1206,0.0,0.0,1
SAO,RIO,2026-10-01,Gol,20:25,0,6,2026-09-30 15:19,3015,3015,2026-09-30 15:19,29.1,3217,3217,0.0,-0.067,6
SAO,RIO,2026-10-01,LATAM,15:35,0,3,2026-09-30 15:19,3622,3622,2026-09-30 15:19,24.3,3692,3692,0.0,-0.019,3
SAO,RIO,2026-10-01,LATAM,13:00,0,3,2026-09-30 15:19,3622,3622,2026-09-30 15:19,21.7,3622,3692,0.0,0.0,3
SAO,RIO,2026-10-01,LATAM,06:45,0,1,2026-09-30 15:19,3622,3622,2026-09-30 15:19,15.4,3622,3622,0.0,0.0,1
SAO,RIO,2026-10-01,Gol,15:35,0,3,2026-09-30 15:19,1206,1206,2026-09-30 15:19,24.3,3298,3298,0.0,-1.735,1
SAO,RIO,2026-10-01,Gol,10:25,0,1,2026-09-30 15:19,3056,3056,2026-09-30 15:19,19.1,3056,3056,0.0,0.0,1
SAO,RIO,2026-10-01,LATAM,13:15,0,3,2026-09-30 15:19,3257,3257,2026-09-30 15:19,21.9,3257,3835,0.0,0.0,2
SAO,RIO,2026-10-01,Gol,14:50,0,3,2026-09-30 15:19,3015,3015,2026-09-30 15:19,23.5,3015,3298,0.0,0.0,3
SAO,RIO,2026-10-01,LATAM,19:45,0,6,2026-09-30 15:19,3257,3257,2026-09-30 15:19,28.4,3271,3271,0.0,-0.004,6
SAO,RIO,2026-10-01,Gol,19:15,0,5,2026-09-30 15:19,3015,3015,2026-09-30 15:19,27.9,3217,3217,0.0,-0.067,5
SAO,RIO,2026-10-01,Gol,21:00,0,6,2026-09-30 15:19,3015,3015,2026-09-30 15:19,29.7,3217,3217,0.0,-0.067,6
SAO,RIO,2026-10-01,LATAM,05:40,1,1,2026-09-30 15:19,985,985,2026-09-30 15:19,14.3,985,985,0.0,0.0,1
SAO,RIO,2026-10-01,LATAM,11:45,1,2,2026-09-30 15:19,985,985,2026-09-30 15:19,20.4,985,1002,0.0,0.0,2
SAO,RIO,2026-10-01,Gol,06:00,0,1,2026-09-30 15:19,2706,2706,2026-09-30 15:19,14.7,2706,2706,0.0,0.0,1
SAO,RIO,2026-10-01,Gol,18:45,0,5,2026-09-30 15:19,1206,1206,2026-09-30 15:19,27.4,3217,3217,0.0,-1.667,1
SAO,RIO,2026-10-01,LATAM,06:20,0,1,2026-09-30 15:19,3622,3622,2026-09-30 15:19,15.0,3622,3622,0.0,0.0,1
SAO,RIO,2026-10-01,Gol,09:00,0,1,2026-09-30 15:19,3015,3015,2026-09-30 15:19,17.7,3015,3015,0.0,0.0,1
SAO,RIO,2026-10-01,LATAM,13:40,0,3,2026-09-30 15:19,3622,3622,2026-09-30 15:19,22.4,3622,3692,0.0,0.0,3
SAO,RIO,2026-10-01,Gol,19:40,0,6,2026-09-30 15:19,3015,3015,2026-09-30 15:19,28.4,3217,3217,0.0,-0.067,6
SAO,RIO,2026-10-01,Gol,04:35,0,1,2026-09-30 15:19,3254,3254,2026-09-30 15:19,13.3,3254,3254,0.0,0.0,1
SAO,RIO,2026-10-01,Gol,11:35,0,1,2026-09-30 15:19,3015,3015,2026-09-30 15:19,20.3,3015,3015,0.0,0.0,1
SAO,RIO,2026-10-01,Gol,16:05,0,3,2026-09-30 15:19,1206,1206,2026-09-30 15:19,24.8,3298,3298,0.0,-1.735,1
SAO,RIO,2026-10-01,Gol,19:10,0,5,2026-09-30 15:19,2706,2706,2026-09-30 15:19,27.9,2812,2812,0.0,-0.039,5
SAO,RIO,2026-10-01,LATAM,07:35,0,1,2026-09-30 15:19,3595,3595,2026-09-30 15:19,16.3,3595,3595,0.0,0.0,1
SAO,RIO,2026-10-01,Azul,11:35,0,1,2026-09-30 15:19,1312,1312,2026-09-30 15:19,20.3,1312,1312,0.0,0.0,1
SAO,RIO,2026-10-01,LATAM,07:00,0,1,2026-09-30 15:19,3835,3835,2026-09-30 15:19,15.7,3835,3835,0.0,0.0,1
SAO,RIO,2026-10-01,Gol,07:30,0,1,2026-09-30 15:19,1206,1206,2026-09-30 15:19,16.2,1206,1206,0.0,0.0,1
SAO,RIO,2026-10-01,Gol,18:15,0,4,2026-09-30 15:19,1206,1206,2026-09-30 15:19,26.9,3217,3217,0.0,-1.667,1
SAO,RIO,2026-10-01,Azul,17:15,0,3,2026-09-30 15:19,3087,3087,2026-09-30 15:19,25.9,3692,3692,0.0,-0.196,1
SAO,RIO,2026-10-01,Gol,17:35,0,4,2026-09-30 15:19,3015,3015,2026-09-30 15:19,26.3,3217,3217,0.0,-0.067,4
SAO,RIO,2026-10-01,Gol,06:25,0,1,2026-09-30 15:19,1206,1206,2026-09-30 15:19,15.1,1206,1206,0.0,0.0,1
SAO,RIO,2026-10-01,LATAM,08:55,0,1,2026-09-30 15:19,3835,3835,2026-09-30 15:19,17.6,3835,3835,0.0,0.0,1
SAO,RIO,2026-10-01,Gol,05:00,0,1,2026-09-30 15:19,1281,1281,2026-09-30 15:19,13.7,1281,1281,0.0,0.0,1
SAO,RIO,2026-10-01,LATAM,12:15,0,2,2026-09-30 15:19,3595,3595,2026-09-30 15:19,20.9,3595,3665,0.0,0.0,2
SAO,RIO,2026-10-01,LATAM,20:45,0,6,2026-09-30 15:19,3257,3257,2026-09-30 15:19,29.4,3271,3271,0.0,-0.004,6
SAO,RIO,2026-10-01,LATAM,15:00,0,3,2026-09-30 15:19,3622,3622,2026-09-30 15:19,23.7,3622,3692,0.0,0.0,3
SAO,RIO,2026-10-01,LATAM,08:25,0,1,2026-09-30 15:19,3622,3622,2026-09-30 15:19,17.1,3622,3622,0.0,0.0,1
SAO,RIO,2026-10-01,Gol,15:25,0,3,2026-09-30 15:19,2706,2706,2026-09-30 15:19,24.1,2812,2812,0.0,-0.039,3
SAO,RIO,2026-10-01,LATAM,10:20,0,2,2026-09-30 15:19,3622,3622,2026-09-30 15:19,19.0,3622,3692,0.0,0.0,2
SAO,RIO,2026-10-01,Azul,12:30,0,1,2026-09-30 15:19,1156,1156,2026-09-30 15:19,21.2,1156,1156,0.0,0.0,1
SAO,RIO,2026-10-01,LATAM,23:15,0,6,2026-09-30 15:19,3257,3257,2026-09-30 15:19,31.9,3271,3271,0.0,-0.004,6
SAO,RIO,2026-10-01,Gol,16:30,0,3,2026-09-30 15:19,1206,1206,2026-09-30 15:19,25.2,3298,3298,0.0,-1.735,1
SAO,RIO,2026-10-01,Gol,22:00,0,6,2026-09-30 15:19,3254,3254,2026-09-30 15:19,30.7,3271,3271,0.0,-0.005,6
SAO,RIO,2026-10-02,LATAM,13:35,0,8,2026-09-30 15:19,3257,3257,2026-09-30 15:19,46.3,3271,3835,0.0,-0.004,7
SAO,RIO,2026-10-02,Azul,06:15,0,8,2026-09-30 15:19,3087,3087,2026-09-30 15:19,38.9,3692,3692,0.0,-0.196,1
SAO,RIO,2026-10-02,Gol,10:10,0,8,2026-09-30 15:19,3056,3056,2026-09-30 15:19,42.9,3118,3118,0.0,-0.02,8
SAO,RIO,2026-10-02,Azul,12:30,0,8,2026-09-30 15:19,3087,3087,2026-09-30 15:19,45.2,3692,3692,0.0,-0.196,1
SAO,RIO,2026-10-02,Azul,09:40,0,1,2026-09-30 15:19,3800,3800,2026-09-30 15:19,42.4,,3800,0.0,,1
SAO,RIO,2026-10-02,Azul,08:10,0,1,2026-09-30 15:19,3800,3800,2026-09-30 15:19,40.9,,3800,0.0,,1
SAO,RIO,2026-10-02,LATAM,12:25,0,8,2026-09-30 15:19,1455,1455,2026-09-30 15:19,45.1,1481,1481,0.0,-0.018,8
SAO,RIO,2026-10-02,Azul,11:20,0,8,2026-09-30 15:19,3087,3087,2026-09-30 15:19,44.0,3692,3692,0.0,-0.196,1
SAO,RIO,2026-10-02,LATAM,11:45,1,4,2026-09-30 15:19,985,985,2026-09-30 15:19,44.4,1002,1002,0.0,-0.017,4
SAO,RIO,2026-10-02,LATAM,07:55,0,7,2026-09-30 15:19,1195,1195,2026-09-30 15:19,40.6,1217,3835,0.0,-0.018,2
SAO,RIO,2026-10-02,Gol,11:35,0,8,2026-09-30 15:19,3015,3015,2026-09-30 15:19,44.3,3217,3298,0.0,-0.067,8
SAO,RIO,2026-10-02,LATAM,05:40,1,1,2026-09-30 15:19,985,985,2026-09-30 15:19,38.4,,985,0.0,,1
SAO,RIO,2026-10-02,LATAM,11:30,0,9,2026-09-30 15:19,1455,1455,2026-09-30 15:19,44.2,1481,3298,0.0,-0.018,7
SAO,RIO,2026-10-02,Azul,09:00,0,8,2026-09-30 15:19,3087,3087,2026-09-30 15:19,41.7,3692,3692,0.0,-0.196,1
SAO,RIO,2026-10-02,Azul,06:05,0,1,2026-09-30 15:19,3800,3800,2026-09-30 15:19,38.8,,3800,0.0,,1
SAO,FLN,2026-10-02,Gol,14:20,1,2,2026-10-01 10:18,3589,3589,2026-10-01 10:18,28.0,3589,3589,0.0,0.0,2
SAO,FLN,2026-10-02,Gol,18:00,2,11,2026-10-01 10:18,921,921,2026-10-01 10:18,31.7,959,1608,0.0,-0.041,6
SAO,FLN,2026-10-03,Gol,10:20,2,2,2026-10-01 10:18,921,921,2026-10-01 12:21,46.0,,921,0.0,,1
SAO,FLN,2026-10-03,LATAM,08:35,0,31,2026-10-01 10:18,1364,1364,2026-10-01 10:18,46.3,3360,3360,0.0,-1.463,2
FLN,SAO,2026-10-02,Gol,21:40,3,1,2026-10-01 10:18,944,944,2026-10-01 10:18,35.4,,944,0.0,,1
FLN,SAO,2026-10-03,Azul,12:05,0,31,2026-10-01 10:18,4454,4454,2026-10-01 12:21,47.7,4454,4454,0.0,0.0,30
FLN,SAO,2026-10-03,Gol,10:40,1,3,2026-10-01 10:18,944,944,2026-10-01 12:21,46.3,,944,0.0,,2
SAO,RIO,2026-10-01,BoA,18:35,1,5,2026-10-01 10:18,1957,1957,2026-10-01 10:18,8.3,1957,1969,0.0,0.0,5
SAO,RIO,2026-10-02,LATAM,09:25,0,7,2026-10-01 10:18,1481,1481,2026-10-01 10:18,23.1,1481,1481,0.0,0.0,7
SAO,POA,2026-10-01,Gol,14:50,0,2,2026-10-01 10:18,3354,3354,2026-10-01 10:18,4.5,3354,3354,0.0,0.0,2
SAO,POA,2026-10-01,LATAM,21:05,0,6,2026-10-01 10:18,3354,3354,2026-10-01 10:18,10.8,3354,3354,0.0,0.0,6
SAO,POA,2026-10-01,LATAM,11:45,2,1,2026-10-01 10:18,1234,1234,2026-10-01 10:18,1.4,1234,1234,0.0,0.0,1
SAO,POA,2026-10-01,LATAM,12:30,0,2,2026-10-01 10:18,3301,3301,2026-10-01 10:18,2.2,3301,3835,0.0,0.0,1
SAO,POA,2026-10-01,LATAM,11:20,0,1,2026-10-01 10:18,3354,3354,2026-10-01 10:18,1.0,3354,3354,0.0,0.0,1
SAO,POA,2026-10-01,Gol,13:55,0,4,2026-10-01 10:18,3301,3301,2026-10-01 10:18,3.6,3301,3354,0.0,0.0,4
SAO,POA,2026-10-01,LATAM,18:05,0,5,2026-10-01 10:18,3354,3354,2026-10-01 10:18,7.8,3354,3862,0.0,0.0,4
SAO,POA,2026-10-01,Azul,22:35,0,6,2026-10-01 10:18,4065,4065,2026-10-01 10:18,12.3,4065,4065,0.0,0.0,6
SAO,POA,2026-10-01,Gol,18:00,1,3,2026-10-01 10:18,1212,1212,2026-10-01 10:18,7.7,1212,1212,0.0,0.0,3
SAO,POA,2026-10-01,LATAM,15:55,0,3,2026-10-01 10:18,3354,3354,2026-10-01 10:18,5.6,3354,3862,0.0,0.0,2
SAO,POA,2026-10-01,Azul,17:10,0,2,2026-10-01 10:18,4065,4065,2026-10-01 10:18,6.9,4065,4065,0.0,0.0,2
SAO,POA,2026-10-01,LATAM,15:15,0,2,2026-10-01 10:18,3301,3301,2026-10-01 10:18,5.0,3301,3301,0.0,0.0,2
SAO,POA,2026-10-01,Azul,12:50,0,1,2026-10-01 10:18,4434,4434,2026-10-01 10:18,2.5,4434,4434,0.0,0.0,1
SAO,POA,2026-10-01,Azul,14:00,0,1,2026-10-01 10:18,1286,1286,2026-10-01 10:18,3.7,1286,1286,0.0,0.0,1
SAO,POA,2026-10-01,Azul,16:10,0,1,2026-10-01 10:18,4434,4434,2026-10-01 10:18,5.9,4434,4434,0.0,0.0,1
SAO,POA,2026-10-01,Azul,13:30,0,1,2026-10-01 10:18,4036,4036,2026-10-01 10:18,3.2,4036,4036,0.0,0.0,1
SAO,POA,2026-10-01,Azul,16:55,0,2,2026-10-01 10:18,1286,1286,2026-10-01 10:18,6.6,1286,1312,0.0,0.0,2
SAO,POA,2026-10-01,LATAM,16:55,1,3,2026-10-01 10:18,1234,1234,2026-10-01 10:18,6.6,1234,1234,0.0,0.0,3
SAO,POA,2026-10-01,Azul,18:20,0,4,2026-10-01 10:18,4065,4065,2026-10-01 10:18,8.0,4065,4065,0.0,0.0,4
SAO,POA,2026-10-01,LATAM,14:00,0,2,2026-10-01 10:18,3354,3354,2026-10-01 10:18,3.7,3354,3354,0.0,0.0,2
SAO,POA,2026-10-01,LATAM,17:30,0,4,2026-10-01 10:18,3354,3354,2026-10-01 10:18,7.2,3354,3862,0.0,0.0,3
SAO,POA,2026-10-02,Azul,14:00,0,9,2026-10-01 10:18,3354,3354,2026-10-01 10:18,27.7,3354,3354,0.0,0.0,9
SAO,POA,2026-10-02,LATAM,07:15,0,8,2026-10-01 10:18,1326,1326,2026-10-01 10:18,20.9,1326,3301,0.0,0.0,1
SAO,POA,2026-10-02,Azul,12:00,0,8,2026-10-01 10:18,3354,3354,2026-10-01 10:18,25.7,3354,3354,0.0,0.0,8
SAO,POA,2026-10-02,LATAM,05:40,2,5,2026-10-01 10:18,1234,1234,2026-10-01 10:18,19.4,1234,1234,0.0,0.0,5
SAO,POA,2026-10-02,LATAM,17:35,0,14,2026-10-01 10:18,1326,1326,2026-10-01 10:18,31.3,1326,3835,0.0,0.0,13
SAO,POA,2026-10-02,Azul,07:35,0,8,2026-10-01 10:18,3354,3354,2026-10-01 10:18,21.3,3354,3354,0.0,0.0,8
SAO,POA,2026-10-03,Azul,12:40,0,32,2026-10-01 10:18,3354,3354,2026-10-01 15:42,45.0,3354,3354,0.0,0.0,30
SAO,POA,2026-10-03,Azul,08:10,0,22,2026-10-01 10:18,3301,3301,2026-10-01 10:18,45.9,3301,3301,0.0,0.0,22
SAO,POA,2026-10-03,Gol,05:00,1,12,2026-10-01 10:18,764,764,2026-10-01 10:18,42.7,1234,1234,0.0,-0.615,2
SAO,POA,2026-10-03,Azul,09:05,0,16,2026-10-01 10:18,3354,3354,2026-10-01 10:18,46.8,4063,4063,0.0,-0.211,7
SAO,REC,2026-10-01,LATAM,11:45,1,1,2026-10-01 10:18,1630,1630,2026-10-01 10:18,1.4,1630,1630,0.0,0.0,1
SAO,REC,2026-10-01,Azul,13:05,0,1,2026-10-01 10:18,2540,2540,2026-10-01 10:18,2.8,2540,2540,0.0,0.0,1
SAO,REC,2026-10-01,Azul,18:05,0,2,2026-10-01 10:18,3175,3175,2026-10-01 10:18,7.8,3175,3175,0.0,0.0,2
SAO,REC,2026-10-01,LATAM,14:35,0,1,2026-10-01 10:18,3428,3428,2026-10-01 10:18,4.3,3428,3428,0.0,0.0,1
SAO,REC,2026-10-01,LATAM,20:45,0,5,2026-10-01 10:18,1421,1421,2026-10-01 10:18,10.4,1421,1421,0.0,0.0,5
SAO,REC,2026-10-01,LATAM,16:55,1,3,2026-10-01 10:18,1187,1187,2026-10-01 10:18,6.6,1187,1630,0.0,0.0,1
SAO,REC,2026-10-01,LATAM,12:30,0,1,2026-10-01 10:18,3363,3363,2026-10-01 10:18,2.2,3363,3363,0.0,0.0,1
SAO,REC,2026-10-01,LATAM,17:30,0,3,2026-10-01 10:18,3363,3363,2026-10-01 10:18,7.2,3363,3363,0.0,0.0,3
SAO,REC,2026-10-01,Azul,17:40,0,2,2026-10-01 10:18,4063,4063,2026-10-01 10:18,7.4,4063,4063,0.0,0.0,2
SAO,REC,2026-10-01,Azul,23:10,0,5,2026-10-01 10:18,3175,3175,2026-10-01 10:18,12.9,3175,3175,0.0,0.0,5
SAO,REC,2026-10-01,Azul,23:00,0,5,2026-10-01 10:18,2540,2540,2026-10-01 10:18,12.7,2540,2540,0.0,0.0,5
SAO,REC,2026-10-01,Azul,21:55,0,5,2026-10-01 10:18,2457,2457,2026-10-01 10:18,11.6,2457,4063,0.0,0.0,3
SAO,REC,2026-10-01,Azul,14:25,0,1,2026-10-01 10:18,3175,3175,2026-10-01 10:18,4.1,3175,3175,0.0,0.0,1
SAO,REC,2026-10-01,LATAM,16:55,2,2,2026-10-01 10:18,1040,1040,2026-10-01 10:18,6.6,1040,1040,0.0,0.0,2
SAO,REC,2026-10-01,Azul,13:25,0,1,2026-10-01 10:18,4434,4434,2026-10-01 10:18,3.1,4434,4434,0.0,0.0,1
SAO,REC,2026-10-01,Azul,14:10,0,1,2026-10-01 10:18,2540,2540,2026-10-01 10:18,3.9,2540,2540,0.0,0.0,1
SAO,REC,2026-10-01,Azul,16:40,0,1,2026-10-01 10:18,2540,2540,2026-10-01 10:18,6.4,2540,2540,0.0,0.0,1
SAO,REC,2026-10-02,Azul,13:05,0,9,2026-10-01 10:18,2540,2540,2026-10-01 10:18,26.8,2540,3948,0.0,0.0,8
SAO,REC,2026-10-02,Azul,18:05,0,13,2026-10-01 10:18,3175,3175,2026-10-01 10:18,31.8,3175,3599,0.0,0.0,8
SAO,REC,2026-10-02,Azul,09:00,0,8,2026-10-01 10:18,2457,2457,2026-10-01 10:18,22.7,2457,2519,0.0,0.0,8
SAO,REC,2026-10-02,LATAM,09:55,0,8,2026-10-01 10:18,1515,1515,2026-10-01 10:18,23.6,1515,2607,0.0,0.0,1
SAO,REC,2026-10-02,Azul,13:25,0,9,2026-10-01 10:18,3175,3175,2026-10-01 10:18,27.1,3175,3599,0.0,0.0,8
SAO,REC,2026-10-02,Azul,07:35,0,8,2026-10-01 10:18,3238,3238,2026-10-01 10:18,21.3,3238,3238,0.0,0.0,8
SAO,REC,2026-10-02,Azul,17:40,0,12,2026-10-01 10:18,2457,2457,2026-10-01 10:18,31.4,2457,2904,0.0,0.0,5
SAO,REC,2026-10-02,Azul,08:15,0,8,2026-10-01 10:18,2540,2540,2026-10-01 10:18,21.9,2540,2540,0.0,0.0,8
SAO,REC,2026-10-02,LATAM,05:40,2,2,2026-10-01 10:18,1040,1040,2026-10-01 10:18,19.4,1040,1040,0.0,0.0,2
SAO,REC,2026-10-02,LATAM,05:40,1,7,2026-10-01 10:18,1040,1040,2026-10-01 10:18,19.4,1040,1040,0.0,0.0,7
SAO,REC,2026-10-02,LATAM,07:35,0,8,2026-10-01 10:18,1148,1148,2026-10-01 10:18,21.3,1148,1414,0.0,0.0,3
SAO,REC,2026-10-02,Gol,13:30,0,9,2026-10-01 10:18,1553,1553,2026-10-01 10:18,27.2,1833,2086,0.0,-0.18,2
SAO,REC,2026-10-02,Azul,08:40,0,8,2026-10-01 10:18,3270,3270,2026-10-01 10:18,22.4,3270,3270,0.0,0.0,8
SAO,REC,2026-10-02,Azul,14:25,0,9,2026-10-01 10:18,3175,3175,2026-10-01 10:18,28.1,3175,3599,0.0,0.0,8
SAO,REC,2026-10-02,Azul,12:20,0,8,2026-10-01 10:18,2457,2457,2026-10-01 10:18,26.0,2457,2519,0.0,0.0,8
SAO,REC,2026-10-02,Azul,14:10,0,9,2026-10-01 10:18,2540,2540,2026-10-01 10:18,27.9,2540,3069,0.0,0.0,8
SAO,REC,2026-10-02,LATAM,08:15,0,8,2026-10-01 10:18,3428,3428,2026-10-01 10:18,21.9,3428,3428,0.0,0.0,8
SAO,REC,2026-10-02,LATAM,20:40,0,17,2026-10-01 10:18,1460,1460,2026-10-01 10:18,34.4,2905,3428,0.0,-0.99,1
SAO,REC,2026-10-03,Azul,18:05,0,38,2026-10-01 10:18,3175,3175,2026-10-01 18:18,47.8,3599,3599,0.0,-0.134,3
SAO,REC,2026-10-03,Azul,13:10,0,33,2026-10-01 10:18,2540,2540,2026-10-01 15:42,45.5,3069,3069,0.0,-0.208,6
SAO,REC,2026-10-03,LATAM,07:30,0,29,2026-10-01 10:18,1148,1148,2026-10-01 10:18,45.2,1148,3030,0.0,0.0,9
SAO,REC,2026-10-03,LATAM,05:40,1,1,2026-10-01 10:18,1040,1040,2026-10-01 10:18,43.4,,1040,0.0,,1
SAO,REC,2026-10-03,Azul,07:45,0,21,2026-10-01 10:18,2457,2457,2026-10-01 10:18,45.5,4063,4063,0.0,-0.654,7
SAO,REC,2026-10-03,Azul,08:25,0,24,2026-10-01 10:18,2540,2540,2026-10-01 10:18,46.1,3948,3948,0.0,-0.554,7
SAO,REC,2026-10-03,Azul,14:25,0,34,2026-10-01 10:18,3364,3364,2026-10-01 15:42,46.7,3813,3813,0.0,-0.133,6
SAO,REC,2026-10-03,Azul,08:45,0,27,2026-10-01 10:18,3458,3458,2026-10-01 10:18,46.5,3884,3884,0.0,-0.123,7
SAO,REC,2026-10-03,Azul,13:20,0,33,2026-10-01 10:18,2519,2519,2026-10-01 15:42,45.6,2904,3922,0.0,-0.153,6
SAO,REC,2026-10-03,Azul,06:10,0,25,2026-10-01 10:18,3395,3395,2026-10-01 10:18,43.9,3848,3848,0.0,-0.133,7
SAO,REC,2026-10-03,Azul,16:50,0,37,2026-10-01 10:18,1097,1097,2026-10-01 16:55,47.9,2904,2904,0.0,-1.647,4
SAO,REC,2026-10-03,Azul,13:25,0,31,2026-10-01 10:18,3364,3364,2026-10-01 15:42,45.7,3848,3848,0.0,-0.144,6
SAO,REC,2026-10-03,Azul,23:10,0,44,2026-10-01 10:18,3364,3364,2026-10-02 03:58,43.2,3813,3813,0.0,-0.133,1
SAO,REC,2026-10-03,Azul,05:00,0,16,2026-10-01 10:18,2540,2540,2026-10-01 10:18,42.7,3948,3948,0.0,-0.554,1
SAO,SSA,2026-10-01,LATAM,12:00,0,1,2026-10-01 10:18,1071,1071,2026-10-01 10:18,1.7,1071,1071,0.0,0.0,1
SAO,SSA,2026-10-01,Gol,17:55,0,2,2026-10-01 10:18,1168,1168,2026-10-01 10:18,7.6,1168,1168,0.0,0.0,2
SAO,SSA,2026-10-01,LATAM,12:10,0,1,2026-10-01 10:18,983,983,2026-10-01 10:18,1.9,983,983,0.0,0.0,1
SAO,SSA,2026-10-01,Gol,15:15,0,2,2026-10-01 10:18,1096,1096,2026-10-01 10:18,5.0,1096,1096,0.0,0.0,2
SAO,SSA,2026-10-01,LATAM,15:30,0,2,2026-10-01 10:18,983,983,2026-10-01 10:18,5.2,983,983,0.0,0.0,2
SAO,SSA,2026-10-01,Gol,23:45,0,6,2026-10-01 10:18,1096,1096,2026-10-01 10:18,13.4,1096,1096,0.0,0.0,6
SAO,SSA,2026-10-01,LATAM,15:15,0,2,2026-10-01 10:18,1111,1111,2026-10-01 10:18,5.0,1111,1111,0.0,0.0,2
SAO,SSA,2026-10-01,LATAM,16:55,2,3,2026-10-01 10:18,1959,1959,2026-10-01 10:18,6.6,1959,1959,0.0,0.0,3
SAO,SSA,2026-10-01,Azul,13:40,0,1,2026-10-01 10:18,2878,2878,2026-10-01 10:18,3.4,2878,2878,0.0,0.0,1
SAO,SSA,2026-10-01,Azul,23:50,0,6,2026-10-01 10:18,2878,2878,2026-10-01 10:18,13.5,2878,2878,0.0,0.0,6
SAO,SSA,2026-10-01,Gol,17:00,0,2,2026-10-01 10:18,1096,1096,2026-10-01 10:18,6.7,1096,1096,0.0,0.0,2
SAO,SSA,2026-10-01,LATAM,18:15,0,5,2026-10-01 10:18,983,983,2026-10-01 10:18,8.0,983,3835,0.0,0.0,4
SAO,SSA,2026-10-01,Azul,16:30,0,2,2026-10-01 10:18,2878,2878,2026-10-01 10:18,6.2,2878,2878,0.0,0.0,2
SAO,SSA,2026-10-01,LATAM,21:20,0,6,2026-10-01 10:18,983,983,2026-10-01 10:18,11.0,983,983,0.0,0.0,6
SAO,SSA,2026-10-01,LATAM,10:50,0,1,2026-10-01 10:18,3862,3862,2026-10-01 10:18,0.5,3862,3862,0.0,0.0,1
SAO,SSA,2026-10-02,LATAM,05:40,2,7,2026-10-01 10:18,1959,1959,2026-10-01 10:18,19.4,1959,1959,0.0,0.0,7
SAO,SSA,2026-10-02,Azul,16:40,1,1,2026-10-01 10:18,1343,1343,2026-10-01 10:18,30.4,,1343,0.0,,1
SAO,SSA,2026-10-02,Azul,23:50,0,18,2026-10-01 10:18,2878,2878,2026-10-01 10:18,37.5,2878,3504,0.0,0.0,7
SAO,SSA,2026-10-02,Gol,20:30,0,15,2026-10-01 10:18,1173,1173,2026-10-01 10:18,34.2,1502,1502,0.0,-0.28,1
SAO,SSA,2026-10-02,Azul,13:40,0,8,2026-10-01 10:18,2878,2878,2026-10-01 10:18,27.4,2878,3504,0.0,0.0,7
SAO,SSA,2026-10-02,LATAM,18:15,0,14,2026-10-01 10:18,983,983,2026-10-01 10:18,31.9,983,3835,0.0,0.0,8
SAO,SSA,2026-10-02,LATAM,09:50,0,7,2026-10-01 10:18,983,983,2026-10-01 10:18,23.5,983,983,0.0,0.0,7
SAO,SSA,2026-10-02,Azul,06:15,0,7,2026-10-01 10:18,2878,2878,2026-10-01 10:18,19.9,2878,2878,0.0,0.0,7
SAO,SSA,2026-10-02,LATAM,12:10,0,8,2026-10-01 10:18,983,983,2026-10-01 10:18,25.9,983,983,0.0,0.0,8
SAO,SSA,2026-10-02,LATAM,00:05,0,6,2026-10-01 10:18,983,983,2026-10-01 10:18,13.8,983,983,0.0,0.0,6
SAO,SSA,2026-10-02,LATAM,08:00,0,7,2026-10-01 10:18,983,983,2026-10-01 10:18,21.7,983,3264,0.0,0.0,6
SAO,SSA,2026-10-02,Gol,08:55,0,5,2026-10-01 10:18,3259,3259,2026-10-01 10:18,22.6,3259,3835,0.0,0.0,2
SAO,SSA,2026-10-02,LATAM,15:30,0,11,2026-10-01 10:18,983,983,2026-10-01 10:18,29.2,983,3835,0.0,0.0,8
SAO,SSA,2026-10-02,LATAM,23:30,0,18,2026-10-01 10:18,983,983,2026-10-01 10:18,37.2,983,1096,0.0,0.0,8
SAO,SSA,2026-10-02,Azul,16:30,0,11,2026-10-01 10:18,2878,2878,2026-10-01 10:18,30.2,2878,3504,0.0,0.0,7
SAO,SSA,2026-10-03,Azul,14:55,0,31,2026-10-01 10:18,2878,2878,2026-10-01 15:42,47.2,3504,3681,0.0,-0.218,6
SAO,SSA,2026-10-03,Gol,09:05,0,3,2026-10-01 10:18,3259,3259,2026-10-01 10:18,46.8,,3412,0.0,,3
SAO,SSA,2026-10-03,Azul,20:25,1,11,2026-10-01 10:18,1369,1369,2026-10-01 22:03,46.4,3613,3613,0.0,-1.639,2
SAO,SSA,2026-10-03,Azul,13:40,0,28,2026-10-01 10:18,3049,3049,2026-10-01 15:42,46.0,3817,3817,0.0,-0.252,6
SAO,SSA,2026-10-03,LATAM,18:15,0,41,2026-10-01 10:18,983,983,2026-10-01 18:18,48.0,990,3455,0.0,-0.007,20
SAO,SSA,2026-10-03,LATAM,09:50,0,32,2026-10-01 10:18,983,983,2026-10-01 10:18,47.5,983,3455,0.0,0.0,17
SAO,SSA,2026-10-03,Azul,06:15,0,23,2026-10-01 10:18,3049,3049,2026-10-01 10:18,44.0,3678,3678,0.0,-0.206,8
SAO,SSA,2026-10-03,LATAM,12:10,0,34,2026-10-01 10:18,983,983,2026-10-01 12:21,47.8,990,990,0.0,-0.007,19
SAO,SSA,2026-10-03,Azul,08:20,0,22,2026-10-01 10:18,3049,3049,2026-10-01 10:18,46.0,3886,4083,0.0,-0.275,8
SAO,SSA,2026-10-03,LATAM,15:30,0,37,2026-10-01 10:18,983,983,2026-10-01 15:42,47.8,990,3455,0.0,-0.007,20
SAO,SSA,2026-10-03,LATAM,23:30,0,44,2026-10-01 10:18,983,983,2026-10-02 03:58,43.5,990,990,0.0,-0.007,22
SAO,SSA,2026-10-03,Azul,23:50,0,40,2026-10-01 10:18,3078,3078,2026-10-02 03:58,43.9,3747,3747,0.0,-0.217,1
SAO,CWB,2026-10-01,Azul,16:55,0,2,2026-10-01 10:18,1049,1049,2026-10-01 10:18,6.6,1049,1049,0.0,0.0,2
SAO,CWB,2026-10-01,LATAM,11:45,1,1,2026-10-01 10:18,2121,2121,2026-10-01 10:18,1.4,2121,2121,0.0,0.0,1
SAO,CWB,2026-10-01,Azul,18:55,0,4,2026-10-01 10:18,3875,3875,2026-10-01 10:18,8.6,3875,3875,0.0,0.0,4
SAO,CWB,2026-10-01,Azul,13:25,0,1,2026-10-01 10:18,1076,1076,2026-10-01 10:18,3.1,1076,1076,0.0,0.0,1
SAO,CWB,2026-10-01,LATAM,12:10,0,1,2026-10-01 10:18,2703,2703,2026-10-01 10:18,1.9,2703,2703,0.0,0.0,1
SAO,CWB,2026-10-01,Azul,14:15,0,1,2026-10-01 10:18,3378,3378,2026-10-01 10:18,4.0,3378,3378,0.0,0.0,1
SAO,CWB,2026-10-01,Azul,15:50,0,2,2026-10-01 10:18,3378,3378,2026-10-01 10:18,5.5,3378,3378,0.0,0.0,2
SAO,CWB,2026-10-01,Azul,17:50,0,3,2026-10-01 10:18,3378,3378,2026-10-01 10:18,7.5,3378,3378,0.0,0.0,3
SAO,CWB,2026-10-01,Azul,21:40,0,6,2026-10-01 10:18,3378,3378,2026-10-01 10:18,11.4,3378,3378,0.0,0.0,6
SAO,CWB,2026-10-01,Gol,13:45,0,1,2026-10-01 10:18,2676,2676,2026-10-01 10:18,3.5,2676,2676,0.0,0.0,1
SAO,CWB,2026-10-01,LATAM,20:10,0,6,2026-10-01 10:18,2703,2703,2026-10-01 10:18,9.9,2703,2750,0.0,0.0,6
SAO,CWB,2026-10-01,LATAM,13:30,0,2,2026-10-01 10:18,2703,2703,2026-10-01 10:18,3.2,2703,2703,0.0,0.0,2
SAO,CWB,2026-10-01,Azul,19:15,0,4,2026-10-01 10:18,3378,3378,2026-10-01 10:18,8.9,3378,3378,0.0,0.0,4
SAO,CWB,2026-10-01,Azul,15:30,0,2,2026-10-01 10:18,1076,1076,2026-10-01 10:18,5.2,1076,1076,0.0,0.0,2
SAO,CWB,2026-10-01,Azul,20:15,0,6,2026-10-01 10:18,3378,3378,2026-10-01 10:18,9.9,3378,3378,0.0,0.0,6
SAO,CWB,2026-10-01,LATAM,13:05,0,2,2026-10-01 10:18,2676,2676,2026-10-01 10:18,2.8,2676,3835,0.0,0.0,1
SAO,CWB,2026-10-01,Azul,23:15,0,6,2026-10-01 10:18,3378,3378,2026-10-01 10:18,12.9,3378,3378,0.0,0.0,6
SAO,CWB,2026-10-01,Azul,21:10,0,6,2026-10-01 10:18,2676,2676,2026-10-01 10:18,10.9,2676,2676,0.0,0.0,6
SAO,CWB,2026-10-01,LATAM,15:30,0,2,2026-10-01 10:18,2676,2676,2026-10-01 10:18,5.2,2676,2676,0.0,0.0,2
SAO,CWB,2026-10-01,LATAM,23:05,0,6,2026-10-01 10:18,2676,2676,2026-10-01 10:18,12.8,2676,2676,0.0,0.0,6
SAO,CWB,2026-10-01,LATAM,18:40,0,6,2026-10-01 10:18,2703,2703,2026-10-01 10:18,8.4,2703,3632,0.0,0.0,4
SAO,CWB,2026-10-01,Gol,15:35,0,2,2026-10-01 10:18,2703,2703,2026-10-01 10:18,5.3,2703,2703,0.0,0.0,2
SAO,CWB,2026-10-01,Gol,16:25,0,2,2026-10-01 10:18,2703,2703,2026-10-01 10:18,6.1,2703,2703,0.0,0.0,2
SAO,CWB,2026-10-02,Azul,20:15,0,1,2026-10-01 10:18,3578,3578,2026-10-01 10:18,34.0,,3578,0.0,,1
SAO,CWB,2026-10-02,Azul,06:20,0,8,2026-10-01 10:18,3512,3512,2026-10-01 10:18,20.0,3512,3512,0.0,0.0,8
SAO,CWB,2026-10-02,Azul,15:30,0,10,2026-10-01 10:18,2703,2703,2026-10-01 10:18,29.2,2703,3118,0.0,0.0,8
SAO,CWB,2026-10-02,Azul,11:30,0,8,2026-10-01 10:18,3512,3512,2026-10-01 10:18,25.2,3512,3512,0.0,0.0,8
SAO,CWB,2026-10-02,Azul,21:10,0,16,2026-10-01 10:18,2676,2676,2026-10-01 10:18,34.9,2676,2676,0.0,0.0,16
SAO,CWB,2026-10-02,LATAM,23:05,0,19,2026-10-01 10:18,2676,2676,2026-10-01 10:18,36.8,2676,2676,0.0,0.0,19
SAO,CWB,2026-10-02,Azul,09:40,0,8,2026-10-01 10:18,3512,3512,2026-10-01 10:18,23.4,3512,3512,0.0,0.0,8
SAO,CWB,2026-10-02,Azul,23:15,0,10,2026-10-01 10:18,3578,3578,2026-10-01 10:18,37.0,3578,4227,0.0,0.0,6
SAO,CWB,2026-10-03,Azul,15:15,0,36,2026-10-01 10:18,3378,3378,2026-10-01 15:42,47.5,3378,3378,0.0,0.0,34
SAO,CWB,2026-10-03,Azul,06:20,0,27,2026-10-01 10:18,3378,3378,2026-10-01 10:18,44.0,3378,3378,0.0,0.0,27
SAO,CWB,2026-10-03,Azul,10:00,0,31,2026-10-01 10:18,3378,3378,2026-10-01 10:18,47.7,3378,3378,0.0,0.0,31
SAO,CWB,2026-10-03,Azul,17:50,0,39,2026-10-01 10:18,3378,3378,2026-10-01 17:55,47.9,3378,3378,0.0,0.0,35
SAO,CWB,2026-10-03,Azul,23:15,0,27,2026-10-01 10:18,3879,3879,2026-10-02 03:58,43.3,4047,4047,0.0,-0.043,22
SAO,CWB,2026-10-03,Azul,11:30,0,32,2026-10-01 10:18,3378,3378,2026-10-01 12:21,47.1,3378,3378,0.0,0.0,31
SAO,BHZ,2026-10-01,Azul,16:25,0,2,2026-10-01 10:18,977,977,2026-10-01 10:18,6.1,977,2111,0.0,0.0,1
SAO,BHZ,2026-10-01,Gol,13:45,0,2,2026-10-01 10:18,2137,2137,2026-10-01 10:18,3.5,2137,2137,0.0,0.0,2
SAO,BHZ,2026-10-01,LATAM,13:20,0,3,2026-10-01 10:18,2137,2137,2026-10-01 10:18,3.0,2137,2164,0.0,0.0,3
SAO,BHZ,2026-10-01,Azul,12:30,0,1,2026-10-01 10:18,977,977,2026-10-01 10:18,2.2,977,977,0.0,0.0,1
SAO,BHZ,2026-10-01,LATAM,15:45,0,3,2026-10-01 10:18,2164,2164,2026-10-01 10:18,5.5,2164,3862,0.0,0.0,2
SAO,BHZ,2026-10-01,LATAM,11:05,0,1,2026-10-01 10:18,3862,3862,2026-10-01 10:18,0.8,3862,3862,0.0,0.0,1
SAO,BHZ,2026-10-01,Azul,20:20,0,6,2026-10-01 10:18,2283,2283,2026-10-01 10:18,10.0,2283,2283,0.0,0.0,6
SAO,BHZ,2026-10-01,Azul,14:55,0,2,2026-10-01 10:18,2283,2283,2026-10-01 10:18,4.6,2283,4227,0.0,0.0,1
SAO,BHZ,2026-10-01,Gol,18:00,1,4,2026-10-01 10:18,1149,1149,2026-10-01 10:18,7.7,1149,1149,0.0,0.0,4
SAO,BHZ,2026-10-01,Azul,19:00,0,4,2026-10-01 10:18,2283,2283,2026-10-01 10:18,8.7,2283,2283,0.0,0.0,4
SAO,BHZ,2026-10-01,LATAM,19:50,0,6,2026-10-01 10:18,2164,2164,2026-10-01 10:18,9.5,2164,2195,0.0,0.0,6
SAO,BHZ,2026-10-01,Azul,15:30,0,2,2026-10-01 10:18,2111,2111,2026-10-01 10:18,5.2,2111,3492,0.0,0.0,1
SAO,BHZ,2026-10-01,LATAM,16:10,0,3,2026-10-01 10:18,2137,2137,2026-10-01 10:18,5.9,2137,3835,0.0,0.0,2
SAO,BHZ,2026-10-01,Gol,16:15,0,2,2026-10-01 10:18,2164,2164,2026-10-01 10:18,6.0,2164,2164,0.0,0.0,2
SAO,BHZ,2026-10-01,Gol,12:35,0,1,2026-10-01 10:18,2164,2164,2026-10-01 10:18,2.3,2164,2164,0.0,0.0,1
SAO,BHZ,2026-10-01,Azul,16:00,0,2,2026-10-01 10:18,2283,2283,2026-10-01 10:18,5.7,2283,2283,0.0,0.0,2
SAO,BHZ,2026-10-01,LATAM,10:25,0,1,2026-10-01 10:18,3835,3835,2026-10-01 10:18,0.1,3835,3835,0.0,0.0,1
SAO,BHZ,2026-10-01,Azul,21:45,0,6,2026-10-01 10:18,2283,2283,2026-10-01 10:18,11.4,2283,2283,0.0,0.0,6
SAO,BHZ,2026-10-01,Azul,13:55,0,1,2026-10-01 10:18,951,951,2026-10-01 10:18,3.6,951,951,0.0,0.0,1
SAO,BHZ,2026-10-02,Azul,12:10,0,7,2026-10-01 10:18,2418,2418,2026-10-01 10:18,25.9,2418,2950,0.0,0.0,6
SAO,BHZ,2026-10-02,Azul,16:25,0,10,2026-10-01 10:18,2111,2111,2026-10-01 10:18,30.1,2111,2111,0.0,0.0,10
SAO,BHZ,2026-10-02,Azul,06:00,0,7,2026-10-01 10:18,2085,2085,2026-10-01 10:18,19.7,2085,2137,0.0,0.0,2
SAO,BHZ,2026-10-02,Azul,08:00,0,7,2026-10-01 10:18,2373,2373,2026-10-01 10:18,21.7,2373,2895,0.0,0.0,6
SAO,BHZ,2026-10-02,Azul,11:40,0,7,2026-10-01 10:18,2111,2111,2026-10-01 10:18,25.4,2767,2767,0.0,-0.311,1
SAO,BHZ,2026-10-02,Azul,08:55,0,7,2026-10-01 10:18,2111,2111,2026-10-01 10:18,22.6,2111,2164,0.0,0.0,7
SAO,BHZ,2026-10-02,Azul,06:15,0,7,2026-10-01 10:18,2621,2621,2026-10-01 10:18,19.9,2621,3198,0.0,0.0,6
SAO,BHZ,2026-10-02,Azul,12:30,0,8,2026-10-01 10:18,2111,2111,2026-10-01 10:18,26.2,2111,2111,0.0,0.0,8
SAO,BHZ,2026-10-02,Azul,13:55,0,8,2026-10-01 10:18,2085,2085,2026-10-01 10:18,27.6,2085,2960,0.0,0.0,7
SAO,BHZ,2026-10-02,Azul,10:00,0,14,2026-10-01 10:18,2373,2373,2026-10-01 10:18,23.7,2373,2895,0.0,0.0,7
SAO,BHZ,2026-10-02,Azul,10:45,0,7,2026-10-01 10:18,2111,2111,2026-10-01 10:18,24.4,2111,2767,0.0,0.0,2
SAO,BHZ,2026-10-03,Azul,07:15,0,27,2026-10-01 10:18,977,977,2026-10-01 10:18,45.0,2037,2164,0.0,-1.085,1
SAO,BHZ,2026-10-03,Azul,10:00,0,39,2026-10-01 10:18,2283,2283,2026-10-01 10:18,47.7,2283,3465,0.0,0.0,23
SAO,BHZ,2026-10-03,Azul,08:00,0,28,2026-10-01 10:18,2283,2283,2026-10-01 10:18,45.7,2283,2785,0.0,0.0,21
SAO,BHZ,2026-10-03,Azul,16:20,0,36,2026-10-01 10:18,2283,2283,2026-10-01 16:55,47.4,2283,2283,0.0,0.0,26
SAO,BHZ,2026-10-03,Azul,14:55,0,35,2026-10-01 10:18,2283,2283,2026-10-01 15:42,47.2,2283,2283,0.0,0.0,26
SAO,BHZ,2026-10-03,Azul,19:15,0,39,2026-10-01 10:18,2283,2283,2026-10-01 22:03,45.2,2283,2283,0.0,0.0,26
SAO,BHZ,2026-10-03,LATAM,08:45,0,30,2026-10-01 10:18,1360,1360,2026-10-01 10:18,46.5,1927,3366,0.0,-0.417,1
SAO,BHZ,2026-10-03,Azul,06:15,0,26,2026-10-01 10:18,2283,2283,2026-10-01 10:18,44.0,2283,2785,0.0,0.0,21
SAO,BHZ,2026-10-03,Azul,12:10,0,32,2026-10-01 10:18,2283,2283,2026-10-01 12:21,47.8,2283,2283,0.0,0.0,24
SAO,BHZ,2026-10-03,Azul,21:45,0,43,2026-10-01 10:18,2283,2283,2026-10-01 22:03,47.7,2283,2283,0.0,0.0,30
SAO,BHZ,2026-10-03,Azul,20:30,0,41,2026-10-01 10:18,2283,2283,2026-10-01 22:03,46.5,2283,2283,0.0,0.0,28
SAO,FLN,2026-10-01,Gol,18:00,1,2,2026-10-01 12:21,2270,2270,2026-10-01 12:21,5.7,2270,2270,0.0,0.0,2
SAO,FLN,2026-10-02,Aerolineas Argentinas e Gol,20:20,1,1,2026-10-01 12:21,3459,3459,2026-10-01 12:21,32.0,,3459,0.0,,1
SAO,RIO,2026-10-01,LATAM,16:55,1,2,2026-10-01 12:21,1002,1002,2026-10-01 12:21,4.6,1002,1002,0.0,0.0,2
SAO,RIO,2026-10-01,Azul,21:15,0,4,2026-10-01 12:21,3692,3692,2026-10-01 12:21,8.9,3692,3692,0.0,0.0,4
SAO,CWB,2026-10-01,LATAM,16:55,1,2,2026-10-01 12:21,2121,2121,2026-10-01 12:21,4.6,2121,2121,0.0,0.0,2
SAO,BHZ,2026-10-01,LATAM,13:55,0,1,2026-10-01 12:21,2137,2137,2026-10-01 12:21,1.6,2137,2137,0.0,0.0,1
SAO,BSB,2026-10-01,Gol,21:55,0,5,2026-10-01 12:21,3094,3094,2026-10-01 12:21,9.6,3094,3094,0.0,0.0,5
SAO,BSB,2026-10-01,LATAM,17:40,0,3,2026-10-01 12:21,3094,3094,2026-10-01 12:21,5.3,3094,3835,0.0,0.0,2
SAO,BSB,2026-10-01,Gol,15:20,0,1,2026-10-01 12:21,3121,3121,2026-10-01 12:21,3.0,3121,3121,0.0,0.0,1
SAO,BSB,2026-10-01,LATAM,13:25,0,1,2026-10-01 12:21,3121,3121,2026-10-01 12:21,1.1,3121,3121,0.0,0.0,1
SAO,BSB,2026-10-01,LATAM,15:00,0,1,2026-10-01 12:21,3121,3121,2026-10-01 12:21,2.6,3121,3121,0.0,0.0,1
SAO,BSB,2026-10-01,LATAM,13:00,0,1,2026-10-01 12:21,3862,3862,2026-10-01 12:21,0.7,3862,3862,0.0,0.0,1
SAO,BSB,2026-10-01,LATAM,18:55,0,5,2026-10-01 12:21,3121,3121,2026-10-01 12:21,6.6,3121,3862,0.0,0.0,4
SAO,BSB,2026-10-01,LATAM,19:55,0,5,2026-10-01 12:21,3121,3121,2026-10-01 12:21,7.6,3121,3121,0.0,0.0,5
SAO,BSB,2026-10-01,Azul,17:05,0,2,2026-10-01 12:21,1390,1390,2026-10-01 12:21,4.7,1390,1419,0.0,0.0,2
SAO,BSB,2026-10-01,Gol,16:50,0,1,2026-10-01 12:21,3121,3121,2026-10-01 12:21,4.5,3121,3121,0.0,0.0,1
SAO,BSB,2026-10-01,Azul,21:45,0,5,2026-10-01 12:21,1419,1419,2026-10-01 12:21,9.4,1419,1419,0.0,0.0,5
SAO,BSB,2026-10-01,Azul,23:15,0,5,2026-10-01 12:21,1419,1419,2026-10-01 12:21,10.9,1419,1419,0.0,0.0,5
SAO,BSB,2026-10-01,Gol,16:45,0,1,2026-10-01 12:21,3094,3094,2026-10-01 12:21,4.4,3094,3094,0.0,0.0,1
SAO,BSB,2026-10-01,LATAM,23:00,0,5,2026-10-01 12:21,3094,3094,2026-10-01 12:21,10.7,3094,3094,0.0,0.0,5
SAO,BSB,2026-10-01,LATAM,15:50,0,2,2026-10-01 12:21,3094,3094,2026-10-01 12:21,3.5,3094,3835,0.0,0.0,1
SAO,BSB,2026-10-01,LATAM,12:25,0,1,2026-10-01 12:21,3835,3835,2026-10-01 12:21,0.1,3835,3835,0.0,0.0,1
SAO,BSB,2026-10-02,Azul,13:40,0,7,2026-10-01 12:21,1419,1419,2026-10-01 12:21,25.3,1419,3085,0.0,0.0,6
SAO,BSB,2026-10-02,Azul,08:10,0,7,2026-10-01 12:21,1419,1419,2026-10-01 12:21,19.8,1419,3085,0.0,0.0,6
SAO,BSB,2026-10-02,Azul,06:00,0,7,2026-10-01 12:21,1419,1419,2026-10-01 12:21,17.6,1419,3085,0.0,0.0,6
SAO,BSB,2026-10-02,LATAM,13:25,0,8,2026-10-01 12:21,1473,1473,2026-10-01 12:21,25.1,1473,3862,0.0,0.0,7
SAO,BSB,2026-10-02,LATAM,23:00,0,17,2026-10-01 12:21,1237,1237,2026-10-01 12:21,34.6,1237,1237,0.0,0.0,17
SAO,BSB,2026-10-02,LATAM,07:50,0,7,2026-10-01 12:21,1473,1473,2026-10-01 12:21,19.5,1473,1473,0.0,0.0,7
SAO,BSB,2026-10-02,LATAM,12:25,0,7,2026-10-01 12:21,1237,1237,2026-10-01 12:21,24.1,1237,1237,0.0,0.0,7
SAO,BSB,2026-10-02,LATAM,06:00,0,7,2026-10-01 12:21,1473,1473,2026-10-01 12:21,17.6,1473,1473,0.0,0.0,7
SAO,BSB,2026-10-02,LATAM,13:00,0,8,2026-10-01 12:21,1473,1473,2026-10-01 12:21,24.6,1473,3862,0.0,0.0,7
SAO,BSB,2026-10-02,LATAM,10:15,0,7,2026-10-01 12:21,1473,1473,2026-10-01 12:21,21.9,1473,1473,0.0,0.0,7
SAO,BSB,2026-10-02,LATAM,16:20,0,11,2026-10-01 12:21,1237,1237,2026-10-01 12:21,28.0,1237,3835,0.0,0.0,10
SAO,BSB,2026-10-02,LATAM,12:15,0,7,2026-10-01 12:21,1473,1473,2026-10-01 12:21,23.9,1473,1473,0.0,0.0,7
SAO,BSB,2026-10-02,LATAM,11:45,0,7,2026-10-01 12:21,1373,1373,2026-10-01 12:21,23.4,1373,1373,0.0,0.0,7
SAO,BSB,2026-10-02,LATAM,05:40,0,7,2026-10-01 12:21,1373,1373,2026-10-01 12:21,17.3,1373,1373,0.0,0.0,7
SAO,BSB,2026-10-02,LATAM,07:10,0,7,2026-10-01 12:21,1237,1237,2026-10-01 12:21,18.8,1237,1237,0.0,0.0,7
SAO,BSB,2026-10-02,Azul,23:15,0,17,2026-10-01 12:21,1419,1419,2026-10-01 12:21,34.9,3085,3117,0.0,-1.174,6
SAO,BSB,2026-10-02,LATAM,17:40,0,12,2026-10-01 12:21,1237,1237,2026-10-01 12:21,29.3,1237,3835,0.0,0.0,11
SAO,BSB,2026-10-02,Azul,11:00,0,7,2026-10-01 12:21,1419,1419,2026-10-01 12:21,22.6,1419,3085,0.0,0.0,6
SAO,BSB,2026-10-02,LATAM,09:15,0,7,2026-10-01 12:21,1473,1473,2026-10-01 12:21,20.9,1473,1473,0.0,0.0,7
SAO,BSB,2026-10-02,LATAM,08:30,0,7,2026-10-01 12:21,1473,1473,2026-10-01 12:21,20.1,1473,1473,0.0,0.0,7
SAO,FOR,2026-10-01,Azul,23:00,1,5,2026-10-01 12:21,3019,3019,2026-10-01 12:21,10.7,3019,3019,0.0,0.0,5
SAO,FOR,2026-10-01,LATAM,16:55,1,2,2026-10-01 12:21,2535,2535,2026-10-01 12:21,4.6,2535,2535,0.0,0.0,2
SAO,FOR,2026-10-01,LATAM,15:55,0,2,2026-10-01 12:21,3119,3119,2026-10-01 12:21,3.6,3119,3835,0.0,0.0,1
SAO,FOR,2026-10-01,LATAM,22:25,0,5,2026-10-01 12:21,3055,3055,2026-10-01 12:21,10.1,3055,3055,0.0,0.0,5
SAO,FOR,2026-10-01,LATAM,23:20,0,5,2026-10-01 12:21,3119,3119,2026-10-01 12:21,11.0,3119,3119,0.0,0.0,5
SAO,FOR,2026-10-01,Azul,18:05,1,2,2026-10-01 12:21,3488,3488,2026-10-01 12:21,5.7,3488,3488,0.0,0.0,2
SAO,FOR,2026-10-01,LATAM,13:45,0,1,2026-10-01 12:21,1368,1368,2026-10-01 12:21,1.4,1368,1368,0.0,0.0,1
SAO,FOR,2026-10-01,LATAM,18:50,0,5,2026-10-01 12:21,1079,1079,2026-10-01 12:21,6.5,1079,3835,0.0,0.0,3
SAO,FOR,2026-10-01,Gol,17:05,0,2,2026-10-01 12:21,1369,1369,2026-10-01 12:21,4.7,1369,1369,0.0,0.0,2
SAO,FOR,2026-10-01,LATAM,12:45,0,1,2026-10-01 12:21,3835,3835,2026-10-01 12:21,0.4,3835,3835,0.0,0.0,1
SAO,FOR,2026-10-02,Gol,22:05,0,17,2026-10-01 12:21,1785,1785,2026-10-01 12:21,33.7,1785,2194,0.0,0.0,10
SAO,FOR,2026-10-02,Gol,11:55,0,2,2026-10-01 12:21,1932,1932,2026-10-01 12:21,23.6,1932,1932,0.0,0.0,2
SAO,FOR,2026-10-02,LATAM,13:45,0,9,2026-10-01 12:21,1091,1091,2026-10-01 12:21,25.4,1364,1364,0.0,-0.25,1
SAO,FOR,2026-10-02,Azul,16:40,1,1,2026-10-01 12:21,1473,1473,2026-10-01 12:21,28.3,,1473,0.0,,1
SAO,FOR,2026-10-02,Gol,08:40,0,6,2026-10-01 12:21,1079,1079,2026-10-01 12:21,20.3,1079,2086,0.0,0.0,1
SAO,FOR,2026-10-02,LATAM,10:00,0,7,2026-10-01 12:21,1785,1785,2026-10-01 12:21,21.6,1785,1785,0.0,0.0,7
SAO,FOR,2026-10-02,LATAM,22:25,0,18,2026-10-01 12:21,1091,1091,2026-10-01 12:21,34.1,1364,1364,0.0,-0.25,1
SAO,FOR,2026-10-02,LATAM,07:45,0,7,2026-10-01 12:21,1079,1079,2026-10-01 12:21,19.4,1079,3835,0.0,0.0,1
SAO,FOR,2026-10-02,Gol,17:05,0,11,2026-10-01 12:21,1369,1369,2026-10-01 12:21,28.7,1932,3050,0.0,-0.411,2
SAO,FOR,2026-10-02,Azul,13:35,0,8,2026-10-01 12:21,3765,3765,2026-10-01 12:21,25.2,3765,3865,0.0,0.0,8
SAO,FOR,2026-10-03,LATAM,09:20,0,31,2026-10-01 12:21,1091,1091,2026-10-01 12:21,45.0,2755,3482,0.0,-1.525,1
SAO,FOR,2026-10-03,Gol,10:20,2,1,2026-10-01 12:21,1264,1264,2026-10-01 12:21,46.0,,1264,0.0,,1
SAO,FOR,2026-10-03,Azul,22:55,1,44,2026-10-01 12:21,1277,1277,2026-10-02 10:48,36.1,1277,1277,0.0,0.0,38
SAO,FOR,2026-10-03,LATAM,15:45,0,37,2026-10-01 12:21,1091,1091,2026-10-01 16:55,46.8,1233,3482,0.0,-0.13,6
SAO,CGB,2026-10-01,LATAM,20:15,0,5,2026-10-01 12:21,1666,1666,2026-10-01 12:21,7.9,1666,1666,0.0,0.0,5
SAO,CGB,2026-10-01,LATAM,16:55,1,2,2026-10-01 12:21,2121,2121,2026-10-01 12:21,4.6,2121,2121,0.0,0.0,2
SAO,CGB,2026-10-01,Azul,23:45,0,3,2026-10-01 12:21,4434,4434,2026-10-01 12:21,11.4,4434,4434,0.0,0.0,3
SAO,CGB,2026-10-01,LATAM,21:45,0,5,2026-10-01 12:21,2184,2184,2026-10-01 12:21,9.4,2184,2184,0.0,0.0,5
SAO,CGB,2026-10-01,LATAM,23:50,0,5,2026-10-01 12:21,1666,1666,2026-10-01 12:21,11.5,1666,1666,0.0,0.0,5
SAO,CGB,2026-10-01,Azul,23:55,0,5,2026-10-01 12:21,556,556,2026-10-01 12:21,11.6,556,2461,0.0,0.0,1
SAO,CGB,2026-10-01,LATAM,13:00,1,1,2026-10-01 12:21,3862,3862,2026-10-01 12:21,0.7,3862,3862,0.0,0.0,1
SAO,CGB,2026-10-01,Azul,14:50,0,1,2026-10-01 12:21,4434,4434,2026-10-01 12:21,2.5,4434,4434,0.0,0.0,1
SAO,CGB,2026-10-03,Azul,10:05,0,30,2026-10-01 12:21,3348,3348,2026-10-01 12:21,45.7,3348,3348,0.0,0.0,30
SAO,CGB,2026-10-03,LATAM,11:00,0,27,2026-10-01 12:21,575,575,2026-10-01 12:21,46.6,575,3631,0.0,0.0,11
SAO,GYN,2026-10-01,Gol,16:45,0,3,2026-10-01 12:21,1193,1193,2026-10-01 12:21,4.4,1193,2055,0.0,0.0,2
SAO,GYN,2026-10-01,Azul,17:50,0,2,2026-10-01 12:21,2665,2665,2026-10-01 12:21,5.5,2665,2665,0.0,0.0,2
SAO,GYN,2026-10-01,Azul,22:35,0,5,2026-10-01 12:21,2665,2665,2026-10-01 12:21,10.2,2665,2665,0.0,0.0,5
SAO,GYN,2026-10-01,Gol,18:15,2,3,2026-10-01 12:21,834,834,2026-10-01 12:21,5.9,834,834,0.0,0.0,3
SAO,GYN,2026-10-01,LATAM,17:05,0,3,2026-10-01 12:21,2028,2028,2026-10-01 12:21,4.7,2028,3216,0.0,0.0,2
SAO,GYN,2026-10-01,Azul,21:30,0,5,2026-10-01 12:21,2665,2665,2026-10-01 12:21,9.2,2665,2665,0.0,0.0,5
SAO,GYN,2026-10-01,Gol,19:10,1,3,2026-10-01 12:21,922,922,2026-10-01 12:21,6.8,922,1076,0.0,0.0,2
SAO,GYN,2026-10-01,LATAM,16:20,0,2,2026-10-01 12:21,2055,2055,2026-10-01 12:21,4.0,2055,3243,0.0,0.0,1
SAO,GYN,2026-10-01,LATAM,16:55,1,2,2026-10-01 12:21,2003,2003,2026-10-01 12:21,4.6,2003,2003,0.0,0.0,2
SAO,GYN,2026-10-01,Gol,20:40,0,5,2026-10-01 12:21,1076,1076,2026-10-01 12:21,8.3,1076,1266,0.0,0.0,2
SAO,GYN,2026-10-01,Gol,13:20,0,1,2026-10-01 12:21,1266,1266,2026-10-01 12:21,1.0,1266,1266,0.0,0.0,1
SAO,GYN,2026-10-01,Gol,23:45,2,5,2026-10-01 12:21,989,989,2026-10-01 12:21,11.4,989,1435,0.0,0.0,3
SAO,GYN,2026-10-01,Gol,22:50,0,5,2026-10-01 12:21,1193,1193,2026-10-01 12:21,10.5,1193,2028,0.0,0.0,2
SAO,GYN,2026-10-02,Gol,09:00,0,7,2026-10-01 12:21,834,834,2026-10-01 12:21,20.6,834,2028,0.0,0.0,2
SAO,GYN,2026-10-02,Azul,17:50,0,11,2026-10-01 12:21,2665,2665,2026-10-01 12:21,29.5,2665,2665,0.0,0.0,11
SAO,GYN,2026-10-02,LATAM,08:10,0,7,2026-10-01 12:21,943,943,2026-10-01 12:21,19.8,943,943,0.0,0.0,7
SAO,GYN,2026-10-02,Gol,13:20,0,9,2026-10-01 12:21,922,922,2026-10-01 12:21,25.0,922,2055,0.0,0.0,2
SAO,GYN,2026-10-02,Azul,06:25,0,7,2026-10-01 12:21,2665,2665,2026-10-01 12:21,18.1,2665,2665,0.0,0.0,7
SAO,GYN,2026-10-02,Azul,13:15,0,8,2026-10-01 12:21,2665,2665,2026-10-01 12:21,24.9,2665,2665,0.0,0.0,8
SAO,GYN,2026-10-02,Gol,18:00,3,3,2026-10-01 12:21,1386,1386,2026-10-01 12:21,29.6,2003,2003,0.0,-0.445,2
SAO,GYN,2026-10-02,Gol,10:15,0,7,2026-10-01 12:21,922,922,2026-10-01 12:21,21.9,922,2055,0.0,0.0,2
SAO,GYN,2026-10-02,Azul,22:35,0,18,2026-10-01 12:21,2665,2665,2026-10-01 12:21,34.2,2665,2665,0.0,0.0,18
SAO,GYN,2026-10-02,Gol,16:45,0,11,2026-10-01 12:21,922,922,2026-10-01 12:21,28.4,1955,2055,0.0,-1.12,2
SAO,GYN,2026-10-02,Azul,08:15,0,7,2026-10-01 12:21,2665,2665,2026-10-01 12:21,19.9,2665,2665,0.0,0.0,7
FLN,RIO,2026-10-02,Gol,14:40,0,10,2026-10-01 12:21,1000,1000,2026-10-01 12:21,26.3,1000,1525,0.0,0.0,2
FLN,RIO,2026-10-02,LATAM,10:35,1,6,2026-10-01 12:21,1373,1373,2026-10-01 12:21,22.2,1373,1373,0.0,0.0,6
FLN,RIO,2026-10-02,LATAM,06:40,1,3,2026-10-01 12:21,1373,1373,2026-10-01 12:21,18.3,1373,1667,0.0,0.0,2
FLN,RIO,2026-10-02,Azul,18:40,1,12,2026-10-01 12:21,1017,1017,2026-10-01 12:21,30.3,1058,1058,0.0,-0.04,12
FLN,RIO,2026-10-02,Gol,06:15,1,1,2026-10-01 12:21,1669,1669,2026-10-01 12:21,17.9,1669,1669,0.0,0.0,1
FLN,RIO,2026-10-02,Gol,06:00,0,7,2026-10-01 12:21,856,856,2026-10-01 12:21,17.6,856,1000,0.0,0.0,2
FLN,RIO,2026-10-02,Gol,10:40,0,7,2026-10-01 12:21,1000,1000,2026-10-01 12:21,22.3,1000,1525,0.0,0.0,2
FLN,RIO,2026-10-02,LATAM,17:05,1,13,2026-10-01 12:21,1667,1667,2026-10-01 12:21,28.7,1667,3856,0.0,0.0,11
FLN,POA,2026-10-01,LATAM,17:05,1,3,2026-10-01 12:21,1567,1567,2026-10-01 12:21,4.7,1567,3856,0.0,0.0,2
FLN,POA,2026-10-01,LATAM,20:55,1,5,2026-10-01 12:21,1567,1567,2026-10-01 12:21,8.6,1567,1567,0.0,0.0,5
FLN,POA,2026-10-01,LATAM,13:40,0,1,2026-10-01 12:21,1273,1273,2026-10-01 12:21,1.3,1273,1273,0.0,0.0,1
FLN,POA,2026-10-01,LATAM,20:20,1,5,2026-10-01 12:21,3540,3540,2026-10-01 12:21,8.0,3540,3540,0.0,0.0,5
FLN,POA,2026-10-01,Gol,18:35,1,5,2026-10-01 12:21,1567,1567,2026-10-01 12:21,6.2,1567,1567,0.0,0.0,5
FLN,POA,2026-10-01,Gol,18:55,1,5,2026-10-01 12:21,1567,1567,2026-10-01 12:21,6.6,1567,1567,0.0,0.0,5
FLN,POA,2026-10-02,LATAM,13:40,0,9,2026-10-01 12:21,871,871,2026-10-01 12:21,25.3,871,871,0.0,0.0,9
FLN,POA,2026-10-02,LATAM,06:40,1,7,2026-10-01 12:21,1567,1567,2026-10-01 12:21,18.3,1567,3540,0.0,0.0,6
FLN,POA,2026-10-02,LATAM,08:40,1,6,2026-10-01 12:21,1567,1567,2026-10-01 12:21,20.3,1567,1567,0.0,0.0,6
FLN,POA,2026-10-02,LATAM,10:25,1,2,2026-10-01 12:21,3540,3540,2026-10-01 12:21,22.1,3540,3540,0.0,0.0,2
FLN,CWB,2026-10-02,Gol,08:00,1,5,2026-10-01 12:21,3441,3441,2026-10-01 12:21,19.6,3441,3480,0.0,0.0,5
FLN,CWB,2026-10-02,LATAM,08:40,1,7,2026-10-01 12:21,3824,3824,2026-10-01 12:21,20.3,3824,3824,0.0,0.0,7
RIO,BHZ,2026-10-01,Gol,16:55,1,2,2026-10-01 12:21,1160,1160,2026-10-01 12:21,4.6,1160,2067,0.0,0.0,1
RIO,BHZ,2026-10-01,LATAM,13:55,1,1,2026-10-01 12:21,2067,2067,2026-10-01 12:21,1.6,2067,2067,0.0,0.0,1
RIO,BHZ,2026-10-01,Azul,14:45,0,1,2026-10-01 12:21,4229,4229,2026-10-01 12:21,2.4,4229,4229,0.0,0.0,1
RIO,BHZ,2026-10-01,Gol,18:05,1,1,2026-10-01 12:21,2068,2068,2026-10-01 12:21,5.7,2068,2068,0.0,0.0,1
RIO,BHZ,2026-10-01,LATAM,17:45,1,3,2026-10-01 12:21,2067,2067,2026-10-01 12:21,5.4,2067,3862,0.0,0.0,2
RIO,BHZ,2026-10-01,Gol,12:55,1,1,2026-10-01 12:21,1160,1160,2026-10-01 12:21,0.6,1160,1160,0.0,0.0,1
RIO,BHZ,2026-10-01,Gol,14:10,1,1,2026-10-01 12:21,2068,2068,2026-10-01 12:21,1.8,2068,2068,0.0,0.0,1
RIO,BHZ,2026-10-01,LATAM,13:30,1,1,2026-10-01 12:21,2073,2073,2026-10-01 12:21,1.1,2073,2073,0.0,0.0,1
RIO,BHZ,2026-10-02,Azul,20:55,0,12,2026-10-01 12:21,3220,3220,2026-10-01 12:21,32.6,3220,3220,0.0,0.0,12
RIO,BHZ,2026-10-02,Azul,14:45,0,9,2026-10-01 12:21,911,911,2026-10-01 12:21,26.4,3220,3220,0.0,-2.535,1
RIO,BHZ,2026-10-02,LATAM,16:40,1,12,2026-10-01 12:21,2067,2067,2026-10-01 12:21,28.3,2067,3862,0.0,0.0,11
RIO,SAO,2026-10-02,LATAM,17:30,1,1,2026-10-01 12:21,1031,1031,2026-10-01 12:21,29.1,,1031,0.0,,1
RIO,SAO,2026-10-02,Azul,05:45,0,7,2026-10-01 12:21,966,966,2026-10-01 12:21,17.4,966,3429,0.0,0.0,6
RIO,SAO,2026-10-02,Azul,09:40,0,7,2026-10-01 12:21,966,966,2026-10-01 12:21,21.3,966,3429,0.0,0.0,6
POA,SAO,2026-10-03,Gol,06:00,2,6,2026-10-01 12:21,793,793,2026-10-01 12:21,41.6,1263,1263,0.0,-0.593,2
POA,SAO,2026-10-03,LATAM,11:00,1,1,2026-10-01 12:21,1263,1263,2026-10-01 12:21,46.6,,1263,0.0,,1
CWB,SAO,2026-10-02,Azul,20:55,0,14,2026-10-01 12:21,3393,3393,2026-10-01 12:21,32.6,3393,3393,0.0,0.0,14
CWB,SAO,2026-10-02,Azul,21:55,0,14,2026-10-01 12:21,3393,3393,2026-10-01 12:21,33.6,3393,3393,0.0,0.0,14
CWB,SAO,2026-10-02,Azul,07:05,0,7,2026-10-01 12:21,3527,3527,2026-10-01 12:21,18.7,3527,3527,0.0,0.0,7
CWB,SAO,2026-10-02,Azul,06:10,0,7,2026-10-01 12:21,3527,3527,2026-10-01 12:21,17.8,3527,3527,0.0,0.0,7
CWB,SAO,2026-10-02,Azul,19:30,0,12,2026-10-01 12:21,3393,3393,2026-10-01 12:21,31.1,3393,3393,0.0,0.0,12
CWB,SAO,2026-10-03,Azul,11:40,0,30,2026-10-01 12:21,3393,3393,2026-10-01 12:21,47.3,3393,3393,0.0,0.0,30
CWB,SAO,2026-10-03,Azul,16:00,0,35,2026-10-01 12:21,3393,3393,2026-10-01 16:55,47.1,3393,3393,0.0,0.0,33
CWB,SAO,2026-10-03,Azul,06:10,0,25,2026-10-01 12:21,3393,3393,2026-10-01 12:21,41.8,3393,3393,0.0,0.0,25
CWB,SAO,2026-10-03,Azul,13:15,0,32,2026-10-01 12:21,3393,3393,2026-10-01 15:42,45.5,3393,3393,0.0,0.0,31
CWB,SAO,2026-10-03,Azul,08:00,0,27,2026-10-01 12:21,3393,3393,2026-10-01 12:21,43.6,3393,3393,0.0,0.0,27
CWB,SAO,2026-10-03,Azul,19:30,0,38,2026-10-01 12:21,3393,3393,2026-10-01 22:03,45.5,3393,3393,0.0,0.0,33
BHZ,SAO,2026-10-01,LATAM,15:20,0,1,2026-10-01 12:21,2137,2137,2026-10-01 12:21,3.0,2137,2137,0.0,0.0,1
BHZ,SAO,2026-10-01,Gol,18:10,2,3,2026-10-01 12:21,1151,1151,2026-10-01 12:21,5.8,1151,1151,0.0,0.0,3
BHZ,SAO,2026-10-01,Gol,15:20,0,1,2026-10-01 12:21,2137,2137,2026-10-01 12:21,3.0,2137,2137,0.0,0.0,1
BHZ,SAO,2026-10-01,Azul,18:05,0,2,2026-10-01 12:21,2285,2285,2026-10-01 12:21,5.7,2285,2285,0.0,0.0,2
BHZ,SAO,2026-10-01,Azul,14:05,0,1,2026-10-01 12:21,2285,2285,2026-10-01 12:21,1.7,2285,2285,0.0,0.0,1
BHZ,SAO,2026-10-01,Gol,15:40,0,1,2026-10-01 12:21,2137,2137,2026-10-01 12:21,3.3,2137,2137,0.0,0.0,1
BHZ,SAO,2026-10-01,LATAM,16:20,0,2,2026-10-01 12:21,2137,2137,2026-10-01 12:21,4.0,2137,3835,0.0,0.0,1
BHZ,SAO,2026-10-01,Azul,14:25,0,1,2026-10-01 12:21,950,950,2026-10-01 12:21,2.1,950,950,0.0,0.0,1
BHZ,SAO,2026-10-01,Gol,14:10,0,1,2026-10-01 12:21,2137,2137,2026-10-01 12:21,1.8,2137,2137,0.0,0.0,1
BHZ,SAO,2026-10-01,LATAM,20:25,0,5,2026-10-01 12:21,2137,2137,2026-10-01 12:21,8.1,2137,2168,0.0,0.0,5
BHZ,SAO,2026-10-01,Azul,20:10,0,5,2026-10-01 12:21,2285,2285,2026-10-01 12:21,7.8,2285,2285,0.0,0.0,5
BHZ,SAO,2026-10-01,Azul,17:05,0,1,2026-10-01 12:21,2285,2285,2026-10-01 12:21,4.7,2285,2285,0.0,0.0,1
BHZ,SAO,2026-10-01,LATAM,12:25,0,1,2026-10-01 12:21,3835,3835,2026-10-01 12:21,0.1,3835,3835,0.0,0.0,1
BHZ,SAO,2026-10-01,Azul,21:35,0,5,2026-10-01 12:21,2285,2285,2026-10-01 12:21,9.2,2285,2285,0.0,0.0,5
BHZ,SAO,2026-10-01,LATAM,15:25,0,1,2026-10-01 12:21,2137,2137,2026-10-01 12:21,3.1,2137,2137,0.0,0.0,1
BHZ,SAO,2026-10-01,Azul,15:50,0,1,2026-10-01 12:21,950,950,2026-10-01 12:21,3.5,950,950,0.0,0.0,1
BHZ,SAO,2026-10-01,Azul,17:25,0,2,2026-10-01 12:21,2084,2084,2026-10-01 12:21,5.1,2084,2429,0.0,0.0,1
BHZ,SAO,2026-10-01,LATAM,13:10,0,1,2026-10-01 12:21,3835,3835,2026-10-01 12:21,0.8,3835,3835,0.0,0.0,1
BHZ,SAO,2026-10-03,Azul,17:05,0,37,2026-10-01 12:21,2285,2285,2026-10-01 17:55,47.2,2285,2285,0.0,0.0,27
BHZ,SAO,2026-10-03,Azul,14:05,0,34,2026-10-01 12:21,2285,2285,2026-10-01 15:42,46.4,2285,2285,0.0,0.0,26
BHZ,SAO,2026-10-03,Azul,07:45,0,28,2026-10-01 12:21,2285,2285,2026-10-01 12:21,43.4,2285,2787,0.0,0.0,21
BHZ,SAO,2026-10-03,Azul,09:55,0,30,2026-10-01 12:21,2285,2285,2026-10-01 12:21,45.6,2285,2285,0.0,0.0,23
BHZ,SAO,2026-10-03,Azul,13:00,0,33,2026-10-01 12:21,2285,2285,2026-10-01 15:42,45.3,2285,2285,0.0,0.0,25
BHZ,SAO,2026-10-03,Azul,18:20,0,38,2026-10-01 12:21,2285,2285,2026-10-01 22:03,44.3,2285,2285,0.0,0.0,26
BHZ,SAO,2026-10-03,Azul,21:40,0,43,2026-10-01 12:21,2285,2285,2026-10-01 22:03,47.6,2285,2285,0.0,0.0,31
BHZ,SAO,2026-10-03,Azul,06:00,0,26,2026-10-01 12:21,2285,2285,2026-10-01 12:21,41.6,2285,2787,0.0,0.0,21
BSB,SAO,2026-10-02,LATAM,05:00,0,7,2026-10-01 12:21,1445,1445,2026-10-01 12:21,16.6,1445,1445,0.0,0.0,7
BSB,SAO,2026-10-02,LATAM,12:45,0,9,2026-10-01 12:21,1445,1445,2026-10-01 12:21,24.4,1445,3834,0.0,0.0,8
BSB,SAO,2026-10-02,LATAM,14:20,0,10,2026-10-01 12:21,1236,1236,2026-10-01 12:21,26.0,1236,3834,0.0,0.0,9
BSB,SAO,2026-10-02,LATAM,06:00,0,7,2026-10-01 12:21,1445,1445,2026-10-01 12:21,17.6,1445,1445,0.0,0.0,7
BSB,SAO,2026-10-02,LATAM,07:45,0,7,2026-10-01 12:21,1445,1445,2026-10-01 12:21,19.4,1445,1445,0.0,0.0,7
BSB,SAO,2026-10-02,LATAM,10:05,0,7,2026-10-01 12:21,1236,1236,2026-10-01 12:21,21.7,1236,1236,0.0,0.0,7
BSB,SAO,2026-10-02,LATAM,07:10,0,7,2026-10-01 12:21,1445,1445,2026-10-01 12:21,18.8,1445,1445,0.0,0.0,7
BSB,SAO,2026-10-02,LATAM,09:25,0,7,2026-10-01 12:21,1374,1374,2026-10-01 12:21,21.1,1374,1374,0.0,0.0,7
BSB,SAO,2026-10-02,Azul,08:20,0,7,2026-10-01 12:21,1420,1420,2026-10-01 12:21,20.0,1420,3086,0.0,0.0,6
BSB,SAO,2026-10-02,LATAM,11:00,0,8,2026-10-01 12:21,1445,1445,2026-10-01 12:21,22.6,1445,3834,0.0,0.0,7
BSB,SAO,2026-10-02,LATAM,04:15,0,7,2026-10-01 12:21,1236,1236,2026-10-01 12:21,15.9,1236,3834,0.0,0.0,6
BSB,SAO,2026-10-02,LATAM,19:10,0,15,2026-10-01 12:21,1236,1236,2026-10-01 12:21,30.8,1236,3834,0.0,0.0,14
BSB,SAO,2026-10-02,LATAM,07:25,0,7,2026-10-01 12:21,1236,1236,2026-10-01 12:21,19.1,1236,1236,0.0,0.0,7
BSB,SAO,2026-10-02,Azul,06:05,0,7,2026-10-01 12:21,1420,1420,2026-10-01 12:21,17.7,1420,3086,0.0,0.0,6
BSB,SAO,2026-10-03,Azul,09:20,0,28,2026-10-01 12:21,3093,3093,2026-10-01 12:21,45.0,3093,3093,0.0,0.0,28
SSA,SAO,2026-10-02,Azul,09:15,0,7,2026-10-01 12:21,3011,3011,2026-10-01 12:21,20.9,3011,3011,0.0,0.0,7
SSA,SAO,2026-10-02,LATAM,18:25,2,9,2026-10-01 12:21,1981,1981,2026-10-01 12:21,30.1,1981,1981,0.0,0.0,9
SSA,SAO,2026-10-02,LATAM,06:15,0,7,2026-10-01 12:21,1003,1003,2026-10-01 12:21,17.9,1003,1003,0.0,0.0,7
SSA,SAO,2026-10-02,Azul,02:50,0,6,2026-10-01 12:21,2898,2898,2026-10-01 12:21,14.5,2898,2898,0.0,0.0,6
SSA,SAO,2026-10-02,LATAM,03:05,0,6,2026-10-01 12:21,1003,1003,2026-10-01 12:21,14.7,1003,1003,0.0,0.0,6
SSA,SAO,2026-10-02,LATAM,21:25,0,18,2026-10-01 12:21,1003,1003,2026-10-01 12:21,33.1,1003,3855,0.0,0.0,8
SSA,SAO,2026-10-02,Azul,16:40,0,11,2026-10-01 12:21,2898,2898,2026-10-01 12:21,28.3,2898,3524,0.0,0.0,7
SSA,SAO,2026-10-02,LATAM,13:10,0,9,2026-10-01 12:21,1003,1003,2026-10-01 12:21,24.8,1003,3855,0.0,0.0,8
SSA,SAO,2026-10-02,Azul,19:50,0,14,2026-10-01 12:21,2898,2898,2026-10-01 12:21,31.5,2898,3524,0.0,0.0,7
SSA,SAO,2026-10-02,Azul,11:20,0,7,2026-10-01 12:21,3011,3011,2026-10-01 12:21,23.0,3011,3011,0.0,0.0,7
SSA,SAO,2026-10-02,LATAM,15:50,0,11,2026-10-01 12:21,1003,1003,2026-10-01 12:21,27.5,1003,3855,0.0,0.0,8
SSA,SAO,2026-10-02,Azul,00:15,1,6,2026-10-01 12:21,1360,1360,2026-10-01 12:21,11.9,1360,1360,0.0,0.0,6
SSA,SAO,2026-10-02,Azul,15:30,1,8,2026-10-01 12:21,1360,1360,2026-10-01 12:21,27.1,1360,1360,0.0,0.0,8
SSA,SAO,2026-10-02,LATAM,18:35,0,14,2026-10-01 12:21,1003,1003,2026-10-01 12:21,30.2,1003,3855,0.0,0.0,8
SSA,SAO,2026-10-02,LATAM,09:25,0,7,2026-10-01 12:21,1003,1003,2026-10-01 12:21,21.1,1003,1003,0.0,0.0,7
SSA,SAO,2026-10-03,LATAM,12:55,0,34,2026-10-01 12:21,1003,1003,2026-10-01 15:42,45.2,1010,1010,0.0,-0.007,19
SSA,SAO,2026-10-03,Azul,02:50,0,14,2026-10-01 12:21,3125,3125,2026-10-01 12:21,38.5,3125,3975,0.0,0.0,7
SSA,SAO,2026-10-03,Azul,09:15,0,23,2026-10-01 12:21,3125,3125,2026-10-01 12:21,44.9,3767,3767,0.0,-0.205,7
SSA,SAO,2026-10-03,Azul,05:15,1,21,2026-10-01 12:21,1360,1360,2026-10-01 12:21,40.9,1360,1360,0.0,0.0,21
SSA,SAO,2026-10-03,Azul,16:40,0,31,2026-10-01 12:21,3068,3068,2026-10-01 16:55,47.8,3732,3732,0.0,-0.216,5
SSA,SAO,2026-10-03,LATAM,09:35,0,31,2026-10-01 12:21,1003,1003,2026-10-01 12:21,45.2,1003,3475,0.0,0.0,16
SSA,SAO,2026-10-03,Azul,11:20,0,24,2026-10-01 12:21,3040,3040,2026-10-01 12:21,47.0,3732,3920,0.0,-0.228,7
SSA,SAO,2026-10-03,Azul,17:55,0,33,2026-10-01 12:21,2898,2898,2026-10-01 17:55,48.0,3701,3701,0.0,-0.277,4
SSA,SAO,2026-10-03,LATAM,05:55,0,28,2026-10-01 12:21,1003,1003,2026-10-01 12:21,41.6,1003,3475,0.0,0.0,13
REC,SAO,2026-10-01,Azul,16:05,0,1,2026-10-01 12:21,3041,3041,2026-10-01 12:21,3.7,3041,3041,0.0,0.0,1
REC,SAO,2026-10-01,LATAM,16:10,0,2,2026-10-01 12:21,1458,1458,2026-10-01 12:21,3.8,1458,3426,0.0,0.0,1
REC,SAO,2026-10-01,Azul,18:15,0,4,2026-10-01 12:21,2565,2565,2026-10-01 12:21,5.9,2565,3041,0.0,0.0,2
REC,SAO,2026-10-01,LATAM,16:15,0,2,2026-10-01 12:21,1446,1446,2026-10-01 12:21,3.9,1446,3388,0.0,0.0,1
REC,SAO,2026-10-01,LATAM,18:30,2,5,2026-10-01 12:21,1067,1067,2026-10-01 12:21,6.2,1067,3860,0.0,0.0,3
REC,SAO,2026-10-01,Azul,18:30,0,2,2026-10-01 12:21,3255,3255,2026-10-01 12:21,6.2,3255,3255,0.0,0.0,2
REC,SAO,2026-10-01,Gol,15:55,0,1,2026-10-01 12:21,1458,1458,2026-10-01 12:21,3.6,1458,1458,0.0,0.0,1
REC,SAO,2026-10-01,LATAM,14:15,0,1,2026-10-01 12:21,1458,1458,2026-10-01 12:21,1.9,1458,1458,0.0,0.0,1
REC,SAO,2026-10-01,Azul,17:20,0,1,2026-10-01 12:21,3255,3255,2026-10-01 12:21,5.0,3255,3255,0.0,0.0,1
REC,SAO,2026-10-01,LATAM,13:35,0,1,2026-10-01 12:21,1446,1446,2026-10-01 12:21,1.2,1446,1446,0.0,0.0,1
REC,SAO,2026-10-02,LATAM,05:20,0,7,2026-10-01 12:21,653,653,2026-10-01 12:21,17.0,653,677,0.0,0.0,7
REC,SAO,2026-10-02,LATAM,03:50,0,6,2026-10-01 12:21,653,653,2026-10-01 12:21,15.5,653,677,0.0,0.0,6
REC,SAO,2026-10-02,Azul,12:50,0,8,2026-10-01 12:21,767,767,2026-10-01 12:21,24.5,767,767,0.0,0.0,7
REC,SAO,2026-10-02,Azul,08:15,0,7,2026-10-01 12:21,767,767,2026-10-01 12:21,19.9,767,1458,0.0,0.0,6
REC,SAO,2026-10-02,Azul,17:20,0,11,2026-10-01 12:21,3383,3383,2026-10-01 12:21,29.0,3383,3626,0.0,0.0,11
REC,SAO,2026-10-02,LATAM,12:00,2,4,2026-10-01 12:21,1067,1067,2026-10-01 12:21,23.6,1067,1067,0.0,0.0,4
REC,SAO,2026-10-02,Azul,13:00,0,8,2026-10-01 12:21,3383,3383,2026-10-01 12:21,24.6,3383,3626,0.0,0.0,8
REC,SAO,2026-10-02,Azul,08:55,0,7,2026-10-01 12:21,3383,3383,2026-10-01 12:21,20.6,3383,3383,0.0,0.0,7
REC,SAO,2026-10-02,Azul,18:30,0,12,2026-10-01 12:21,3255,3255,2026-10-01 12:21,30.1,3255,3626,0.0,0.0,7
REC,SAO,2026-10-02,Azul,03:25,0,12,2026-10-01 12:21,767,767,2026-10-01 12:21,15.1,767,3255,0.0,0.0,6
REC,SAO,2026-10-02,Azul,16:05,0,10,2026-10-01 12:21,767,767,2026-10-01 12:21,27.7,767,1125,0.0,0.0,7
REC,SAO,2026-10-02,Azul,12:10,0,7,2026-10-01 12:21,3383,3383,2026-10-01 12:21,23.8,3383,3383,0.0,0.0,7
REC,SAO,2026-10-02,Azul,17:50,0,11,2026-10-01 12:21,2565,2565,2026-10-01 12:21,29.5,2565,2957,0.0,0.0,7
FOR,SAO,2026-10-01,LATAM,20:10,0,5,2026-10-01 12:21,2681,2681,2026-10-01 12:21,7.8,2681,3143,0.0,0.0,1
FOR,SAO,2026-10-01,Azul,17:45,0,2,2026-10-01 12:21,3792,3792,2026-10-01 12:21,5.4,3792,3792,0.0,0.0,2
FOR,SAO,2026-10-01,LATAM,17:00,1,2,2026-10-01 12:21,2561,2561,2026-10-01 12:21,4.7,2561,2561,0.0,0.0,2
FOR,SAO,2026-10-01,LATAM,14:15,0,1,2026-10-01 12:21,3140,3140,2026-10-01 12:21,1.9,3140,3140,0.0,0.0,1
FOR,SAO,2026-10-01,LATAM,17:55,0,3,2026-10-01 12:21,1365,1365,2026-10-01 12:21,5.6,1365,1365,0.0,0.0,3
FOR,SAO,2026-10-01,Gol,16:10,0,1,2026-10-01 12:21,1366,1366,2026-10-01 12:21,3.8,1366,1366,0.0,0.0,1
FOR,SAO,2026-10-01,Azul,18:15,1,2,2026-10-01 12:21,3044,3044,2026-10-01 12:21,5.9,3044,3044,0.0,0.0,2
FOR,SAO,2026-10-01,LATAM,23:00,2,5,2026-10-01 12:21,2561,2561,2026-10-01 12:21,10.7,2561,2561,0.0,0.0,5
FOR,SAO,2026-10-01,LATAM,16:50,0,2,2026-10-01 12:21,2681,2681,2026-10-01 12:21,4.5,2681,2681,0.0,0.0,2
FOR,SAO,2026-10-02,Gol,04:30,1,2,2026-10-01 12:21,1290,1290,2026-10-01 12:21,16.1,1290,1290,0.0,0.0,2
FOR,SAO,2026-10-03,Azul,17:35,0,28,2026-10-01 12:21,3792,3792,2026-10-01 17:55,47.7,3792,3792,0.0,0.0,25
FOR,SAO,2026-10-03,LATAM,11:50,0,33,2026-10-01 12:21,1809,1809,2026-10-01 12:21,47.5,3479,3479,0.0,-0.923,8
FOR,SAO,2026-10-03,Azul,03:15,0,6,2026-10-01 12:21,3941,3941,2026-10-01 12:21,38.9,,3941,0.0,,6
FOR,SAO,2026-10-03,Gol,12:50,0,24,2026-10-01 12:21,1809,1809,2026-10-01 15:42,45.1,3788,3788,0.0,-1.094,1
CGB,SAO,2026-10-01,Azul,16:25,0,1,2026-10-01 12:21,4049,4049,2026-10-01 12:21,4.1,4049,4049,0.0,0.0,1
CGB,SAO,2026-10-01,LATAM,13:25,0,1,2026-10-01 12:21,1679,1679,2026-10-01 12:21,1.1,1679,1679,0.0,0.0,1
CGB,SAO,2026-10-01,Gol,17:20,2,5,2026-10-01 12:21,1752,1752,2026-10-01 12:21,5.0,1752,1752,0.0,0.0,5
CGB,SAO,2026-10-01,Azul,17:15,1,2,2026-10-01 12:21,3870,3870,2026-10-01 12:21,4.9,3870,3870,0.0,0.0,2
CGB,SAO,2026-10-01,Gol,17:20,4,1,2026-10-01 12:21,3669,3669,2026-10-01 12:21,5.0,3669,3669,0.0,0.0,1
CGB,SAO,2026-10-02,LATAM,02:25,0,6,2026-10-01 12:21,588,588,2026-10-01 12:21,14.1,588,588,0.0,0.0,6
CGB,SAO,2026-10-02,LATAM,18:25,0,15,2026-10-01 12:21,588,588,2026-10-01 12:21,30.1,588,3751,0.0,0.0,7
CGB,SAO,2026-10-02,Azul,17:40,0,12,2026-10-01 12:21,2474,2474,2026-10-01 12:21,29.3,2474,3334,0.0,0.0,7
CGB,SAO,2026-10-02,LATAM,16:25,0,13,2026-10-01 12:21,588,588,2026-10-01 12:21,28.1,588,3751,0.0,0.0,12
CGB,SAO,2026-10-02,Azul,05:45,0,7,2026-10-01 12:21,568,568,2026-10-01 12:21,17.4,568,2536,0.0,0.0,6
CGB,SAO,2026-10-02,Azul,10:55,0,7,2026-10-01 12:21,3574,3574,2026-10-01 12:21,22.6,3574,3574,0.0,0.0,7
CGB,SAO,2026-10-02,Azul,16:25,0,11,2026-10-01 12:21,2474,2474,2026-10-01 12:21,28.1,2474,3413,0.0,0.0,7
CGB,SAO,2026-10-02,LATAM,05:30,0,7,2026-10-01 12:21,588,588,2026-10-01 12:21,17.1,588,588,0.0,0.0,7
CGB,SAO,2026-10-02,LATAM,04:35,1,7,2026-10-01 12:21,2136,2136,2026-10-01 12:21,16.2,2136,2136,0.0,0.0,7
CGB,SAO,2026-10-02,LATAM,09:30,0,7,2026-10-01 12:21,588,588,2026-10-01 12:21,21.1,588,588,0.0,0.0,7
CGB,SAO,2026-10-03,LATAM,11:00,1,13,2026-10-01 12:21,2136,2136,2026-10-01 12:21,46.6,2136,2808,0.0,0.0,8
CGB,SAO,2026-10-03,Azul,02:00,0,22,2026-10-01 12:21,2474,2474,2026-10-01 12:21,37.6,2536,3649,0.0,-0.025,7
CGB,SAO,2026-10-03,Azul,02:05,0,14,2026-10-01 12:21,3606,3606,2026-10-01 12:21,37.7,3606,4449,0.0,0.0,7
GYN,SAO,2026-10-01,Gol,13:15,0,1,2026-10-01 12:21,910,910,2026-10-01 12:21,0.9,910,910,0.0,0.0,1
GYN,SAO,2026-10-01,Gol,19:20,0,5,2026-10-01 12:21,910,910,2026-10-01 12:21,7.0,910,910,0.0,0.0,5
GYN,SAO,2026-10-01,Gol,19:15,0,5,2026-10-01 12:21,849,849,2026-10-01 12:21,6.9,849,1004,0.0,0.0,2
GYN,SAO,2026-10-01,Azul,20:00,0,4,2026-10-01 12:21,2682,2682,2026-10-01 12:21,7.7,2682,2682,0.0,0.0,4
GYN,SAO,2026-10-01,LATAM,17:40,0,3,2026-10-01 12:21,2043,2043,2026-10-01 12:21,5.3,2043,3231,0.0,0.0,2
GYN,SAO,2026-10-01,LATAM,18:40,1,3,2026-10-01 12:21,2020,2020,2026-10-01 12:21,6.3,2020,2020,0.0,0.0,3
GYN,SAO,2026-10-01,Gol,15:55,0,1,2026-10-01 12:21,910,910,2026-10-01 12:21,3.6,910,910,0.0,0.0,1
GYN,SAO,2026-10-01,LATAM,14:40,0,1,2026-10-01 12:21,2043,2043,2026-10-01 12:21,2.3,2043,2043,0.0,0.0,1
GYN,SAO,2026-10-01,Azul,15:25,0,1,2026-10-01 12:21,2682,2682,2026-10-01 12:21,3.1,2682,2682,0.0,0.0,1
GYN,SAO,2026-10-02,Azul,05:55,0,7,2026-10-01 12:21,2787,2787,2026-10-01 12:21,17.6,2787,2787,0.0,0.0,7
GYN,SAO,2026-10-02,Azul,06:45,0,7,2026-10-01 12:21,2840,2840,2026-10-01 12:21,18.4,2840,2840,0.0,0.0,7
GYN,SAO,2026-10-02,Gol,13:45,0,9,2026-10-01 12:21,775,775,2026-10-01 12:21,25.4,775,775,0.0,0.0,4
GYN,SAO,2026-10-02,Gol,05:10,0,7,2026-10-01 12:21,849,849,2026-10-01 12:21,16.8,849,1208,0.0,0.0,2
GYN,SAO,2026-10-02,Azul,10:25,0,7,2026-10-01 12:21,2840,2840,2026-10-01 12:21,22.1,2840,3773,0.0,0.0,5
GYN,SAO,2026-10-02,Gol,05:00,0,7,2026-10-01 12:21,775,775,2026-10-01 12:21,16.6,775,1064,0.0,0.0,2
GYN,SAO,2026-10-02,Gol,04:10,1,1,2026-10-01 12:21,1403,1403,2026-10-01 12:21,15.8,1403,1403,0.0,0.0,1
GYN,SAO,2026-10-02,Gol,11:20,0,7,2026-10-01 12:21,849,849,2026-10-01 12:21,23.0,849,2043,0.0,0.0,1
GYN,SAO,2026-10-02,Azul,08:35,0,7,2026-10-01 12:21,2840,2840,2026-10-01 12:21,20.2,2840,2840,0.0,0.0,7
GYN,SAO,2026-10-03,Azul,10:25,0,16,2026-10-01 12:21,3208,3208,2026-10-01 12:21,46.1,3261,3261,0.0,-0.017,16
GYN,SAO,2026-10-03,Azul,06:45,0,27,2026-10-01 12:21,2682,2682,2026-10-01 12:21,42.4,2682,2682,0.0,0.0,27
GYN,SAO,2026-10-03,LATAM,18:40,1,15,2026-10-01 12:21,2020,2020,2026-10-01 22:03,44.6,2020,2020,0.0,0.0,10
GYN,SAO,2026-10-03,Azul,15:25,0,35,2026-10-01 12:21,2682,2682,2026-10-01 15:42,47.7,2945,2945,0.0,-0.098,34
RIO,FLN,2026-10-01,Gol,16:15,0,2,2026-10-01 12:21,1198,1198,2026-10-01 12:21,3.9,1198,1504,0.0,0.0,1
RIO,FLN,2026-10-01,LATAM,17:10,1,3,2026-10-01 12:21,1379,1379,2026-10-01 12:21,4.8,1379,3862,0.0,0.0,2
RIO,FLN,2026-10-01,Gol,12:55,1,1,2026-10-01 12:21,1675,1675,2026-10-01 12:21,0.6,1675,1675,0.0,0.0,1
RIO,FLN,2026-10-01,LATAM,17:45,1,3,2026-10-01 12:21,1379,1379,2026-10-01 12:21,5.4,1379,3862,0.0,0.0,2
RIO,FLN,2026-10-01,Gol,17:35,1,3,2026-10-01 12:21,2688,2688,2026-10-01 12:21,5.2,2688,2688,0.0,0.0,3
RIO,FLN,2026-10-01,Azul,21:10,1,3,2026-10-01 12:21,1026,1026,2026-10-01 12:21,8.8,1026,1026,0.0,0.0,3
RIO,FLN,2026-10-01,Gol,17:45,1,2,2026-10-01 12:21,1379,1379,2026-10-01 12:21,5.4,1379,1675,0.0,0.0,1
RIO,FLN,2026-10-01,Gol,22:15,0,5,2026-10-01 12:21,979,979,2026-10-01 12:21,9.9,979,1198,0.0,0.0,2
RIO,FLN,2026-10-01,Azul,15:15,1,1,2026-10-01 12:21,1488,1488,2026-10-01 12:21,2.9,1488,1488,0.0,0.0,1
RIO,FLN,2026-10-02,Azul,15:15,1,9,2026-10-01 12:21,1026,1026,2026-10-01 12:21,26.9,1026,1066,0.0,0.0,9
RIO,FLN,2026-10-02,LATAM,06:15,1,2,2026-10-01 12:21,1379,1379,2026-10-01 12:21,17.9,1379,1379,0.0,0.0,2
RIO,FLN,2026-10-02,Gol,21:15,0,16,2026-10-01 12:21,979,979,2026-10-01 12:21,32.9,1198,1198,0.0,-0.224,2
RIO,FLN,2026-10-02,Gol,08:20,0,7,2026-10-01 12:21,979,979,2026-10-01 12:21,20.0,979,2022,0.0,0.0,1
RIO,FLN,2026-10-02,Gol,16:00,0,11,2026-10-01 12:21,835,835,2026-10-01 12:21,27.6,1140,1504,0.0,-0.365,1
RIO,FLN,2026-10-02,LATAM,06:45,1,7,2026-10-01 12:21,1379,1379,2026-10-01 12:21,18.4,1379,1673,0.0,0.0,6
RIO,FLN,2026-10-02,LATAM,09:15,1,3,2026-10-01 12:21,1379,1379,2026-10-01 12:21,20.9,1379,1673,0.0,0.0,2
RIO,FLN,2026-10-02,Gol,12:20,0,8,2026-10-01 12:21,835,835,2026-10-01 12:21,24.0,835,1504,0.0,0.0,2
POA,FLN,2026-10-01,LATAM,16:15,1,2,2026-10-01 12:21,1573,1573,2026-10-01 12:21,3.9,1573,3862,0.0,0.0,1
POA,FLN,2026-10-01,Gol,14:05,1,1,2026-10-01 12:21,1573,1573,2026-10-01 12:21,1.7,1573,1573,0.0,0.0,1
POA,FLN,2026-10-01,LATAM,15:25,0,1,2026-10-01 12:21,1279,1279,2026-10-01 12:21,3.1,1279,1279,0.0,0.0,1
POA,FLN,2026-10-01,Gol,21:15,2,5,2026-10-01 12:21,1573,1573,2026-10-01 12:21,8.9,1573,1573,0.0,0.0,5
POA,FLN,2026-10-01,Gol,17:30,1,2,2026-10-01 12:21,1573,1573,2026-10-01 12:21,5.2,1573,1573,0.0,0.0,2
POA,FLN,2026-10-01,Gol,18:45,1,3,2026-10-01 12:21,1573,1573,2026-10-01 12:21,6.4,1573,1573,0.0,0.0,3
POA,FLN,2026-10-01,LATAM,20:25,1,5,2026-10-01 12:21,1573,1573,2026-10-01 12:21,8.1,1573,1573,0.0,0.0,5
POA,FLN,2026-10-01,LATAM,17:45,1,3,2026-10-01 12:21,3546,3546,2026-10-01 12:21,5.4,3546,3862,0.0,0.0,3
POA,FLN,2026-10-01,LATAM,21:40,2,5,2026-10-01 12:21,1573,1573,2026-10-01 12:21,9.3,1573,1573,0.0,0.0,5
POA,FLN,2026-10-02,LATAM,06:20,1,6,2026-10-01 12:21,1573,1573,2026-10-01 12:21,18.0,1573,1573,0.0,0.0,6
POA,FLN,2026-10-02,LATAM,10:00,1,6,2026-10-01 12:21,1573,1573,2026-10-01 12:21,21.6,1573,1573,0.0,0.0,6
POA,FLN,2026-10-02,LATAM,15:25,0,11,2026-10-01 12:21,3047,3047,2026-10-01 12:21,27.1,3379,3862,0.0,-0.109,1
POA,FLN,2026-10-02,LATAM,08:50,1,6,2026-10-01 12:21,1573,1573,2026-10-01 12:21,20.5,1573,1573,0.0,0.0,6
POA,FLN,2026-10-03,Gol,06:55,1,5,2026-10-01 12:21,1573,1573,2026-10-01 12:21,42.6,,1573,0.0,,5
CWB,FLN,2026-10-01,LATAM,14:50,1,1,2026-10-01 12:21,3816,3816,2026-10-01 12:21,2.5,3816,3816,0.0,0.0,1
CWB,FLN,2026-10-01,Gol,17:35,1,3,2026-10-01 12:21,3433,3433,2026-10-01 12:21,5.2,3433,3472,0.0,0.0,3
CWB,FLN,2026-10-01,LATAM,20:20,1,5,2026-10-01 12:21,3816,3816,2026-10-01 12:21,8.0,3816,3816,0.0,0.0,5
CWB,FLN,2026-10-01,Gol,15:25,1,1,2026-10-01 12:21,3433,3433,2026-10-01 12:21,3.1,3433,3433,0.0,0.0,1
CWB,FLN,2026-10-01,Gol,19:30,1,5,2026-10-01 12:21,3433,3433,2026-10-01 12:21,7.2,3433,3472,0.0,0.0,5
CWB,FLN,2026-10-01,LATAM,19:20,1,5,2026-10-01 12:21,3816,3816,2026-10-01 12:21,7.0,3816,3816,0.0,0.0,5
CWB,FLN,2026-10-01,LATAM,21:50,2,5,2026-10-01 12:21,3849,3849,2026-10-01 12:21,9.5,3849,3849,0.0,0.0,5
CWB,FLN,2026-10-01,LATAM,15:10,1,1,2026-10-01 12:21,3816,3816,2026-10-01 12:21,2.8,3816,3816,0.0,0.0,1
CWB,FLN,2026-10-02,Gol e Aerolineas Argentinas,11:25,2,2,2026-10-01 12:21,3752,3752,2026-10-01 12:21,23.1,3752,3752,0.0,0.0,2
CWB,FLN,2026-10-02,Gol,07:15,1,7,2026-10-01 12:21,3433,3433,2026-10-01 12:21,18.9,3433,3472,0.0,0.0,7
CWB,FLN,2026-10-02,Gol,13:10,1,9,2026-10-01 12:21,3433,3433,2026-10-01 12:21,24.8,3433,3472,0.0,0.0,9
CWB,FLN,2026-10-02,Gol,06:20,1,7,2026-10-01 12:21,3433,3433,2026-10-01 12:21,18.0,3433,3472,0.0,0.0,7
CWB,FLN,2026-10-02,LATAM,12:15,1,8,2026-10-01 12:21,3816,3816,2026-10-01 12:21,23.9,3816,3816,0.0,0.0,8
CWB,FLN,2026-10-02,Gol,12:10,1,8,2026-10-01 12:21,3433,3433,2026-10-01 12:21,23.8,3433,3472,0.0,0.0,8
CWB,FLN,2026-10-02,Gol,10:45,1,7,2026-10-01 12:21,3433,3433,2026-10-01 12:21,22.4,3433,3472,0.0,0.0,7
CWB,FLN,2026-10-02,Gol,15:25,1,7,2026-10-01 12:21,3433,3433,2026-10-01 12:21,27.1,3433,3472,0.0,0.0,7
CWB,FLN,2026-10-03,Gol,09:50,1,31,2026-10-01 12:21,3433,3433,2026-10-01 12:21,45.5,3472,3472,0.0,-0.011,31
CWB,FLN,2026-10-03,Gol,05:05,1,22,2026-10-01 12:21,3433,3433,2026-10-01 12:21,40.7,3472,3472,0.0,-0.011,22
CWB,FLN,2026-10-03,Gol,06:10,1,22,2026-10-01 12:21,3433,3433,2026-10-01 12:21,41.8,3472,3472,0.0,-0.011,22
BHZ,RIO,2026-10-01,Azul,15:25,0,1,2026-10-01 12:21,933,933,2026-10-01 12:21,3.1,933,933,0.0,0.0,1
BHZ,RIO,2026-10-01,Gol,14:10,1,1,2026-10-01 12:21,1133,1133,2026-10-01 12:21,1.8,1133,1133,0.0,0.0,1
BHZ,RIO,2026-10-01,Gol,19:30,0,4,2026-10-01 12:21,3887,3887,2026-10-01 12:21,7.2,3887,3887,0.0,0.0,4
BHZ,RIO,2026-10-01,LATAM,16:20,1,2,2026-10-01 12:21,2040,2040,2026-10-01 12:21,4.0,2040,3835,0.0,0.0,1
BHZ,RIO,2026-10-01,Gol,13:45,0,1,2026-10-01 12:21,3219,3219,2026-10-01 12:21,1.4,3219,3219,0.0,0.0,1
BHZ,RIO,2026-10-01,Azul,21:05,0,5,2026-10-01 12:21,3219,3219,2026-10-01 12:21,8.7,3219,3219,0.0,0.0,5
BHZ,RIO,2026-10-01,Azul,17:35,0,1,2026-10-01 12:21,3857,3857,2026-10-01 12:21,5.2,3857,3857,0.0,0.0,1
BHZ,RIO,2026-10-02,Azul,19:10,0,12,2026-10-01 12:21,3219,3219,2026-10-01 12:21,30.8,3219,3219,0.0,0.0,12
BHZ,RIO,2026-10-02,LATAM,16:20,1,12,2026-10-01 12:21,2040,2040,2026-10-01 12:21,28.0,2040,3835,0.0,0.0,11
BHZ,RIO,2026-10-02,Azul,08:05,0,7,2026-10-01 12:21,3537,3537,2026-10-01 12:21,19.7,3537,3537,0.0,0.0,7
SAO,RIO,2026-10-01,Gol,18:55,0,1,2026-10-01 15:42,3773,3773,2026-10-01 15:42,3.2,3773,3773,0.0,0.0,1
SAO,POA,2026-10-01,Gol,23:45,2,4,2026-10-01 15:42,1044,1044,2026-10-01 15:42,8.1,1044,1044,0.0,0.0,4
SAO,POA,2026-10-03,Gol,04:35,1,2,2026-10-01 15:42,1044,1044,2026-10-01 15:42,36.9,,1044,0.0,,2
SAO,CWB,2026-10-03,Gol,04:35,1,1,2026-10-01 15:42,874,874,2026-10-01 15:42,36.9,,874,0.0,,1
SAO,SSA,2026-10-01,Azul,21:40,1,4,2026-10-01 15:42,3587,3587,2026-10-01 15:42,6.0,3587,3587,0.0,0.0,4
SAO,SSA,2026-10-02,Azul,08:20,0,2,2026-10-01 15:42,3533,3533,2026-10-01 15:42,16.6,3533,3533,0.0,0.0,2
SAO,REC,2026-10-01,Gol,18:00,1,1,2026-10-01 15:42,2553,2553,2026-10-01 15:42,2.3,2553,2553,0.0,0.0,1
SAO,REC,2026-10-02,Azul,05:00,0,1,2026-10-01 15:42,3895,3895,2026-10-01 15:42,13.3,3895,3895,0.0,0.0,1
SAO,FOR,2026-10-02,Azul,06:00,1,2,2026-10-01 15:42,3318,3318,2026-10-01 15:42,14.3,3318,3318,0.0,0.0,2
SAO,CGB,2026-10-02,LATAM,11:45,1,6,2026-10-01 15:42,2121,2121,2026-10-01 15:42,20.1,2121,2121,0.0,0.0,6
SAO,CGB,2026-10-02,LATAM,16:00,0,10,2026-10-01 15:42,575,575,2026-10-01 15:42,24.3,575,575,0.0,0.0,8
SAO,CGB,2026-10-02,LATAM,07:00,0,6,2026-10-01 15:42,575,575,2026-10-01 15:42,15.3,575,575,0.0,0.0,6
SAO,CGB,2026-10-02,LATAM,23:50,0,17,2026-10-01 15:42,575,575,2026-10-01 15:42,32.1,575,575,0.0,0.0,17
SAO,CGB,2026-10-02,Azul,09:05,0,6,2026-10-01 15:42,3527,3527,2026-10-01 15:42,17.4,3527,3527,0.0,0.0,6
SAO,CGB,2026-10-02,Azul,10:05,0,6,2026-10-01 15:42,3348,3348,2026-10-01 15:42,18.4,3348,3348,0.0,0.0,6
SAO,CGB,2026-10-02,LATAM,20:40,0,16,2026-10-01 15:42,575,575,2026-10-01 15:42,29.0,575,3738,0.0,0.0,14
SAO,CGB,2026-10-02,Azul,09:00,0,6,2026-10-01 15:42,2461,2461,2026-10-01 15:42,17.3,2461,3897,0.0,0.0,5
SAO,CGB,2026-10-02,LATAM,14:15,0,9,2026-10-01 15:42,575,575,2026-10-01 15:42,22.6,575,3738,0.0,0.0,8
SAO,GYN,2026-10-01,Gol,22:05,2,2,2026-10-01 15:42,834,834,2026-10-01 15:42,6.4,834,834,0.0,0.0,2
SAO,GYN,2026-10-02,Gol,13:05,1,7,2026-10-01 15:42,683,683,2026-10-01 15:42,21.4,683,834,0.0,0.0,1
SAO,GYN,2026-10-03,Gol,05:00,1,5,2026-10-01 15:42,1386,1386,2026-10-01 15:42,37.3,2003,2003,0.0,-0.445,4
SAO,GYN,2026-10-03,Azul,08:15,0,27,2026-10-01 15:42,2665,2665,2026-10-01 15:42,40.5,2665,2665,0.0,0.0,27
SAO,GYN,2026-10-03,Azul,13:15,0,31,2026-10-01 15:42,2665,2665,2026-10-01 15:42,45.5,2665,2665,0.0,0.0,31
SAO,GYN,2026-10-03,Azul,06:25,0,24,2026-10-01 15:42,2665,2665,2026-10-01 15:42,38.7,2665,2665,0.0,0.0,24
SAO,GYN,2026-10-03,Gol,07:05,0,26,2026-10-01 15:42,787,787,2026-10-01 15:42,39.4,787,922,0.0,0.0,4
FLN,RIO,2026-10-01,LATAM,20:20,1,4,2026-10-01 15:42,2709,2709,2026-10-01 15:42,4.6,2709,2709,0.0,0.0,4
FLN,RIO,2026-10-01,Gol,18:35,0,2,2026-10-01 15:42,1219,1219,2026-10-01 15:42,2.9,1219,2396,0.0,0.0,1
FLN,RIO,2026-10-01,LATAM,20:55,1,4,2026-10-01 15:42,1373,1373,2026-10-01 15:42,5.2,1373,1373,0.0,0.0,4
FLN,RIO,2026-10-01,LATAM,16:20,1,1,2026-10-01 15:42,3856,3856,2026-10-01 15:42,0.6,3856,3856,0.0,0.0,1
FLN,RIO,2026-10-01,Azul,18:40,1,2,2026-10-01 15:42,1017,1017,2026-10-01 15:42,3.0,1017,1017,0.0,0.0,2
FLN,RIO,2026-10-01,LATAM,17:05,1,2,2026-10-01 15:42,1373,1373,2026-10-01 15:42,1.4,1373,3856,0.0,0.0,1
FLN,RIO,2026-10-01,Gol,18:55,1,4,2026-10-01 15:42,2709,2709,2026-10-01 15:42,3.2,2709,2709,0.0,0.0,4
FLN,RIO,2026-10-02,LATAM,16:20,1,6,2026-10-01 15:42,1667,1667,2026-10-01 15:42,24.6,1667,1667,0.0,0.0,6
FLN,RIO,2026-10-03,Gol,06:00,0,27,2026-10-01 15:42,856,856,2026-10-01 15:42,38.3,1000,1219,0.0,-0.168,1
FLN,RIO,2026-10-03,Gol,10:40,0,30,2026-10-01 15:42,687,687,2026-10-01 15:42,43.0,856,856,0.0,-0.246,1
FLN,RIO,2026-10-03,Azul,05:45,1,25,2026-10-01 15:42,1017,1017,2026-10-01 15:42,38.0,1058,1487,0.0,-0.04,20
FLN,RIO,2026-10-03,Gol,15:00,0,35,2026-10-01 15:42,856,856,2026-10-01 15:42,47.3,1000,1219,0.0,-0.168,1
FLN,POA,2026-10-02,LATAM,17:05,1,11,2026-10-01 15:42,3540,3540,2026-10-01 15:42,25.4,3540,3856,0.0,0.0,11
FLN,CWB,2026-10-01,LATAM,16:20,1,1,2026-10-01 15:42,3824,3824,2026-10-01 15:42,0.6,3824,3824,0.0,0.0,1
FLN,CWB,2026-10-01,LATAM,20:55,1,4,2026-10-01 15:42,3824,3824,2026-10-01 15:42,5.2,3824,3824,0.0,0.0,4
FLN,CWB,2026-10-01,LATAM,17:05,1,2,2026-10-01 15:42,3824,3824,2026-10-01 15:42,1.4,3824,3856,0.0,0.0,2
FLN,CWB,2026-10-01,LATAM,20:20,1,4,2026-10-01 15:42,3824,3824,2026-10-01 15:42,4.6,3824,3824,0.0,0.0,4
FLN,CWB,2026-10-01,Gol,18:55,1,4,2026-10-01 15:42,3441,3441,2026-10-01 15:42,3.2,3441,3480,0.0,0.0,4
RIO,BHZ,2026-10-01,LATAM,21:20,1,4,2026-10-01 15:42,2180,2180,2026-10-01 15:42,5.6,2180,2180,0.0,0.0,4
RIO,BHZ,2026-10-01,LATAM,21:20,2,4,2026-10-01 15:42,2067,2067,2026-10-01 15:42,5.6,2067,2067,0.0,0.0,4
RIO,BHZ,2026-10-01,Gol,21:00,2,1,2026-10-01 15:42,2068,2068,2026-10-01 15:42,5.3,2068,2068,0.0,0.0,1
RIO,BHZ,2026-10-03,Azul,20:40,0,38,2026-10-01 15:42,906,906,2026-10-01 22:03,46.6,954,954,0.0,-0.053,27
FLN,SAO,2026-10-01,Gol,18:35,3,4,2026-10-01 15:42,2293,2293,2026-10-01 15:42,2.9,2293,2726,0.0,0.0,1
FLN,SAO,2026-10-02,Gol,17:15,1,3,2026-10-01 15:42,3364,3364,2026-10-01 15:42,25.6,3364,3364,0.0,0.0,3
FLN,SAO,2026-10-03,Gol,12:00,1,3,2026-10-01 15:42,3271,3271,2026-10-01 15:42,44.3,,3271,0.0,,3
RIO,SAO,2026-10-01,Gol,17:20,0,1,2026-10-01 15:42,3217,3217,2026-10-01 15:42,1.6,3217,3217,0.0,0.0,1
RIO,SAO,2026-10-01,Gol,19:35,0,3,2026-10-01 15:42,3217,3217,2026-10-01 15:42,3.9,3217,3217,0.0,0.0,3
RIO,SAO,2026-10-01,Gol,20:15,0,4,2026-10-01 15:42,3271,3271,2026-10-01 15:42,4.5,3271,3271,0.0,0.0,4
RIO,SAO,2026-10-01,LATAM,18:45,0,4,2026-10-01 15:42,3298,3298,2026-10-01 15:42,3.0,3298,3298,0.0,0.0,4
RIO,SAO,2026-10-01,LATAM,16:40,0,1,2026-10-01 15:42,3298,3298,2026-10-01 15:42,1.0,3298,3298,0.0,0.0,1
RIO,SAO,2026-10-01,Gol,18:05,0,1,2026-10-01 15:42,3217,3217,2026-10-01 15:42,2.4,3217,3217,0.0,0.0,1
RIO,SAO,2026-10-01,LATAM,18:35,0,4,2026-10-01 15:42,3271,3271,2026-10-01 15:42,2.9,3271,3835,0.0,0.0,2
RIO,SAO,2026-10-01,Gol,20:05,0,4,2026-10-01 15:42,3217,3217,2026-10-01 15:42,4.4,3217,3217,0.0,0.0,4
RIO,SAO,2026-10-01,Gol,17:35,0,1,2026-10-01 15:42,2785,2785,2026-10-01 15:42,1.9,2785,2785,0.0,0.0,1
RIO,SAO,2026-10-01,Azul,19:30,0,2,2026-10-01 15:42,934,934,2026-10-01 15:42,3.8,934,934,0.0,0.0,2
RIO,SAO,2026-10-01,Gol,19:10,0,2,2026-10-01 15:42,3217,3217,2026-10-01 15:42,3.5,3217,3217,0.0,0.0,2
RIO,SAO,2026-10-01,Gol,18:40,0,2,2026-10-01 15:42,3217,3217,2026-10-01 15:42,3.0,3217,3217,0.0,0.0,2
RIO,SAO,2026-10-01,Gol,21:10,0,4,2026-10-01 15:42,2785,2785,2026-10-01 15:42,5.5,2785,2785,0.0,0.0,4
RIO,SAO,2026-10-01,Azul,20:40,0,4,2026-10-01 15:42,966,966,2026-10-01 15:42,5.0,966,966,0.0,0.0,4
RIO,SAO,2026-10-01,Gol,21:00,0,4,2026-10-01 15:42,3217,3217,2026-10-01 15:42,5.3,3217,3217,0.0,0.0,4
RIO,SAO,2026-10-01,Azul,18:30,0,1,2026-10-01 15:42,3692,3692,2026-10-01 15:42,2.8,3692,3692,0.0,0.0,1
RIO,SAO,2026-10-01,Gol,20:35,0,4,2026-10-01 15:42,3217,3217,2026-10-01 15:42,4.9,3217,3217,0.0,0.0,4
RIO,SAO,2026-10-01,LATAM,17:10,0,2,2026-10-01 15:42,3298,3298,2026-10-01 15:42,1.5,3298,3298,0.0,0.0,2
RIO,SAO,2026-10-01,Azul,21:15,0,2,2026-10-01 15:42,934,934,2026-10-01 15:42,5.5,934,934,0.0,0.0,2
RIO,SAO,2026-10-01,Azul,18:50,0,2,2026-10-01 15:42,1098,1098,2026-10-01 15:42,3.1,1098,1142,0.0,0.0,2
RIO,SAO,2026-10-01,LATAM,19:15,0,4,2026-10-01 15:42,3271,3271,2026-10-01 15:42,3.5,3271,3271,0.0,0.0,4
RIO,SAO,2026-10-01,LATAM,17:45,0,2,2026-10-01 15:42,3298,3298,2026-10-01 15:42,2.0,3298,3298,0.0,0.0,2
RIO,SAO,2026-10-01,Gol,21:55,0,4,2026-10-01 15:42,3271,3271,2026-10-01 15:42,6.2,3271,3271,0.0,0.0,4
POA,SAO,2026-10-01,Gol,17:55,0,1,2026-10-01 15:42,3272,3272,2026-10-01 15:42,2.2,3272,3272,0.0,0.0,1
POA,SAO,2026-10-01,Azul,19:15,0,2,2026-10-01 15:42,3354,3354,2026-10-01 15:42,3.5,3354,3354,0.0,0.0,2
POA,SAO,2026-10-01,LATAM,16:15,0,1,2026-10-01 15:42,3862,3862,2026-10-01 15:42,0.6,3862,3862,0.0,0.0,1
POA,SAO,2026-10-01,Azul,19:40,0,3,2026-10-01 15:42,4095,4095,2026-10-01 15:42,4.0,4095,4095,0.0,0.0,3
POA,SAO,2026-10-01,Gol,18:45,0,2,2026-10-01 15:42,1071,1071,2026-10-01 15:42,3.0,1071,1071,0.0,0.0,2
POA,SAO,2026-10-01,Azul,20:40,0,4,2026-10-01 15:42,4095,4095,2026-10-01 15:42,5.0,4095,4095,0.0,0.0,4
POA,SAO,2026-10-01,Gol,21:15,1,4,2026-10-01 15:42,1071,1071,2026-10-01 15:42,5.5,1071,1071,0.0,0.0,4
POA,SAO,2026-10-01,LATAM,18:25,0,4,2026-10-01 15:42,3354,3354,2026-10-01 15:42,2.7,3354,3862,0.0,0.0,2
POA,SAO,2026-10-01,LATAM,21:40,2,2,2026-10-01 15:42,1263,1263,2026-10-01 15:42,6.0,1263,1263,0.0,0.0,2
POA,SAO,2026-10-01,Azul,18:40,0,2,2026-10-01 15:42,4095,4095,2026-10-01 15:42,3.0,4095,4095,0.0,0.0,2
POA,SAO,2026-10-01,Gol,21:15,2,4,2026-10-01 15:42,1241,1241,2026-10-01 15:42,5.5,1241,1241,0.0,0.0,4
POA,SAO,2026-10-01,LATAM,17:45,0,2,2026-10-01 15:42,1281,1281,2026-10-01 15:42,2.0,1281,3862,0.0,0.0,1
POA,SAO,2026-10-02,LATAM,08:50,0,6,2026-10-01 15:42,1337,1337,2026-10-01 15:42,17.1,1337,1337,0.0,0.0,6
POA,SAO,2026-10-02,Azul,19:15,0,12,2026-10-01 15:42,3354,3354,2026-10-01 15:42,27.6,3354,3354,0.0,0.0,12
POA,SAO,2026-10-02,Gol,17:55,0,11,2026-10-01 15:42,1677,1677,2026-10-01 15:42,26.2,1677,3262,0.0,0.0,4
POA,SAO,2026-10-02,Azul,10:05,0,6,2026-10-01 15:42,3354,3354,2026-10-01 15:42,18.4,3354,3354,0.0,0.0,6
POA,SAO,2026-10-02,LATAM,06:20,0,6,2026-10-01 15:42,1337,1337,2026-10-01 15:42,14.6,1337,1337,0.0,0.0,6
POA,SAO,2026-10-02,LATAM,18:25,0,13,2026-10-01 15:42,1337,1337,2026-10-01 15:42,26.7,1337,3862,0.0,0.0,12
POA,SAO,2026-10-02,LATAM,17:25,1,5,2026-10-01 15:42,1263,1263,2026-10-01 15:42,25.7,1263,1263,0.0,0.0,5
POA,SAO,2026-10-02,LATAM,20:25,0,16,2026-10-01 15:42,1337,1337,2026-10-01 15:42,28.7,1337,3862,0.0,0.0,14
POA,SAO,2026-10-02,LATAM,12:20,0,7,2026-10-01 15:42,1337,1337,2026-10-01 15:42,20.6,1337,1337,0.0,0.0,7
POA,SAO,2026-10-02,LATAM,15:00,0,10,2026-10-01 15:42,1337,1337,2026-10-01 15:42,23.3,1337,3862,0.0,0.0,9
POA,SAO,2026-10-02,LATAM,05:10,0,6,2026-10-01 15:42,1337,1337,2026-10-01 15:42,13.5,1337,1337,0.0,0.0,6
POA,SAO,2026-10-02,LATAM,19:50,0,14,2026-10-01 15:42,1337,1337,2026-10-01 15:42,28.1,1337,3862,0.0,0.0,13
POA,SAO,2026-10-02,LATAM,16:15,0,11,2026-10-01 15:42,1337,1337,2026-10-01 15:42,24.6,1337,3862,0.0,0.0,10
POA,SAO,2026-10-02,LATAM,13:40,0,8,2026-10-01 15:42,1337,1337,2026-10-01 15:42,22.0,1337,1337,0.0,0.0,8
POA,SAO,2026-10-02,LATAM,10:00,0,6,2026-10-01 15:42,1337,1337,2026-10-01 15:42,18.3,1337,1337,0.0,0.0,6
CWB,SAO,2026-10-01,Azul,20:55,0,4,2026-10-01 15:42,3393,3393,2026-10-01 15:42,5.2,3393,3393,0.0,0.0,4
CWB,SAO,2026-10-01,Azul,21:55,0,4,2026-10-01 15:42,3393,3393,2026-10-01 15:42,6.2,3393,3393,0.0,0.0,4
CWB,SAO,2026-10-01,Gol,20:15,0,4,2026-10-01 15:42,887,887,2026-10-01 15:42,4.5,887,887,0.0,0.0,4
CWB,SAO,2026-10-01,LATAM,19:20,0,4,2026-10-01 15:42,2689,2689,2026-10-01 15:42,3.6,2689,2689,0.0,0.0,4
CWB,SAO,2026-10-01,Azul,18:45,0,2,2026-10-01 15:42,1037,1037,2026-10-01 15:42,3.0,1037,1037,0.0,0.0,2
CWB,SAO,2026-10-01,Gol,19:05,0,2,2026-10-01 15:42,887,887,2026-10-01 15:42,3.4,887,887,0.0,0.0,2
CWB,SAO,2026-10-01,Azul,19:30,0,3,2026-10-01 15:42,3393,3393,2026-10-01 15:42,3.8,3393,3393,0.0,0.0,3
CWB,SAO,2026-10-01,LATAM,17:35,1,1,2026-10-01 15:42,2136,2136,2026-10-01 15:42,1.9,2136,2136,0.0,0.0,1
CWB,SAO,2026-10-01,Gol,18:25,0,2,2026-10-01 15:42,887,887,2026-10-01 15:42,2.7,887,887,0.0,0.0,2
BHZ,SAO,2026-10-01,LATAM,15:50,0,1,2026-10-01 15:42,3835,3835,2026-10-01 15:42,0.1,3835,3835,0.0,0.0,1
BHZ,SAO,2026-10-02,Azul,18:35,0,11,2026-10-01 15:42,2084,2084,2026-10-01 15:42,26.9,2084,2084,0.0,0.0,11
BHZ,SAO,2026-10-02,Azul,06:15,0,6,2026-10-01 15:42,2420,2420,2026-10-01 15:42,14.6,2420,2952,0.0,0.0,5
BHZ,SAO,2026-10-02,Azul,11:55,0,6,2026-10-01 15:42,2084,2084,2026-10-01 15:42,20.2,2084,2137,0.0,0.0,6
BHZ,SAO,2026-10-02,Azul,07:50,0,6,2026-10-01 15:42,2084,2084,2026-10-01 15:42,16.1,2084,2137,0.0,0.0,6
BSB,SAO,2026-10-01,Gol,19:35,0,4,2026-10-01 15:42,3322,3322,2026-10-01 15:42,3.9,3322,3322,0.0,0.0,4
BSB,SAO,2026-10-01,LATAM,18:05,0,3,2026-10-01 15:42,2675,2675,2026-10-01 15:42,2.4,2675,3834,0.0,0.0,2
BSB,SAO,2026-10-01,Gol,21:05,0,4,2026-10-01 15:42,3093,3093,2026-10-01 15:42,5.4,3093,3093,0.0,0.0,4
BSB,SAO,2026-10-01,Gol,17:25,0,1,2026-10-01 15:42,3016,3016,2026-10-01 15:42,1.7,3016,3016,0.0,0.0,1
BSB,SAO,2026-10-01,LATAM,16:45,0,1,2026-10-01 15:42,2675,2675,2026-10-01 15:42,1.1,2675,2675,0.0,0.0,1
BSB,SAO,2026-10-01,LATAM,19:20,0,4,2026-10-01 15:42,2675,2675,2026-10-01 15:42,3.6,2675,3016,0.0,0.0,2
BSB,SAO,2026-10-01,LATAM,18:40,0,4,2026-10-01 15:42,2675,2675,2026-10-01 15:42,3.0,2675,3834,0.0,0.0,2
BSB,SAO,2026-10-01,LATAM,20:40,0,4,2026-10-01 15:42,1420,1420,2026-10-01 15:42,5.0,1420,1420,0.0,0.0,4
BSB,SAO,2026-10-01,LATAM,17:30,0,2,2026-10-01 15:42,2675,2675,2026-10-01 15:42,1.8,2675,3834,0.0,0.0,1
BSB,SAO,2026-10-01,LATAM,19:10,0,4,2026-10-01 15:42,3093,3093,2026-10-01 15:42,3.5,3093,3834,0.0,0.0,3
BSB,SAO,2026-10-01,Azul,19:20,0,2,2026-10-01 15:42,3086,3086,2026-10-01 15:42,3.6,3086,3086,0.0,0.0,2
SSA,SAO,2026-10-01,LATAM,17:25,0,2,2026-10-01 15:42,1016,1016,2026-10-01 15:42,1.7,1016,3855,0.0,0.0,1
SSA,SAO,2026-10-01,LATAM,18:35,0,4,2026-10-01 15:42,1003,1003,2026-10-01 15:42,2.9,1003,3855,0.0,0.0,2
SSA,SAO,2026-10-01,Gol,18:20,0,1,2026-10-01 15:42,1006,1006,2026-10-01 15:42,2.6,1006,1006,0.0,0.0,1
SSA,SAO,2026-10-01,Gol,20:20,0,4,2026-10-01 15:42,1116,1116,2026-10-01 15:42,4.6,1116,1116,0.0,0.0,4
SSA,SAO,2026-10-01,Azul,19:50,0,3,2026-10-01 15:42,2898,2898,2026-10-01 15:42,4.1,2898,2898,0.0,0.0,3
SSA,SAO,2026-10-01,LATAM,21:25,0,4,2026-10-01 15:42,1003,1003,2026-10-01 15:42,5.7,1003,1003,0.0,0.0,4
SSA,SAO,2026-10-01,LATAM,15:50,0,1,2026-10-01 15:42,3855,3855,2026-10-01 15:42,0.1,3855,3855,0.0,0.0,1
SSA,SAO,2026-10-01,LATAM,18:25,2,3,2026-10-01 15:42,1981,1981,2026-10-01 15:42,2.7,1981,3855,0.0,0.0,2
SSA,SAO,2026-10-01,Gol,18:25,0,1,2026-10-01 15:42,3279,3279,2026-10-01 15:42,2.7,3279,3279,0.0,0.0,1
SSA,SAO,2026-10-01,LATAM,18:20,0,4,2026-10-01 15:42,1016,1016,2026-10-01 15:42,2.6,1016,3855,0.0,0.0,2
REC,SAO,2026-10-01,Azul,18:10,0,1,2026-10-01 15:42,3255,3255,2026-10-01 15:42,2.5,3255,3255,0.0,0.0,1
REC,SAO,2026-10-03,Azul,08:15,0,26,2026-10-01 15:42,767,767,2026-10-01 15:42,40.5,2902,2902,0.0,-2.784,3
REC,SAO,2026-10-03,Azul,12:35,0,30,2026-10-01 15:42,2565,2565,2026-10-01 15:42,44.9,2957,2957,0.0,-0.153,6
REC,SAO,2026-10-03,LATAM,03:50,0,23,2026-10-01 15:42,653,653,2026-10-01 15:42,36.1,653,1294,0.0,0.0,6
REC,SAO,2026-10-03,Azul,03:15,0,21,2026-10-01 15:42,767,767,2026-10-01 15:42,35.5,1079,1183,0.0,-0.407,5
REC,SAO,2026-10-03,Azul,08:55,0,27,2026-10-01 15:42,3479,3479,2026-10-01 15:42,41.2,3911,3911,0.0,-0.124,6
REC,SAO,2026-10-03,Azul,18:30,0,36,2026-10-01 15:42,3543,3543,2026-10-01 22:03,44.5,3947,3947,0.0,-0.114,2
REC,SAO,2026-10-03,Azul,17:20,0,35,2026-10-01 15:42,3511,3511,2026-10-01 17:55,47.4,3840,3840,0.0,-0.094,33
REC,SAO,2026-10-03,Azul,17:35,0,35,2026-10-01 15:42,767,767,2026-10-01 17:55,47.7,886,886,0.0,-0.155,3
REC,SAO,2026-10-03,Azul,18:40,0,37,2026-10-01 15:42,2565,2565,2026-10-01 22:03,44.6,2957,2957,0.0,-0.153,2
REC,SAO,2026-10-03,Azul,18:20,0,36,2026-10-01 15:42,767,767,2026-10-01 22:03,44.3,886,886,0.0,-0.155,1
FOR,SAO,2026-10-01,LATAM,23:00,1,4,2026-10-01 15:42,3859,3859,2026-10-01 15:42,7.3,3859,3859,0.0,0.0,4
FOR,SAO,2026-10-01,Azul,20:35,1,4,2026-10-01 15:42,3514,3514,2026-10-01 15:42,4.9,3514,3514,0.0,0.0,4
CGB,SAO,2026-10-01,LATAM,17:05,1,3,2026-10-01 15:42,2136,2136,2026-10-01 15:42,1.4,2136,3848,0.0,0.0,2
GYN,SAO,2026-10-02,Gol,17:50,1,2,2026-10-01 15:42,1403,1403,2026-10-01 15:42,26.1,,1403,0.0,,2
RIO,FLN,2026-10-01,LATAM,19:15,1,4,2026-10-01 15:42,2688,2688,2026-10-01 15:42,3.5,2688,2688,0.0,0.0,4
RIO,FLN,2026-10-01,Azul,19:20,1,2,2026-10-01 15:42,4463,4463,2026-10-01 15:42,3.6,4463,4463,0.0,0.0,2
RIO,FLN,2026-10-02,Azul,06:10,1,5,2026-10-01 15:42,1026,1026,2026-10-01 15:42,14.5,1026,1066,0.0,0.0,5
RIO,FLN,2026-10-03,Gol,22:15,0,42,2026-10-01 15:42,835,835,2026-10-03 13:55,8.3,835,979,0.0,0.0,6
RIO,FLN,2026-10-03,Gol,12:20,0,32,2026-10-01 15:42,835,835,2026-10-01 15:42,44.6,979,1198,0.0,-0.172,1
RIO,FLN,2026-10-03,Gol,08:15,0,27,2026-10-01 15:42,835,835,2026-10-01 15:42,40.5,1198,1504,0.0,-0.435,1
RIO,FLN,2026-10-03,Gol,11:00,1,22,2026-10-01 15:42,950,950,2026-10-01 15:42,43.3,988,988,0.0,-0.04,22
RIO,FLN,2026-10-03,Azul,11:25,1,30,2026-10-01 15:42,1026,1026,2026-10-01 15:42,43.7,1066,1066,0.0,-0.039,23
POA,FLN,2026-10-01,LATAM,21:50,1,7,2026-10-01 15:42,3546,3546,2026-10-01 15:42,6.1,3546,3608,0.0,0.0,7
BHZ,RIO,2026-10-01,LATAM,17:45,1,2,2026-10-01 15:42,2040,2040,2026-10-01 15:42,2.0,2040,3835,0.0,0.0,1
BHZ,RIO,2026-10-01,Gol,19:10,2,4,2026-10-01 15:42,2040,2040,2026-10-01 15:42,3.5,2040,2040,0.0,0.0,4
BHZ,RIO,2026-10-01,LATAM,15:50,1,1,2026-10-01 15:42,3835,3835,2026-10-01 15:42,0.1,3835,3835,0.0,0.0,1
SAO,FLN,2026-10-01,Gol,18:00,3,2,2026-10-01 16:55,1766,1766,2026-10-01 16:55,1.1,1766,2703,0.0,0.0,1
SAO,FLN,2026-10-02,Aerolineas Argentinas e Gol,15:40,1,1,2026-10-01 16:55,3304,3304,2026-10-01 16:55,22.8,3304,3304,0.0,0.0,1
SAO,POA,2026-10-01,Gol,22:20,2,3,2026-10-01 16:55,1044,1044,2026-10-01 16:55,5.4,1044,1044,0.0,0.0,3
SAO,CWB,2026-10-01,Gol,18:00,1,2,2026-10-01 16:55,3208,3208,2026-10-01 16:55,1.1,3208,3208,0.0,0.0,2
SAO,CWB,2026-10-01,Gol,23:45,2,3,2026-10-01 16:55,874,874,2026-10-01 16:55,6.8,874,874,0.0,0.0,3
SAO,SSA,2026-10-03,Azul,21:55,1,27,2026-10-01 16:55,1369,1369,2026-10-02 03:58,42.0,1369,1369,0.0,0.0,24
SAO,REC,2026-10-01,Gol,19:10,1,2,2026-10-01 16:55,2457,2457,2026-10-01 16:55,2.2,2457,2457,0.0,0.0,2
SAO,REC,2026-10-01,Gol,23:45,1,3,2026-10-01 16:55,2478,2478,2026-10-01 16:55,6.8,2478,2478,0.0,0.0,3
SAO,REC,2026-10-01,Gol,18:20,1,1,2026-10-01 16:55,2701,2701,2026-10-01 16:55,1.4,2701,2701,0.0,0.0,1
SAO,FOR,2026-10-01,Gol,23:55,2,3,2026-10-01 16:55,3119,3119,2026-10-01 16:55,7.0,3119,3119,0.0,0.0,3
SAO,FOR,2026-10-01,Gol,19:10,1,1,2026-10-01 16:55,3055,3055,2026-10-01 16:55,2.2,3055,3055,0.0,0.0,1
SAO,FOR,2026-10-01,Azul,23:05,0,3,2026-10-01 16:55,4434,4434,2026-10-01 16:55,6.2,4434,4434,0.0,0.0,3
SAO,FOR,2026-10-01,Azul,21:55,1,3,2026-10-01 16:55,3488,3488,2026-10-01 16:55,5.0,3488,3488,0.0,0.0,3
SAO,GYN,2026-10-01,Gol,18:00,3,1,2026-10-01 16:55,1386,1386,2026-10-01 16:55,1.1,1386,1386,0.0,0.0,1
SAO,GYN,2026-10-02,LATAM,05:40,1,5,2026-10-01 16:55,2003,2003,2026-10-01 16:55,12.8,2003,2003,0.0,0.0,5
FLN,RIO,2026-10-01,Gol,18:55,2,3,2026-10-01 16:55,1667,1667,2026-10-01 16:55,2.0,1667,1667,0.0,0.0,3
FLN,RIO,2026-10-02,Azul,08:15,1,4,2026-10-01 16:55,1017,1017,2026-10-01 16:55,15.3,1017,1058,0.0,0.0,4
FLN,RIO,2026-10-02,Azul,12:05,1,3,2026-10-01 16:55,1017,1017,2026-10-01 16:55,19.2,1017,1017,0.0,0.0,3
FLN,RIO,2026-10-03,Azul,05:35,1,9,2026-10-01 16:55,1017,1017,2026-10-01 16:55,36.7,1058,1357,0.0,-0.04,5
RIO,BHZ,2026-10-01,Gol,23:55,2,3,2026-10-01 16:55,2858,2858,2026-10-01 16:55,7.0,2858,2858,0.0,0.0,3
RIO,BHZ,2026-10-01,LATAM,22:15,1,3,2026-10-01 16:55,3836,3836,2026-10-01 16:55,5.3,3836,3836,0.0,0.0,3
RIO,BHZ,2026-10-01,LATAM,20:10,1,3,2026-10-01 16:55,2067,2067,2026-10-01 16:55,3.2,2067,2067,0.0,0.0,3
RIO,BHZ,2026-10-01,Gol,23:00,2,3,2026-10-01 16:55,2858,2858,2026-10-01 16:55,6.1,2858,2858,0.0,0.0,3
RIO,BHZ,2026-10-01,LATAM,19:50,1,3,2026-10-01 16:55,2067,2067,2026-10-01 16:55,2.9,2067,2067,0.0,0.0,3
RIO,SAO,2026-10-01,Aerolineas Argentinas,21:15,1,1,2026-10-01 16:55,2527,2527,2026-10-01 16:55,4.3,2527,2527,0.0,0.0,1
CWB,SAO,2026-10-01,Gol,19:30,3,3,2026-10-01 16:55,3223,3223,2026-10-01 16:55,2.6,3223,3223,0.0,0.0,3
CWB,SAO,2026-10-02,Azul,11:20,0,3,2026-10-01 16:55,4242,4242,2026-10-01 16:55,18.4,4242,4242,0.0,0.0,3
CWB,SAO,2026-10-02,Azul,08:00,0,4,2026-10-01 16:55,4062,4062,2026-10-01 16:55,15.1,4062,4062,0.0,0.0,4
SSA,SAO,2026-10-01,Gol,23:40,1,3,2026-10-01 16:55,3284,3284,2026-10-01 16:55,6.8,3284,3284,0.0,0.0,3
REC,SAO,2026-10-02,LATAM,18:30,2,10,2026-10-01 16:55,1067,1067,2026-10-01 16:55,25.6,1067,3860,0.0,0.0,9
REC,SAO,2026-10-03,Azul,10:00,0,27,2026-10-01 16:55,3255,3255,2026-10-01 16:55,41.1,3626,3626,0.0,-0.114,5
CGB,SAO,2026-10-01,Gol,17:20,1,3,2026-10-01 16:55,1314,1314,2026-10-01 16:55,0.4,1314,1314,0.0,0.0,3
RIO,FLN,2026-10-01,Gol,23:00,2,3,2026-10-01 16:55,2688,2688,2026-10-01 16:55,6.1,2688,2688,0.0,0.0,3
RIO,FLN,2026-10-01,LATAM,20:40,1,3,2026-10-01 16:55,1379,1379,2026-10-01 16:55,3.8,1379,1379,0.0,0.0,3
RIO,FLN,2026-10-01,Gol,18:25,1,3,2026-10-01 16:55,2688,2688,2026-10-01 16:55,1.5,2688,2688,0.0,0.0,3
RIO,FLN,2026-10-02,Azul,19:20,1,9,2026-10-01 16:55,1026,1026,2026-10-01 16:55,26.4,1066,1365,0.0,-0.039,4
RIO,FLN,2026-10-03,Azul,06:10,1,8,2026-10-01 16:55,1026,1026,2026-10-01 16:55,37.2,1066,1066,0.0,-0.039,8
RIO,FLN,2026-10-03,Azul,07:50,1,18,2026-10-01 16:55,1026,1026,2026-10-01 16:55,38.9,1066,1066,0.0,-0.039,18
POA,FLN,2026-10-01,Aerolineas Argentinas e Gol,21:05,2,1,2026-10-01 16:55,3504,3504,2026-10-01 16:55,4.2,3504,3504,0.0,0.0,1
POA,FLN,2026-10-01,Aerolineas Argentinas e LATAM,21:05,2,1,2026-10-01 16:55,3643,3643,2026-10-01 16:55,4.2,3643,3643,0.0,0.0,1
BHZ,RIO,2026-10-01,LATAM,18:00,1,2,2026-10-01 16:55,2040,2040,2026-10-01 16:55,1.1,2040,3835,0.0,0.0,1
BHZ,RIO,2026-10-01,LATAM,18:05,1,1,2026-10-01 16:55,2040,2040,2026-10-01 16:55,1.2,2040,2040,0.0,0.0,1
SAO,FLN,2026-10-01,Gol,23:45,2,2,2026-10-01 17:55,3729,3729,2026-10-01 17:55,5.8,3729,3729,0.0,0.0,2
SAO,FLN,2026-10-03,Gol,09:40,1,2,2026-10-01 17:55,3744,3744,2026-10-01 17:55,39.8,,3744,0.0,,2
SAO,CWB,2026-10-01,Gol,20:50,2,2,2026-10-01 17:55,900,900,2026-10-01 17:55,2.9,900,900,0.0,0.0,2
SAO,REC,2026-10-01,Gol,20:50,2,2,2026-10-01 17:55,2457,2457,2026-10-01 17:55,2.9,2457,2457,0.0,0.0,2
SAO,FOR,2026-10-01,Gol,20:50,2,2,2026-10-01 17:55,3055,3055,2026-10-01 17:55,2.9,3055,3055,0.0,0.0,2
SAO,FOR,2026-10-02,Azul,13:25,1,4,2026-10-01 17:55,3488,3488,2026-10-01 17:55,19.5,3488,3488,0.0,0.0,4
SAO,GYN,2026-10-01,Gol,23:55,2,2,2026-10-01 17:55,1193,1193,2026-10-01 17:55,6.0,1193,1193,0.0,0.0,2
RIO,BHZ,2026-10-01,LATAM,22:25,1,2,2026-10-01 17:55,3949,3949,2026-10-01 17:55,4.5,3949,3949,0.0,0.0,2
FLN,SAO,2026-10-03,Gol e Aerolineas Argentinas,12:00,2,1,2026-10-01 17:55,3696,3696,2026-10-01 17:55,42.1,,3696,0.0,,1
CWB,SAO,2026-10-01,Gol,19:30,1,2,2026-10-01 17:55,887,887,2026-10-01 17:55,1.6,887,887,0.0,0.0,2
SSA,SAO,2026-10-01,Gol,19:50,2,2,2026-10-01 17:55,3420,3420,2026-10-01 17:55,1.9,3420,3420,0.0,0.0,2
REC,SAO,2026-10-01,LATAM,18:30,1,2,2026-10-01 17:55,3860,3860,2026-10-01 17:55,0.6,3860,3860,0.0,0.0,2
FOR,SAO,2026-10-01,LATAM,21:25,2,2,2026-10-01 17:55,3859,3859,2026-10-01 17:55,3.5,3859,3859,0.0,0.0,2
FOR,SAO,2026-10-02,Azul,10:20,1,3,2026-10-01 17:55,3044,3044,2026-10-01 17:55,16.4,3044,3044,0.0,0.0,3
GYN,SAO,2026-10-02,LATAM,06:10,1,4,2026-10-01 17:55,1428,1428,2026-10-01 17:55,12.2,1428,1439,0.0,0.0,4
RIO,FLN,2026-10-01,Gol,23:55,2,2,2026-10-01 17:55,2688,2688,2026-10-01 17:55,6.0,2688,2688,0.0,0.0,2
CWB,FLN,2026-10-02,Aerolineas Argentinas e Gol,12:00,2,1,2026-10-01 17:55,3596,3596,2026-10-01 17:55,18.1,3596,3596,0.0,0.0,1
BHZ,RIO,2026-10-01,LATAM,20:25,1,2,2026-10-01 17:55,2040,2040,2026-10-01 17:55,2.5,2040,2040,0.0,0.0,2
BHZ,RIO,2026-10-01,Gol,18:50,1,2,2026-10-01 17:55,3146,3146,2026-10-01 17:55,0.9,3146,3146,0.0,0.0,2
SAO,FLN,2026-10-01,LATAM,23:50,2,1,2026-10-01 18:18,3836,3836,2026-10-01 18:18,5.5,3836,3836,0.0,0.0,1
SAO,SSA,2026-10-01,Gol,23:55,2,1,2026-10-01 18:18,3264,3264,2026-10-01 18:18,5.6,3264,3264,0.0,0.0,1
BSB,SAO,2026-10-01,LATAM e Aerolineas Argentinas,20:35,2,1,2026-10-01 18:18,2691,2691,2026-10-01 18:18,2.3,2691,2691,0.0,0.0,1
BSB,SAO,2026-10-01,LATAM,21:40,1,1,2026-10-01 18:18,3835,3835,2026-10-01 18:18,3.4,3835,3835,0.0,0.0,1
SSA,SAO,2026-10-01,Azul,19:45,1,1,2026-10-01 18:18,4453,4453,2026-10-01 18:18,1.4,4453,4453,0.0,0.0,1
GYN,SAO,2026-10-01,Gol,18:35,3,1,2026-10-01 18:18,2825,2825,2026-10-01 18:18,0.3,2825,2825,0.0,0.0,1
BHZ,RIO,2026-10-01,LATAM,19:50,1,1,2026-10-01 18:18,3835,3835,2026-10-01 18:18,1.5,3835,3835,0.0,0.0,1
SAO,FLN,2026-10-02,Gol,18:00,1,1,2026-10-01 22:03,3744,3744,2026-10-01 22:03,19.9,3744,3744,0.0,0.0,1
SAO,FLN,2026-10-03,Aerolineas Argentinas e Gol,16:00,1,1,2026-10-01 22:03,3915,3915,2026-10-01 22:03,42.0,,3915,0.0,,1
SAO,FLN,2026-10-03,Gol,13:00,1,1,2026-10-01 22:03,1298,1298,2026-10-01 22:03,39.0,,1298,0.0,,1
SAO,POA,2026-10-02,Gol,23:00,2,1,2026-10-01 22:03,1018,1018,2026-10-01 22:03,24.9,,1018,0.0,,1
SAO,POA,2026-10-02,Gol,23:10,2,1,2026-10-01 22:03,1018,1018,2026-10-01 22:03,25.1,,1018,0.0,,1
SAO,POA,2026-10-02,Gol,04:35,1,1,2026-10-01 22:03,1018,1018,2026-10-01 22:03,6.5,1018,1018,0.0,0.0,1
SAO,CWB,2026-10-02,LATAM,11:45,1,3,2026-10-01 22:03,2121,2121,2026-10-01 22:03,13.7,2121,2234,0.0,0.0,3
SAO,FOR,2026-10-02,Gol,14:10,0,2,2026-10-01 22:03,3754,3754,2026-10-01 22:03,16.1,3754,3950,0.0,0.0,2
SAO,FOR,2026-10-02,Gol,11:25,2,1,2026-10-01 22:03,2400,2400,2026-10-01 22:03,13.4,2400,2400,0.0,0.0,1
SAO,FOR,2026-10-02,Gol,16:45,1,1,2026-10-01 22:03,1698,1698,2026-10-01 22:03,18.7,1698,1698,0.0,0.0,1
SAO,GYN,2026-10-03,Gol,19:25,1,1,2026-10-01 22:03,1318,1318,2026-10-01 22:03,45.4,,1318,0.0,,1
FLN,CWB,2026-10-02,Gol,18:55,1,9,2026-10-01 22:03,3309,3309,2026-10-01 22:03,20.9,3309,3480,0.0,0.0,9
RIO,BHZ,2026-10-02,LATAM,17:45,1,5,2026-10-01 22:03,2067,2067,2026-10-01 22:03,19.7,2067,2067,0.0,0.0,5
RIO,BHZ,2026-10-03,Gol,15:30,2,1,2026-10-01 22:03,849,849,2026-10-01 22:03,41.5,,849,0.0,,1
FLN,SAO,2026-10-02,Gol,18:20,1,4,2026-10-01 22:03,1514,1514,2026-10-01 22:03,20.3,1514,1631,0.0,0.0,3
POA,SAO,2026-10-03,Gol,19:40,2,7,2026-10-01 22:03,1045,1045,2026-10-01 22:03,45.6,3328,3354,0.0,-2.185,1
POA,SAO,2026-10-03,Gol,06:00,1,1,2026-10-01 22:03,1045,1045,2026-10-01 22:03,31.9,,1045,0.0,,1
RIO,FLN,2026-10-03,Gol,15:00,1,3,2026-10-01 22:03,942,942,2026-10-01 22:03,41.0,,988,0.0,,3
POA,FLN,2026-10-03,Gol,07:55,1,23,2026-10-01 22:03,1498,1498,2026-10-01 22:03,33.9,1573,1573,0.0,-0.05,23
SAO,FLN,2026-10-02,Aerolineas Argentinas e Gol,07:00,1,1,2026-10-02 03:58,3206,3206,2026-10-02 03:58,3.0,3206,3206,0.0,0.0,1
SAO,FLN,2026-10-03,Aerolineas Argentinas e Gol,10:20,1,1,2026-10-02 03:58,3321,3321,2026-10-02 03:58,30.4,,3321,0.0,,1
SAO,FLN,2026-10-04,Azul,22:40,0,63,2026-10-02 03:58,4434,4434,2026-10-02 22:54,47.8,4434,4434,0.0,0.0,49
SAO,FLN,2026-10-04,Azul,13:20,0,51,2026-10-02 03:58,3053,3053,2026-10-02 13:55,47.4,3053,3053,0.0,0.0,29
SAO,FLN,2026-10-04,Azul,18:05,0,57,2026-10-02 03:58,3053,3053,2026-10-02 18:55,47.2,3053,3053,0.0,0.0,49
SAO,RIO,2026-10-02,Aerolineas Argentinas,07:00,1,1,2026-10-02 03:58,2722,2722,2026-10-02 03:58,3.0,2722,2722,0.0,0.0,1
SAO,RIO,2026-10-03,Aerolineas Argentinas,16:00,1,1,2026-10-02 03:58,2498,2498,2026-10-02 03:58,36.0,,2498,0.0,,1
SAO,RIO,2026-10-04,Azul,20:40,0,57,2026-10-02 03:58,3298,3298,2026-10-02 20:58,47.7,3298,3298,0.0,0.0,46
SAO,RIO,2026-10-04,Gol,19:40,0,61,2026-10-02 03:58,773,773,2026-10-02 19:55,47.8,809,809,0.0,-0.047,52
SAO,RIO,2026-10-04,Azul,10:55,0,51,2026-10-02 03:58,3298,3298,2026-10-02 12:33,46.4,3298,3298,0.0,0.0,49
SAO,RIO,2026-10-04,Gol,14:50,0,54,2026-10-02 03:58,773,773,2026-10-02 14:55,47.9,809,809,0.0,-0.047,50
SAO,RIO,2026-10-04,Azul,23:20,0,65,2026-10-02 03:58,863,863,2026-10-03 06:54,40.4,863,863,0.0,0.0,37
SAO,RIO,2026-10-04,Azul,18:55,0,58,2026-10-02 03:58,863,863,2026-10-02 19:55,47.0,863,863,0.0,0.0,38
SAO,RIO,2026-10-04,Azul,13:35,0,52,2026-10-02 03:58,3298,3298,2026-10-02 13:55,47.7,3298,3298,0.0,0.0,49
SAO,RIO,2026-10-04,Azul,12:15,0,51,2026-10-02 03:58,3298,3298,2026-10-02 12:33,47.7,3298,3298,0.0,0.0,49
SAO,POA,2026-10-03,Gol,18:00,1,15,2026-10-02 03:58,1212,1212,2026-10-02 03:58,38.0,1234,1234,0.0,-0.018,15
SAO,POA,2026-10-03,LATAM,05:40,1,4,2026-10-02 03:58,1234,1234,2026-10-02 03:58,25.7,1234,1234,0.0,0.0,4
SAO,POA,2026-10-04,Azul,08:05,0,37,2026-10-02 03:58,4434,4434,2026-10-02 10:48,45.3,4434,4434,0.0,0.0,36
SAO,CWB,2026-10-04,Azul,09:10,0,48,2026-10-02 03:58,3578,3578,2026-10-02 10:48,46.4,3578,3578,0.0,0.0,47
SAO,CWB,2026-10-04,Azul,14:20,0,52,2026-10-02 03:58,1039,1039,2026-10-02 14:55,47.4,3118,3118,0.0,-2.001,2
SAO,CWB,2026-10-04,Azul,23:15,0,61,2026-10-02 03:58,3645,3645,2026-10-02 23:18,48.0,3645,3645,0.0,0.0,46
SAO,CWB,2026-10-04,Azul,21:05,0,60,2026-10-02 03:58,2375,2375,2026-10-02 21:35,47.5,2375,2375,0.0,0.0,48
SAO,CWB,2026-10-04,Azul,19:15,0,58,2026-10-02 03:58,3645,3645,2026-10-02 19:55,47.3,3645,3645,0.0,0.0,49
SAO,BHZ,2026-10-02,Gol,11:25,1,1,2026-10-02 03:58,619,619,2026-10-02 03:58,7.5,619,619,0.0,0.0,1
SAO,BHZ,2026-10-04,Azul,19:50,0,60,2026-10-02 03:58,2037,2037,2026-10-02 19:55,47.9,2037,2037,0.0,0.0,51
SAO,BHZ,2026-10-04,Azul,10:25,0,36,2026-10-02 03:58,3042,3042,2026-10-02 10:48,47.6,3042,3042,0.0,0.0,35
SAO,BHZ,2026-10-04,Gol,22:15,0,64,2026-10-02 03:58,703,703,2026-10-02 22:54,47.4,744,901,0.0,-0.058,17
SAO,SSA,2026-10-04,Gol,12:55,0,52,2026-10-02 03:58,487,487,2026-10-02 13:55,47.0,881,2064,0.0,-0.809,5
SAO,SSA,2026-10-04,LATAM,09:50,0,51,2026-10-02 03:58,983,983,2026-10-02 10:48,47.0,990,3455,0.0,-0.007,34
SAO,SSA,2026-10-04,Azul,17:15,1,13,2026-10-02 03:58,1369,1369,2026-10-03 00:55,40.3,1369,1369,0.0,0.0,12
SAO,REC,2026-10-02,Gol,14:00,2,1,2026-10-02 03:58,1148,1148,2026-10-02 03:58,10.0,1148,1148,0.0,0.0,1
SAO,REC,2026-10-02,Gol,16:45,1,1,2026-10-02 03:58,1584,1584,2026-10-02 03:58,12.8,1584,1584,0.0,0.0,1
SAO,REC,2026-10-04,Azul,20:20,0,62,2026-10-02 03:58,603,603,2026-10-02 20:58,47.4,603,603,0.0,0.0,39
SAO,REC,2026-10-04,Azul,17:15,0,58,2026-10-02 03:58,603,603,2026-10-02 17:56,47.3,603,603,0.0,0.0,39
SAO,REC,2026-10-04,LATAM,09:35,0,52,2026-10-02 03:58,2540,2540,2026-10-02 10:48,46.8,2766,3598,0.0,-0.089,28
SAO,REC,2026-10-04,Gol,13:05,1,24,2026-10-02 03:58,1120,1120,2026-10-02 13:55,47.2,,1148,0.0,,21
SAO,FOR,2026-10-04,Azul,19:20,1,28,2026-10-02 03:58,1314,1314,2026-10-02 19:55,47.4,,1314,0.0,,26
SAO,FOR,2026-10-04,Gol,17:00,0,57,2026-10-02 03:58,1020,1020,2026-10-02 17:56,47.1,2905,2905,0.0,-1.848,19
SAO,FOR,2026-10-04,LATAM,07:45,0,48,2026-10-02 03:58,1785,1785,2026-10-02 10:48,45.0,3452,3452,0.0,-0.934,1
SAO,CGB,2026-10-04,Gol,23:45,0,63,2026-10-02 03:58,278,278,2026-10-03 00:55,46.8,278,278,0.0,0.0,47
SAO,CGB,2026-10-04,LATAM,05:40,1,24,2026-10-02 03:58,1918,1918,2026-10-02 10:48,42.9,2266,2266,0.0,-0.181,1
SAO,CGB,2026-10-04,Azul,23:55,0,63,2026-10-02 03:58,503,503,2026-10-03 06:54,41.0,503,503,0.0,0.0,35
SAO,CGB,2026-10-04,Azul,21:25,0,60,2026-10-02 03:58,563,563,2026-10-02 21:35,47.8,563,563,0.0,0.0,36
SAO,CGB,2026-10-04,Azul,23:45,0,63,2026-10-02 03:58,3084,3084,2026-10-03 00:55,46.8,3084,3084,0.0,0.0,47
SAO,GYN,2026-10-03,LATAM,05:40,1,8,2026-10-02 03:58,1411,1411,2026-10-02 03:58,25.7,1411,2003,0.0,0.0,3
SAO,GYN,2026-10-04,Azul,21:30,0,62,2026-10-02 03:58,2770,2770,2026-10-02 21:35,47.9,2770,2770,0.0,0.0,50
SAO,GYN,2026-10-04,Azul,22:35,0,64,2026-10-02 03:58,2770,2770,2026-10-02 22:54,47.7,2770,2770,0.0,0.0,50
SAO,GYN,2026-10-04,Azul,17:50,0,57,2026-10-02 03:58,2823,2823,2026-10-02 17:56,47.9,2823,2823,0.0,0.0,50
SAO,GYN,2026-10-04,Azul,08:15,0,47,2026-10-02 03:58,2770,2770,2026-10-02 10:48,45.5,2770,2770,0.0,0.0,46
SAO,GYN,2026-10-04,LATAM,05:40,1,7,2026-10-02 03:58,2003,2003,2026-10-02 10:48,42.9,,2003,0.0,,6
FLN,RIO,2026-10-02,Azul,05:45,1,1,2026-10-02 03:58,1825,1825,2026-10-02 03:58,1.8,1825,1825,0.0,0.0,1
FLN,POA,2026-10-02,LATAM,15:15,1,5,2026-10-02 03:58,3540,3540,2026-10-02 03:58,11.3,3540,3856,0.0,0.0,5
FLN,POA,2026-10-04,Gol e Aerolineas Argentinas,06:05,2,7,2026-10-02 03:58,3352,3352,2026-10-02 12:33,41.5,3362,3362,0.0,-0.003,6
FLN,CWB,2026-10-04,Gol,05:35,2,14,2026-10-02 03:58,922,922,2026-10-02 10:48,42.8,,922,0.0,,13
RIO,BHZ,2026-10-04,Azul,20:55,0,61,2026-10-02 03:58,797,797,2026-10-02 20:58,48.0,797,3220,0.0,0.0,33
RIO,BHZ,2026-10-04,Gol,11:55,0,50,2026-10-02 03:58,829,829,2026-10-02 12:33,47.4,2372,2372,0.0,-1.861,22
RIO,BHZ,2026-10-04,Azul,20:45,0,61,2026-10-02 03:58,3437,3437,2026-10-02 20:58,47.8,3437,3437,0.0,0.0,50
FLN,SAO,2026-10-03,Gol e Aerolineas Argentinas,17:10,2,1,2026-10-02 03:58,3558,3558,2026-10-02 03:58,37.2,,3558,0.0,,1
RIO,SAO,2026-10-02,Aerolineas Argentinas,19:15,1,1,2026-10-02 03:58,2394,2394,2026-10-02 03:58,15.3,2394,2394,0.0,0.0,1
RIO,SAO,2026-10-03,Aerolineas Argentinas,14:15,1,1,2026-10-02 03:58,2248,2248,2026-10-02 03:58,34.3,,2248,0.0,,1
RIO,SAO,2026-10-04,Azul,20:40,0,59,2026-10-02 03:58,3060,3060,2026-10-02 20:58,47.7,3060,3060,0.0,0.0,49
RIO,SAO,2026-10-04,Gol,22:35,0,63,2026-10-02 03:58,834,834,2026-10-02 22:54,47.7,839,881,0.0,-0.006,50
RIO,SAO,2026-10-04,Azul,17:00,0,55,2026-10-02 03:58,3060,3060,2026-10-02 17:56,47.1,3060,3060,0.0,0.0,48
RIO,SAO,2026-10-04,Azul,14:50,0,51,2026-10-02 03:58,3298,3298,2026-10-02 14:55,47.9,3298,3298,0.0,0.0,47
RIO,SAO,2026-10-04,Gol,13:30,0,51,2026-10-02 03:58,911,911,2026-10-02 13:55,47.6,943,943,0.0,-0.035,35
POA,SAO,2026-10-02,LATAM,11:00,2,1,2026-10-02 03:58,1263,1263,2026-10-02 03:58,7.0,1263,1263,0.0,0.0,1
POA,SAO,2026-10-02,LATAM,11:00,1,1,2026-10-02 03:58,1263,1263,2026-10-02 03:58,7.0,1263,1263,0.0,0.0,1
POA,SAO,2026-10-03,Gol,17:25,3,4,2026-10-02 03:58,1241,1241,2026-10-02 03:58,37.5,,1263,0.0,,4
POA,SAO,2026-10-04,Azul,20:30,0,33,2026-10-02 03:58,4063,4063,2026-10-02 20:58,47.5,4063,4063,0.0,0.0,22
POA,SAO,2026-10-04,Gol,05:30,1,26,2026-10-02 03:58,789,789,2026-10-02 10:48,42.7,789,789,0.0,0.0,25
CWB,SAO,2026-10-02,LATAM,05:25,1,1,2026-10-02 03:58,2136,2136,2026-10-02 03:58,1.4,2136,2136,0.0,0.0,1
CWB,SAO,2026-10-04,Gol,19:45,0,61,2026-10-02 03:58,1025,1025,2026-10-02 19:55,47.8,1071,1125,0.0,-0.045,52
CWB,SAO,2026-10-04,Azul,06:10,0,45,2026-10-02 03:58,3393,3393,2026-10-02 10:48,43.4,3393,3393,0.0,0.0,44
CWB,SAO,2026-10-04,Azul,17:30,0,56,2026-10-02 03:58,3527,3527,2026-10-02 17:56,47.6,3527,3527,0.0,0.0,49
CWB,SAO,2026-10-04,Azul,20:55,0,61,2026-10-02 03:58,3527,3527,2026-10-02 20:58,48.0,3527,3527,0.0,0.0,50
BHZ,SAO,2026-10-02,Azul,09:55,0,1,2026-10-02 03:58,3419,3419,2026-10-02 03:58,6.0,3419,3419,0.0,0.0,1
BHZ,SAO,2026-10-04,Azul,21:35,0,63,2026-10-02 03:58,2285,2285,2026-10-02 21:35,48.0,2285,2285,0.0,0.0,39
BHZ,SAO,2026-10-04,Azul,18:05,0,58,2026-10-02 03:58,2285,2285,2026-10-02 18:55,47.2,2285,2285,0.0,0.0,38
BHZ,SAO,2026-10-04,Azul,19:15,0,60,2026-10-02 03:58,2010,2010,2026-10-02 19:55,47.3,2010,2010,0.0,0.0,51
BHZ,SAO,2026-10-04,Gol,15:00,0,51,2026-10-02 03:58,2226,2226,2026-10-02 16:13,46.8,2469,3264,0.0,-0.109,24
BHZ,SAO,2026-10-04,Azul,17:05,0,57,2026-10-02 03:58,2375,2375,2026-10-02 17:56,47.1,2375,2375,0.0,0.0,38
BHZ,SAO,2026-10-04,Azul,22:05,0,64,2026-10-02 03:58,2240,2240,2026-10-02 22:54,47.2,2240,2240,0.0,0.0,38
BHZ,SAO,2026-10-04,Azul,14:05,0,53,2026-10-02 03:58,2375,2375,2026-10-02 14:55,47.2,2375,2375,0.0,0.0,37
BHZ,SAO,2026-10-04,Azul,15:50,0,56,2026-10-02 03:58,2398,2398,2026-10-02 16:13,47.6,2398,2398,0.0,0.0,39
BHZ,SAO,2026-10-04,Azul,20:10,0,61,2026-10-02 03:58,2285,2285,2026-10-02 20:13,48.0,2285,2285,0.0,0.0,39
BHZ,SAO,2026-10-04,Azul,17:25,0,57,2026-10-02 03:58,2010,2010,2026-10-02 17:56,47.5,2010,2010,0.0,0.0,50
BHZ,SAO,2026-10-04,Azul,13:00,0,52,2026-10-02 03:58,2375,2375,2026-10-02 13:55,47.1,2375,2375,0.0,0.0,37
SSA,SAO,2026-10-03,Azul,10:30,1,9,2026-10-02 03:58,1360,1360,2026-10-02 03:58,30.5,1360,1360,0.0,0.0,9
SSA,SAO,2026-10-04,LATAM,06:00,0,48,2026-10-02 03:58,1003,1003,2026-10-02 10:48,43.2,1010,3475,0.0,-0.007,32
SSA,SAO,2026-10-04,LATAM,03:05,0,45,2026-10-02 03:58,1003,1003,2026-10-02 03:58,47.1,1010,3475,0.0,-0.007,30
REC,SAO,2026-10-04,Azul,18:15,0,57,2026-10-02 03:58,2902,2902,2026-10-02 18:55,47.3,2902,2902,0.0,0.0,49
REC,SAO,2026-10-04,Azul,16:35,0,55,2026-10-02 03:58,2902,2902,2026-10-02 16:57,47.6,2902,2902,0.0,0.0,49
FOR,SAO,2026-10-02,Azul,09:25,1,1,2026-10-02 03:58,3514,3514,2026-10-02 03:58,5.5,3514,3514,0.0,0.0,1
FOR,SAO,2026-10-04,Azul,12:30,0,41,2026-10-02 03:58,1116,1116,2026-10-02 12:33,48.0,1116,1116,0.0,0.0,37
FOR,SAO,2026-10-04,Azul,17:35,0,26,2026-10-02 03:58,3792,3792,2026-10-02 17:56,47.6,3792,3792,0.0,0.0,20
CGB,SAO,2026-10-04,Azul,17:25,0,58,2026-10-02 03:58,3334,3334,2026-10-02 17:56,47.5,3334,3334,0.0,0.0,51
GYN,SAO,2026-10-02,Gol,17:50,2,1,2026-10-02 03:58,910,910,2026-10-02 03:58,13.9,910,910,0.0,0.0,1
GYN,SAO,2026-10-02,Gol,04:10,2,1,2026-10-02 03:58,910,910,2026-10-02 03:58,0.2,910,910,0.0,0.0,1
GYN,SAO,2026-10-04,Azul,20:00,0,60,2026-10-02 03:58,2787,2787,2026-10-02 20:13,47.8,2787,2787,0.0,0.0,51
GYN,SAO,2026-10-04,Azul,10:25,0,50,2026-10-02 03:58,2787,2787,2026-10-02 10:48,47.6,2787,2787,0.0,0.0,49
GYN,SAO,2026-10-04,Azul,06:00,0,45,2026-10-02 03:58,2787,2787,2026-10-02 10:48,43.2,2787,2787,0.0,0.0,44
RIO,FLN,2026-10-02,Azul,13:40,1,1,2026-10-02 03:58,1905,1905,2026-10-02 03:58,9.7,1905,1905,0.0,0.0,1
RIO,FLN,2026-10-04,Gol,15:00,1,57,2026-10-02 03:58,1166,1166,2026-10-02 16:13,46.8,1233,1371,0.0,-0.057,12
POA,FLN,2026-10-03,LATAM,06:40,1,2,2026-10-02 03:58,3546,3546,2026-10-02 03:58,26.7,3546,3546,0.0,0.0,2
POA,FLN,2026-10-04,Gol,07:05,2,2,2026-10-02 03:58,1573,1573,2026-10-02 10:48,44.3,,1573,0.0,,1
CWB,FLN,2026-10-04,Gol,09:50,1,16,2026-10-02 03:58,3472,3472,2026-10-02 10:48,47.0,,3639,0.0,,15
BHZ,RIO,2026-10-02,LATAM,15:25,1,3,2026-10-02 03:58,2040,2040,2026-10-02 03:58,11.4,2040,2040,0.0,0.0,3
BHZ,RIO,2026-10-02,LATAM,13:10,1,2,2026-10-02 03:58,2040,2040,2026-10-02 03:58,9.2,2040,2040,0.0,0.0,2
BHZ,RIO,2026-10-04,LATAM,11:50,1,3,2026-10-02 03:58,2040,2040,2026-10-02 12:33,47.3,,2040,0.0,,1
BHZ,RIO,2026-10-04,Azul,19:10,0,60,2026-10-02 03:58,796,796,2026-10-02 19:55,47.2,796,796,0.0,0.0,39
BHZ,RIO,2026-10-04,Azul,23:30,0,64,2026-10-02 03:58,796,796,2026-10-03 06:54,40.6,796,796,0.0,0.0,36
BHZ,RIO,2026-10-04,Gol,06:05,2,2,2026-10-02 03:58,863,863,2026-10-02 10:48,43.3,,863,0.0,,1
SAO,RIO,2026-10-02,Gol,17:35,0,5,2026-10-02 10:48,3692,3692,2026-10-02 10:48,6.8,3692,3692,0.0,0.0,5
SAO,POA,2026-10-02,Azul,17:10,0,4,2026-10-02 10:48,4094,4094,2026-10-02 10:48,6.4,4094,4094,0.0,0.0,4
SAO,POA,2026-10-02,LATAM,11:45,2,1,2026-10-02 10:48,1234,1234,2026-10-02 10:48,0.9,1234,1234,0.0,0.0,1
SAO,POA,2026-10-02,Azul,16:55,0,4,2026-10-02 10:48,3354,3354,2026-10-02 10:48,6.1,3354,3354,0.0,0.0,4
SAO,POA,2026-10-02,Azul,12:50,0,1,2026-10-02 10:48,4094,4094,2026-10-02 10:48,2.0,4094,4094,0.0,0.0,1
SAO,POA,2026-10-02,Azul,22:35,0,10,2026-10-02 10:48,4094,4094,2026-10-02 10:48,11.8,4094,4094,0.0,0.0,10
SAO,POA,2026-10-02,Azul,16:10,0,3,2026-10-02 10:48,4094,4094,2026-10-02 10:48,5.4,4094,4094,0.0,0.0,3
SAO,POA,2026-10-03,LATAM,11:45,2,10,2026-10-02 10:48,1234,1234,2026-10-02 10:48,24.9,1234,1234,0.0,0.0,10
SAO,SSA,2026-10-02,LATAM,11:45,1,1,2026-10-02 10:48,2272,2272,2026-10-02 10:48,0.9,2272,2272,0.0,0.0,1
SAO,SSA,2026-10-04,Azul,22:40,1,52,2026-10-02 10:48,1343,1343,2026-10-02 22:54,47.8,1343,1343,0.0,0.0,39
SAO,REC,2026-10-03,Azul,16:40,0,25,2026-10-02 10:48,3948,3948,2026-10-02 10:48,29.9,3948,3948,0.0,0.0,25
SAO,FOR,2026-10-02,Azul,22:10,1,4,2026-10-02 10:48,1277,1277,2026-10-02 10:48,11.4,1277,1277,0.0,0.0,4
SAO,FOR,2026-10-02,Gol,18:00,2,2,2026-10-02 10:48,2535,2535,2026-10-02 10:48,7.2,2535,3065,0.0,0.0,1
SAO,FOR,2026-10-02,Azul,23:05,0,11,2026-10-02 10:48,3865,3865,2026-10-02 10:48,12.3,3865,3865,0.0,0.0,11
SAO,FOR,2026-10-03,Gol,10:20,1,2,2026-10-02 10:48,1263,1263,2026-10-02 10:48,23.5,1263,1263,0.0,0.0,2
SAO,GYN,2026-10-02,Azul,12:30,1,1,2026-10-02 10:48,1990,1990,2026-10-02 10:48,1.7,1990,1990,0.0,0.0,1
FLN,RIO,2026-10-02,Gol,21:40,3,7,2026-10-02 10:48,982,982,2026-10-02 10:48,10.9,982,982,0.0,0.0,7
FLN,RIO,2026-10-02,LATAM,20:40,1,9,2026-10-02 10:48,1667,1667,2026-10-02 10:48,9.9,1667,3856,0.0,0.0,6
FLN,POA,2026-10-02,LATAM,16:20,1,2,2026-10-02 10:48,3540,3540,2026-10-02 10:48,5.5,3540,3540,0.0,0.0,2
FLN,CWB,2026-10-02,LATAM,20:20,1,10,2026-10-02 10:48,3824,3824,2026-10-02 10:48,9.5,3824,3856,0.0,0.0,10
FLN,CWB,2026-10-02,LATAM,11:50,1,1,2026-10-02 10:48,3824,3824,2026-10-02 10:48,1.0,3824,3824,0.0,0.0,1
FLN,CWB,2026-10-02,LATAM,15:15,1,4,2026-10-02 10:48,3824,3824,2026-10-02 10:48,4.5,3824,3856,0.0,0.0,4
FLN,CWB,2026-10-02,LATAM,17:05,1,6,2026-10-02 10:48,3824,3824,2026-10-02 10:48,6.3,3824,3856,0.0,0.0,6
FLN,CWB,2026-10-02,LATAM,16:20,1,3,2026-10-02 10:48,3824,3824,2026-10-02 10:48,5.5,3824,3824,0.0,0.0,3
RIO,BHZ,2026-10-02,LATAM,13:55,1,2,2026-10-02 10:48,2147,2147,2026-10-02 10:48,3.1,2147,2147,0.0,0.0,2
POA,SAO,2026-10-02,Azul,15:30,0,3,2026-10-02 10:48,4123,4123,2026-10-02 10:48,4.7,4123,4123,0.0,0.0,3
POA,SAO,2026-10-02,Azul,18:40,0,5,2026-10-02 10:48,4123,4123,2026-10-02 10:48,7.9,4123,4123,0.0,0.0,5
POA,SAO,2026-10-02,Azul,19:40,0,7,2026-10-02 10:48,4123,4123,2026-10-02 10:48,8.9,4123,4123,0.0,0.0,7
POA,SAO,2026-10-02,Azul,14:05,0,1,2026-10-02 10:48,4123,4123,2026-10-02 10:48,3.3,4123,4123,0.0,0.0,1
POA,SAO,2026-10-02,LATAM,21:40,2,7,2026-10-02 10:48,1263,1263,2026-10-02 10:48,10.9,1263,1263,0.0,0.0,7
POA,SAO,2026-10-02,Azul,20:40,0,7,2026-10-02 10:48,4123,4123,2026-10-02 10:48,9.9,4123,4123,0.0,0.0,7
CWB,SAO,2026-10-02,LATAM,12:00,2,1,2026-10-02 10:48,2136,2136,2026-10-02 10:48,1.2,2136,2136,0.0,0.0,1
BHZ,SAO,2026-10-02,Gol,21:40,2,9,2026-10-02 10:48,1172,1172,2026-10-02 10:48,10.9,1172,1172,0.0,0.0,9
SSA,SAO,2026-10-04,Azul,05:55,1,36,2026-10-02 10:48,1360,1360,2026-10-02 10:48,43.1,1360,1360,0.0,0.0,36
FOR,SAO,2026-10-02,Azul,12:55,0,1,2026-10-02 10:48,3792,3792,2026-10-02 10:48,2.1,3792,3792,0.0,0.0,1
FOR,SAO,2026-10-02,Azul,17:45,0,4,2026-10-02 10:48,3792,3792,2026-10-02 10:48,7.0,3792,3792,0.0,0.0,4
CGB,SAO,2026-10-02,LATAM,17:05,1,6,2026-10-02 10:48,2205,2205,2026-10-02 10:48,6.3,2205,2808,0.0,0.0,2
GYN,SAO,2026-10-02,Gol,11:35,1,1,2026-10-02 10:48,2207,2207,2026-10-02 10:48,0.8,2207,2207,0.0,0.0,1
GYN,SAO,2026-10-02,Azul,14:50,1,3,2026-10-02 10:48,1931,1931,2026-10-02 10:48,4.0,1931,1931,0.0,0.0,3
RIO,FLN,2026-10-02,LATAM,11:45,1,1,2026-10-02 10:48,1673,1673,2026-10-02 10:48,0.9,1673,1673,0.0,0.0,1
RIO,FLN,2026-10-02,Azul,21:10,1,9,2026-10-02 10:48,1066,1066,2026-10-02 10:48,10.4,1066,1066,0.0,0.0,9
RIO,FLN,2026-10-02,LATAM,17:45,1,6,2026-10-02 10:48,1705,1705,2026-10-02 10:48,7.0,1705,3862,0.0,0.0,4
RIO,FLN,2026-10-02,Gol,15:00,1,1,2026-10-02 10:48,1379,1379,2026-10-02 10:48,4.2,1379,1379,0.0,0.0,1
RIO,FLN,2026-10-04,Azul,15:15,1,55,2026-10-02 10:48,1066,1066,2026-10-02 16:13,47.0,1066,1066,0.0,0.0,39
CWB,FLN,2026-10-02,LATAM,11:10,1,1,2026-10-02 10:48,3848,3848,2026-10-02 10:48,0.4,3848,3848,0.0,0.0,1
CWB,FLN,2026-10-02,LATAM,14:45,1,3,2026-10-02 10:48,3816,3816,2026-10-02 10:48,4.0,3816,3816,0.0,0.0,3
SAO,POA,2026-10-03,Azul,17:10,0,16,2026-10-02 12:33,4094,4094,2026-10-02 12:33,28.6,4094,4094,0.0,0.0,16
SAO,POA,2026-10-03,Azul,18:20,0,18,2026-10-02 12:33,4094,4094,2026-10-02 12:33,29.8,4094,4094,0.0,0.0,18
SAO,POA,2026-10-03,Azul,22:35,0,22,2026-10-02 12:33,4094,4094,2026-10-02 12:33,34.0,4094,4094,0.0,0.0,22
SAO,SSA,2026-10-02,Gol,18:35,1,5,2026-10-02 12:33,3427,3427,2026-10-02 12:33,6.0,3427,3427,0.0,0.0,5
SAO,SSA,2026-10-04,Azul,08:20,0,11,2026-10-02 12:33,4434,4434,2026-10-02 12:33,43.8,,4434,0.0,,11
SAO,FOR,2026-10-02,Gol,23:35,2,14,2026-10-02 12:33,2194,2194,2026-10-02 12:33,11.0,2194,3119,0.0,0.0,10
SAO,FOR,2026-10-02,Azul,14:25,1,1,2026-10-02 12:33,3136,3136,2026-10-02 12:33,1.9,3136,3136,0.0,0.0,1
SAO,CGB,2026-10-03,Gol,22:45,1,12,2026-10-02 12:33,562,562,2026-10-02 12:33,34.2,1129,1129,0.0,-1.009,3
SAO,CGB,2026-10-04,LATAM,11:45,1,7,2026-10-02 12:33,1587,1587,2026-10-02 12:33,47.2,2266,2266,0.0,-0.428,2
SAO,GYN,2026-10-02,Azul,15:30,1,1,2026-10-02 12:33,1942,1942,2026-10-02 12:33,3.0,1942,1942,0.0,0.0,1
SAO,GYN,2026-10-03,Azul,06:05,1,2,2026-10-02 12:33,1870,1870,2026-10-02 12:33,17.5,1870,1870,0.0,0.0,2
FLN,RIO,2026-10-02,Gol,18:55,2,5,2026-10-02 12:33,1160,1160,2026-10-02 12:33,6.4,1160,1160,0.0,0.0,5
FLN,RIO,2026-10-02,Gol,21:40,2,11,2026-10-02 12:33,1160,1160,2026-10-02 12:33,9.1,1160,2709,0.0,0.0,5
FLN,RIO,2026-10-04,Azul,11:15,1,44,2026-10-02 12:33,1058,1058,2026-10-02 12:33,46.7,1058,1058,0.0,0.0,37
FLN,RIO,2026-10-04,Azul,05:45,1,29,2026-10-02 12:33,1058,1058,2026-10-02 12:33,41.2,1058,1058,0.0,0.0,29
FLN,CWB,2026-10-02,LATAM,20:40,2,9,2026-10-02 12:33,3857,3857,2026-10-02 12:33,8.1,3857,3857,0.0,0.0,9
RIO,BHZ,2026-10-02,LATAM,13:30,1,1,2026-10-02 12:33,2071,2071,2026-10-02 12:33,0.9,2071,2071,0.0,0.0,1
FLN,SAO,2026-10-04,Azul,20:00,0,58,2026-10-02 12:33,3195,3195,2026-10-02 20:13,47.8,3195,3195,0.0,0.0,50
FLN,SAO,2026-10-04,Azul,05:45,0,42,2026-10-02 12:33,3195,3195,2026-10-02 12:33,41.2,3195,3195,0.0,0.0,42
FLN,SAO,2026-10-04,Azul,18:40,0,56,2026-10-02 12:33,3255,3255,2026-10-02 18:55,47.8,3255,3255,0.0,0.0,50
POA,SAO,2026-10-03,Azul,20:40,0,9,2026-10-02 12:33,4123,4123,2026-10-02 12:33,32.1,,4123,0.0,,9
POA,SAO,2026-10-03,Azul,15:30,0,11,2026-10-02 12:33,4123,4123,2026-10-02 12:33,26.9,4123,4123,0.0,0.0,11
POA,SAO,2026-10-03,Azul,19:40,0,12,2026-10-02 12:33,4123,4123,2026-10-02 12:33,31.1,4123,4123,0.0,0.0,12
BHZ,SAO,2026-10-02,LATAM,18:05,1,1,2026-10-02 12:33,1172,1172,2026-10-02 12:33,5.5,1172,1172,0.0,0.0,1
SSA,SAO,2026-10-03,Gol,18:25,0,26,2026-10-02 12:33,3855,3855,2026-10-02 12:33,29.9,3855,3855,0.0,0.0,26
REC,SAO,2026-10-03,Azul,13:05,0,17,2026-10-02 12:33,4461,4461,2026-10-02 12:33,24.5,4461,4461,0.0,0.0,17
REC,SAO,2026-10-04,Azul,12:55,0,3,2026-10-02 12:33,4061,4061,2026-10-02 13:55,47.0,,4061,0.0,,2
FOR,SAO,2026-10-02,LATAM,14:40,2,1,2026-10-02 12:33,3028,3028,2026-10-02 12:33,2.1,3028,3028,0.0,0.0,1
FOR,SAO,2026-10-03,Azul,18:15,1,9,2026-10-02 12:33,3282,3282,2026-10-02 12:33,29.7,3282,4460,0.0,0.0,7
FOR,SAO,2026-10-03,Azul,13:00,0,24,2026-10-02 12:33,3978,3978,2026-10-02 12:33,24.4,3978,3978,0.0,0.0,24
GYN,SAO,2026-10-02,Gol,18:35,3,5,2026-10-02 12:33,2207,2207,2026-10-02 12:33,6.0,2207,2207,0.0,0.0,5
RIO,FLN,2026-10-02,Azul,19:05,1,2,2026-10-02 12:33,1066,1066,2026-10-02 12:33,6.5,1066,1066,0.0,0.0,2
RIO,FLN,2026-10-02,LATAM,17:10,1,3,2026-10-02 12:33,1673,1673,2026-10-02 12:33,4.6,1673,1673,0.0,0.0,3
POA,FLN,2026-10-02,LATAM,20:05,1,8,2026-10-02 12:33,3546,3546,2026-10-02 12:33,7.5,3546,3862,0.0,0.0,8
CWB,FLN,2026-10-02,LATAM,15:10,1,2,2026-10-02 12:33,3816,3816,2026-10-02 12:33,2.6,3816,3816,0.0,0.0,2
CWB,FLN,2026-10-02,Gol,15:40,2,3,2026-10-02 12:33,3472,3472,2026-10-02 12:33,3.1,3472,3472,0.0,0.0,3
CWB,FLN,2026-10-02,LATAM,19:10,1,7,2026-10-02 12:33,3816,3816,2026-10-02 12:33,6.6,3816,3816,0.0,0.0,7
CWB,FLN,2026-10-02,Gol,18:25,1,6,2026-10-02 12:33,4000,4000,2026-10-02 12:33,5.9,4000,4000,0.0,0.0,6
BHZ,RIO,2026-10-02,Gol,15:10,1,1,2026-10-02 12:33,924,924,2026-10-02 12:33,2.6,924,924,0.0,0.0,1
SAO,FLN,2026-10-03,Gol,05:00,3,14,2026-10-02 13:55,959,959,2026-10-02 13:55,15.1,959,959,0.0,0.0,14
SAO,RIO,2026-10-02,Azul,21:15,0,6,2026-10-02 13:55,3298,3298,2026-10-02 13:55,7.3,3298,3298,0.0,0.0,6
SAO,REC,2026-10-02,Gol,16:50,1,2,2026-10-02 13:55,2576,2576,2026-10-02 13:55,2.9,2576,2576,0.0,0.0,2
SAO,FOR,2026-10-02,Gol,16:50,1,1,2026-10-02 13:55,1932,1932,2026-10-02 13:55,2.9,1932,1932,0.0,0.0,1
SAO,FOR,2026-10-02,Azul,20:20,1,3,2026-10-02 13:55,3136,3136,2026-10-02 13:55,6.4,3136,3136,0.0,0.0,3
SAO,FOR,2026-10-03,Gol,05:00,2,4,2026-10-02 13:55,1263,1263,2026-10-02 13:55,15.1,1263,1263,0.0,0.0,4
SAO,GYN,2026-10-02,Azul,16:25,1,2,2026-10-02 13:55,1566,1566,2026-10-02 13:55,2.5,1566,1566,0.0,0.0,2
FLN,POA,2026-10-04,LATAM e Aerolineas Argentinas,05:35,2,12,2026-10-02 13:55,3612,3612,2026-10-02 13:55,39.7,3623,3623,0.0,-0.003,12
RIO,BHZ,2026-10-02,LATAM,21:20,2,9,2026-10-02 13:55,2067,2067,2026-10-02 13:55,7.4,2067,3862,0.0,0.0,8
RIO,BHZ,2026-10-02,Gol,23:30,1,9,2026-10-02 13:55,2930,2930,2026-10-02 13:55,9.6,2930,2930,0.0,0.0,9
RIO,SAO,2026-10-02,LATAM,14:25,0,1,2026-10-02 13:55,3862,3862,2026-10-02 13:55,0.5,3862,3862,0.0,0.0,1
CWB,SAO,2026-10-02,LATAM,17:35,1,3,2026-10-02 13:55,2136,2136,2026-10-02 13:55,3.7,2136,2136,0.0,0.0,3
SSA,SAO,2026-10-02,LATAM,17:40,1,3,2026-10-02 13:55,1981,1981,2026-10-02 13:55,3.8,1981,1981,0.0,0.0,3
FOR,SAO,2026-10-02,LATAM,17:00,1,2,2026-10-02 13:55,3028,3028,2026-10-02 13:55,3.1,3028,3028,0.0,0.0,2
RIO,FLN,2026-10-02,LATAM,20:10,1,7,2026-10-02 13:55,1673,1673,2026-10-02 13:55,6.2,1673,3862,0.0,0.0,6
RIO,FLN,2026-10-02,Gol,16:50,1,2,2026-10-02 13:55,1673,1673,2026-10-02 13:55,2.9,1673,1673,0.0,0.0,2
CWB,FLN,2026-10-02,LATAM,20:20,1,6,2026-10-02 13:55,3816,3816,2026-10-02 13:55,6.4,3816,3816,0.0,0.0,6
BHZ,RIO,2026-10-02,LATAM,17:45,1,4,2026-10-02 13:55,2040,2040,2026-10-02 13:55,3.8,2040,3835,0.0,0.0,3
SAO,FOR,2026-10-02,Gol,22:55,2,6,2026-10-02 14:55,1785,1785,2026-10-02 14:55,8.0,1785,1785,0.0,0.0,6
FLN,RIO,2026-10-02,Gol,18:55,3,4,2026-10-02 14:55,1160,1160,2026-10-02 14:55,4.0,1160,1490,0.0,0.0,3
FLN,CWB,2026-10-02,LATAM,20:40,1,7,2026-10-02 14:55,3970,3970,2026-10-02 14:55,5.8,3970,3970,0.0,0.0,7
RIO,SAO,2026-10-03,Delta,21:00,1,1,2026-10-02 14:55,3286,3286,2026-10-02 14:55,30.1,,3286,0.0,,1
RIO,SAO,2026-10-03,Gol e United,18:50,2,1,2026-10-02 14:55,3847,3847,2026-10-02 14:55,27.9,,3847,0.0,,1
RIO,SAO,2026-10-03,United,21:05,1,1,2026-10-02 14:55,3286,3286,2026-10-02 14:55,30.2,,3286,0.0,,1
RIO,SAO,2026-10-03,American,22:10,2,3,2026-10-02 14:55,3572,3572,2026-10-02 14:55,31.2,,4077,0.0,,2
RIO,SAO,2026-10-03,Gol e United,18:00,2,1,2026-10-02 14:55,3874,3874,2026-10-02 14:55,27.1,,3874,0.0,,1
RIO,SAO,2026-10-03,LATAM e Delta,07:05,2,1,2026-10-02 14:55,3439,3439,2026-10-02 14:55,16.2,3439,3439,0.0,0.0,1
RIO,SAO,2026-10-03,COPA e United,05:10,2,1,2026-10-02 14:55,10393,10393,2026-10-02 14:55,14.2,10393,10393,0.0,0.0,1
RIO,SAO,2026-10-03,COPA e United,01:30,2,1,2026-10-02 14:55,4237,4237,2026-10-02 14:55,10.6,4237,4237,0.0,0.0,1
RIO,SAO,2026-10-03,American,22:10,1,1,2026-10-02 14:55,3572,3572,2026-10-02 14:55,31.2,,3572,0.0,,1
REC,SAO,2026-10-02,Gol,16:55,1,1,2026-10-02 14:55,1145,1145,2026-10-02 14:55,2.0,1145,1145,0.0,0.0,1
FOR,SAO,2026-10-02,LATAM,21:25,2,11,2026-10-02 14:55,3028,3028,2026-10-02 14:55,6.5,3028,3859,0.0,0.0,7
GYN,SAO,2026-10-02,Azul,19:30,1,4,2026-10-02 14:55,1555,1555,2026-10-02 14:55,4.6,1555,1555,0.0,0.0,4
RIO,FLN,2026-10-02,LATAM,21:20,2,8,2026-10-02 14:55,1673,1673,2026-10-02 14:55,6.4,1673,3862,0.0,0.0,7
RIO,FLN,2026-10-02,LATAM,21:20,1,8,2026-10-02 14:55,1673,1673,2026-10-02 14:55,6.4,1673,3862,0.0,0.0,7
POA,FLN,2026-10-02,LATAM,20:25,1,7,2026-10-02 14:55,3546,3546,2026-10-02 14:55,5.5,3546,3862,0.0,0.0,7
POA,FLN,2026-10-02,LATAM,21:50,1,15,2026-10-02 14:55,3546,3546,2026-10-02 14:55,6.9,3546,3608,0.0,0.0,15
POA,FLN,2026-10-02,LATAM,16:15,1,2,2026-10-02 14:55,3546,3546,2026-10-02 14:55,1.3,3546,3862,0.0,0.0,2
CWB,FLN,2026-10-02,LATAM,21:50,2,8,2026-10-02 14:55,3849,3849,2026-10-02 14:55,6.9,3849,3849,0.0,0.0,8
CWB,FLN,2026-10-02,LATAM,15:25,1,1,2026-10-02 14:55,3848,3848,2026-10-02 14:55,0.5,3848,3848,0.0,0.0,1
SAO,SSA,2026-10-02,LATAM,23:45,2,7,2026-10-02 16:13,3264,3264,2026-10-02 16:13,7.5,3264,3264,0.0,0.0,7
SAO,REC,2026-10-02,Gol,23:35,2,10,2026-10-02 16:13,1545,1545,2026-10-02 16:13,7.4,1545,2726,0.0,0.0,1
SAO,REC,2026-10-03,Gol,09:10,2,7,2026-10-02 16:13,1120,1120,2026-10-02 16:13,16.9,1120,1120,0.0,0.0,7
SAO,FOR,2026-10-02,LATAM,18:55,1,3,2026-10-02 16:13,3862,3862,2026-10-02 16:13,2.7,3862,3862,0.0,0.0,3
SAO,FOR,2026-10-02,LATAM,19:55,1,3,2026-10-02 16:13,3835,3835,2026-10-02 16:13,3.7,3835,3835,0.0,0.0,3
SAO,FOR,2026-10-02,Gol,23:20,2,2,2026-10-02 16:13,1785,1785,2026-10-02 16:13,7.1,1785,1785,0.0,0.0,2
SAO,CGB,2026-10-02,LATAM,16:20,1,1,2026-10-02 16:13,3835,3835,2026-10-02 16:13,0.1,3835,3835,0.0,0.0,1
SAO,GYN,2026-10-02,Azul,17:55,1,2,2026-10-02 16:13,1566,1566,2026-10-02 16:13,1.7,1566,1566,0.0,0.0,2
FLN,RIO,2026-10-02,LATAM,20:20,1,7,2026-10-02 16:13,2709,2709,2026-10-02 16:13,4.1,2709,3856,0.0,0.0,5
FLN,POA,2026-10-02,Gol e Aerolineas Argentinas,17:15,2,1,2026-10-02 16:13,3703,3703,2026-10-02 16:13,1.0,3703,3703,0.0,0.0,1
RIO,BHZ,2026-10-02,Gol,18:05,1,2,2026-10-02 16:13,2067,2067,2026-10-02 16:13,1.9,2067,2067,0.0,0.0,2
RIO,BHZ,2026-10-02,Aerolineas Argentinas e LATAM,19:15,2,1,2026-10-02 16:13,2820,2820,2026-10-02 16:13,3.0,2820,2820,0.0,0.0,1
RIO,BHZ,2026-10-02,LATAM,19:10,1,4,2026-10-02 16:13,2067,2067,2026-10-02 16:13,3.0,2067,3862,0.0,0.0,3
CWB,SAO,2026-10-04,Azul,16:05,0,28,2026-10-02 16:13,3861,3861,2026-10-02 16:13,47.9,3861,3861,0.0,0.0,28
REC,SAO,2026-10-02,Gol,17:00,2,3,2026-10-02 16:13,1404,1404,2026-10-02 16:13,0.8,1404,2574,0.0,0.0,1
REC,SAO,2026-10-02,LATAM,21:15,1,7,2026-10-02 16:13,3861,3861,2026-10-02 16:13,5.0,3861,3861,0.0,0.0,7
FOR,SAO,2026-10-02,LATAM,21:05,1,3,2026-10-02 16:13,3859,3859,2026-10-02 16:13,4.9,3859,3859,0.0,0.0,3
FOR,SAO,2026-10-02,LATAM,21:25,1,7,2026-10-02 16:13,3859,3859,2026-10-02 16:13,5.2,3859,3859,0.0,0.0,7
FOR,SAO,2026-10-02,Gol,17:05,1,1,2026-10-02 16:13,1809,1809,2026-10-02 16:13,0.9,1809,1809,0.0,0.0,1
RIO,FLN,2026-10-02,Gol,23:30,2,7,2026-10-02 16:13,2688,2688,2026-10-02 16:13,7.3,2688,2688,0.0,0.0,7
RIO,FLN,2026-10-02,Gol,23:55,2,7,2026-10-02 16:13,2688,2688,2026-10-02 16:13,7.7,2688,2688,0.0,0.0,7
SAO,POA,2026-10-02,Gol,18:35,1,1,2026-10-02 16:57,2237,2237,2026-10-02 16:57,1.6,2237,2237,0.0,0.0,1
SAO,CWB,2026-10-02,Gol,18:55,1,2,2026-10-02 16:57,874,874,2026-10-02 16:57,2.0,874,874,0.0,0.0,2
SAO,REC,2026-10-02,Gol,23:20,2,5,2026-10-02 16:57,1833,1833,2026-10-02 16:57,6.4,1833,1833,0.0,0.0,5
SAO,FOR,2026-10-02,Gol,19:40,1,1,2026-10-02 16:57,1932,1932,2026-10-02 16:57,2.7,1932,1932,0.0,0.0,1
FLN,POA,2026-10-02,LATAM,20:20,1,7,2026-10-02 16:57,3540,3540,2026-10-02 16:57,3.4,3540,3856,0.0,0.0,7
RIO,BHZ,2026-10-02,LATAM,21:20,1,3,2026-10-02 16:57,2180,2180,2026-10-02 16:57,4.4,2180,2180,0.0,0.0,3
RIO,BHZ,2026-10-02,LATAM,22:15,1,6,2026-10-02 16:57,3836,3836,2026-10-02 16:57,5.3,3836,3836,0.0,0.0,6
CWB,SAO,2026-10-02,Gol,17:35,3,1,2026-10-02 16:57,3223,3223,2026-10-02 16:57,0.6,3223,3223,0.0,0.0,1
REC,SAO,2026-10-02,Gol,17:00,1,1,2026-10-02 16:57,3081,3081,2026-10-02 16:57,0.1,3081,3081,0.0,0.0,1
FOR,SAO,2026-10-02,Gol,17:05,2,1,2026-10-02 16:57,1809,1809,2026-10-02 16:57,0.1,1809,1809,0.0,0.0,1
FOR,SAO,2026-10-02,Azul,21:45,1,10,2026-10-02 16:57,3597,3597,2026-10-02 16:57,4.8,3597,4390,0.0,0.0,5
CGB,SAO,2026-10-02,LATAM,17:05,2,2,2026-10-02 16:57,3848,3848,2026-10-02 16:57,0.1,3848,3848,0.0,0.0,2
POA,FLN,2026-10-02,LATAM,21:40,2,6,2026-10-02 16:57,3546,3546,2026-10-02 16:57,4.7,3546,3862,0.0,0.0,6
BHZ,RIO,2026-10-02,LATAM,18:05,1,1,2026-10-02 16:57,2040,2040,2026-10-02 16:57,1.1,2040,2040,0.0,0.0,1
SAO,FLN,2026-10-02,LATAM,23:50,2,5,2026-10-02 17:56,3836,3836,2026-10-02 17:56,5.9,3836,3836,0.0,0.0,5
SAO,FLN,2026-10-02,Gol,18:00,3,1,2026-10-02 17:56,2461,2461,2026-10-02 17:56,0.1,2461,2461,0.0,0.0,1
SAO,CWB,2026-10-02,Gol,23:20,2,8,2026-10-02 17:56,1085,1085,2026-10-02 17:56,5.4,1085,2610,0.0,0.0,5
SAO,REC,2026-10-03,Gol,15:15,1,2,2026-10-02 17:56,1120,1120,2026-10-02 17:56,21.3,1120,1120,0.0,0.0,2
SAO,FOR,2026-10-02,Gol,18:20,1,1,2026-10-02 17:56,2901,2901,2026-10-02 17:56,0.4,2901,2901,0.0,0.0,1
FLN,RIO,2026-10-02,Gol,21:40,1,4,2026-10-02 17:56,2709,2709,2026-10-02 17:56,3.7,2709,2709,0.0,0.0,4
FLN,RIO,2026-10-02,LATAM e Aerolineas Argentinas,20:20,2,2,2026-10-02 17:56,4018,4018,2026-10-02 17:56,2.4,4018,4018,0.0,0.0,2
RIO,BHZ,2026-10-02,Gol,23:55,2,7,2026-10-02 17:56,2930,2930,2026-10-02 17:56,6.0,2930,3887,0.0,0.0,5
RIO,BHZ,2026-10-02,Gol,18:40,2,1,2026-10-02 17:56,2063,2063,2026-10-02 17:56,0.7,2063,2063,0.0,0.0,1
FLN,SAO,2026-10-02,LATAM,20:40,1,4,2026-10-02 17:56,3856,3856,2026-10-02 17:56,2.7,3856,3856,0.0,0.0,4
POA,SAO,2026-10-02,Gol,21:10,2,5,2026-10-02 17:56,1263,1263,2026-10-02 17:56,3.2,1263,3272,0.0,0.0,4
SSA,SAO,2026-10-02,Gol,20:45,2,2,2026-10-02 17:56,3449,3449,2026-10-02 17:56,2.8,3449,3449,0.0,0.0,2
REC,SAO,2026-10-02,LATAM,18:30,1,1,2026-10-02 17:56,3860,3860,2026-10-02 17:56,0.6,3860,3860,0.0,0.0,1
FOR,SAO,2026-10-02,Azul,20:35,1,2,2026-10-02 17:56,3913,3913,2026-10-02 17:56,2.6,3913,4133,0.0,0.0,2
GYN,SAO,2026-10-03,Gol,18:35,1,26,2026-10-02 17:56,693,693,2026-10-02 17:56,24.6,693,693,0.0,0.0,26
RIO,FLN,2026-10-02,Gol,18:40,2,1,2026-10-02 17:56,1496,1496,2026-10-02 17:56,0.7,1496,1496,0.0,0.0,1
CWB,FLN,2026-10-03,Gol,17:35,1,25,2026-10-02 17:56,914,914,2026-10-02 17:56,23.6,914,3815,0.0,0.0,21
BHZ,RIO,2026-10-02,LATAM,18:00,1,1,2026-10-02 17:56,3835,3835,2026-10-02 17:56,0.1,3835,3835,0.0,0.0,1
BHZ,RIO,2026-10-02,LATAM,19:50,2,1,2026-10-02 17:56,2040,2040,2026-10-02 17:56,1.9,2040,2040,0.0,0.0,1
SAO,FLN,2026-10-02,Gol,20:50,1,1,2026-10-02 18:55,3418,3418,2026-10-02 18:55,1.9,3418,3418,0.0,0.0,1
SAO,FLN,2026-10-02,LATAM,23:00,1,4,2026-10-02 18:55,3835,3835,2026-10-02 18:55,4.1,3835,3835,0.0,0.0,4
SAO,FLN,2026-10-02,LATAM,23:20,2,4,2026-10-02 18:55,3835,3835,2026-10-02 18:55,4.4,3835,3835,0.0,0.0,4
SAO,BHZ,2026-10-02,LATAM,23:30,1,4,2026-10-02 18:55,3836,3836,2026-10-02 18:55,4.6,3836,3836,0.0,0.0,4
SAO,BSB,2026-10-02,LATAM,23:50,1,4,2026-10-02 18:55,3836,3836,2026-10-02 18:55,4.9,3836,3836,0.0,0.0,4
SAO,BSB,2026-10-02,LATAM,23:20,1,4,2026-10-02 18:55,3835,3835,2026-10-02 18:55,4.4,3835,3835,0.0,0.0,4
SAO,SSA,2026-10-02,Gol,23:35,2,6,2026-10-02 18:55,3264,3264,2026-10-02 18:55,4.7,3264,3412,0.0,0.0,6
SAO,REC,2026-10-02,Gol,20:30,2,1,2026-10-02 18:55,1324,1324,2026-10-02 18:55,1.6,1324,1324,0.0,0.0,1
SAO,FOR,2026-10-02,Azul,21:55,1,3,2026-10-02 18:55,3599,3599,2026-10-02 18:55,3.0,3599,3599,0.0,0.0,3
SAO,FOR,2026-10-02,LATAM,23:45,1,4,2026-10-02 18:55,3835,3835,2026-10-02 18:55,4.8,3835,3835,0.0,0.0,4
FLN,RIO,2026-10-02,LATAM,19:30,1,1,2026-10-02 18:55,3856,3856,2026-10-02 18:55,0.6,3856,3856,0.0,0.0,1
RIO,BHZ,2026-10-02,Aerolineas Argentinas e Gol,21:15,2,1,2026-10-02 18:55,2836,2836,2026-10-02 18:55,2.3,2836,2836,0.0,0.0,1
RIO,BHZ,2026-10-02,LATAM,20:10,1,2,2026-10-02 18:55,2067,2067,2026-10-02 18:55,1.2,2067,3862,0.0,0.0,1
POA,SAO,2026-10-02,Gol,21:10,3,4,2026-10-02 18:55,1263,1263,2026-10-02 18:55,2.2,1263,2266,0.0,0.0,3
CWB,SAO,2026-10-02,LATAM,20:35,0,3,2026-10-02 18:55,1062,1062,2026-10-02 18:55,1.7,1062,3618,0.0,0.0,1
BSB,SAO,2026-10-02,LATAM,21:50,1,7,2026-10-02 18:55,3835,3835,2026-10-02 18:55,2.9,3835,3835,0.0,0.0,7
BSB,SAO,2026-10-02,LATAM,21:40,1,4,2026-10-02 18:55,3835,3835,2026-10-02 18:55,2.8,3835,3835,0.0,0.0,4
BSB,SAO,2026-10-02,LATAM,21:10,1,7,2026-10-02 18:55,3835,3835,2026-10-02 18:55,2.2,3835,3835,0.0,0.0,7
SSA,SAO,2026-10-02,Azul,19:35,1,1,2026-10-02 18:55,3604,3604,2026-10-02 18:55,0.7,3604,3604,0.0,0.0,1
FOR,SAO,2026-10-02,LATAM,21:15,0,4,2026-10-02 18:55,1083,1083,2026-10-02 18:55,2.3,1083,3859,0.0,0.0,3
CGB,SAO,2026-10-03,Gol,17:20,3,23,2026-10-02 18:55,2472,2472,2026-10-02 18:55,22.4,2472,2900,0.0,0.0,21
RIO,FLN,2026-10-02,LATAM,23:10,2,4,2026-10-02 18:55,3836,3836,2026-10-02 18:55,4.2,3836,3836,0.0,0.0,4
POA,FLN,2026-10-04,Gol e Aerolineas Argentinas,11:15,2,9,2026-10-02 18:55,3686,3686,2026-10-02 18:55,40.3,3696,3696,0.0,-0.003,9
CWB,FLN,2026-10-02,Gol,19:05,2,1,2026-10-02 18:55,914,914,2026-10-02 18:55,0.2,914,914,0.0,0.0,1
BHZ,RIO,2026-10-02,LATAM,20:25,1,1,2026-10-02 18:55,2040,2040,2026-10-02 18:55,1.5,2040,2040,0.0,0.0,1
BHZ,RIO,2026-10-02,LATAM,19:50,1,1,2026-10-02 18:55,3835,3835,2026-10-02 18:55,0.9,3835,3835,0.0,0.0,1
SAO,FLN,2026-10-02,LATAM,22:25,2,3,2026-10-02 19:55,3863,3863,2026-10-02 19:55,2.5,3863,3863,0.0,0.0,3
SAO,FLN,2026-10-02,Gol,23:35,2,3,2026-10-02 19:55,3729,3729,2026-10-02 19:55,3.7,3729,3729,0.0,0.0,3
SAO,POA,2026-10-02,LATAM,23:50,2,3,2026-10-02 19:55,3836,3836,2026-10-02 19:55,3.9,3836,3836,0.0,0.0,3
SAO,POA,2026-10-02,Gol,23:35,2,3,2026-10-02 19:55,3220,3220,2026-10-02 19:55,3.7,3220,3220,0.0,0.0,3
SAO,CWB,2026-10-02,Gol,20:30,2,1,2026-10-02 19:55,2637,2637,2026-10-02 19:55,0.6,2637,2637,0.0,0.0,1
SAO,CWB,2026-10-02,LATAM,23:15,1,3,2026-10-02 19:55,3836,3836,2026-10-02 19:55,3.3,3836,3836,0.0,0.0,3
SAO,CWB,2026-10-02,Gol,23:35,2,3,2026-10-02 19:55,2610,2610,2026-10-02 19:55,3.7,2610,2610,0.0,0.0,3
SAO,BHZ,2026-10-02,LATAM,23:50,2,3,2026-10-02 19:55,3836,3836,2026-10-02 19:55,3.9,3836,3836,0.0,0.0,3
SAO,SSA,2026-10-02,Gol,23:55,2,2,2026-10-02 19:55,3835,3835,2026-10-02 19:55,4.0,3835,3835,0.0,0.0,2
SAO,FOR,2026-10-02,LATAM,23:50,2,3,2026-10-02 19:55,3836,3836,2026-10-02 19:55,3.9,3836,3836,0.0,0.0,3
SAO,GYN,2026-10-02,Gol,23:35,2,3,2026-10-02 19:55,1729,1729,2026-10-02 19:55,3.7,1729,1729,0.0,0.0,3
SAO,GYN,2026-10-03,Gol,22:00,2,10,2026-10-02 19:55,678,678,2026-10-02 19:55,26.1,678,678,0.0,0.0,10
FLN,RIO,2026-10-02,LATAM,20:20,2,1,2026-10-02 19:55,2743,2743,2026-10-02 19:55,0.4,2743,2743,0.0,0.0,1
RIO,BHZ,2026-10-02,LATAM,20:40,1,3,2026-10-02 19:55,2216,2216,2026-10-02 19:55,0.8,2216,2242,0.0,0.0,3
RIO,BHZ,2026-10-02,Gol,20:55,2,2,2026-10-02 19:55,2859,2859,2026-10-02 19:55,1.0,2859,2859,0.0,0.0,2
RIO,BHZ,2026-10-02,Azul,21:45,0,1,2026-10-02 19:55,3220,3220,2026-10-02 19:55,1.8,3220,3220,0.0,0.0,1
RIO,SAO,2026-10-02,LATAM,22:00,1,2,2026-10-02 19:55,3836,3836,2026-10-02 19:55,2.1,3836,3836,0.0,0.0,2
RIO,SAO,2026-10-02,LATAM,23:10,1,3,2026-10-02 19:55,3836,3836,2026-10-02 19:55,3.2,3836,3836,0.0,0.0,3
CWB,SAO,2026-10-02,LATAM,21:50,2,3,2026-10-02 19:55,3849,3849,2026-10-02 19:55,1.9,3849,3849,0.0,0.0,3
CWB,SAO,2026-10-02,LATAM,21:50,1,4,2026-10-02 19:55,3849,3849,2026-10-02 19:55,1.9,3849,3849,0.0,0.0,4
BHZ,SAO,2026-10-02,LATAM,20:30,1,2,2026-10-02 19:55,3836,3836,2026-10-02 19:55,0.6,3836,3836,0.0,0.0,2
BSB,SAO,2026-10-02,LATAM,23:20,1,3,2026-10-02 19:55,3835,3835,2026-10-02 19:55,3.4,3835,3835,0.0,0.0,3
BSB,SAO,2026-10-02,LATAM,21:20,1,3,2026-10-02 19:55,3834,3834,2026-10-02 19:55,1.4,3834,3834,0.0,0.0,3
FOR,SAO,2026-10-03,Azul,01:45,1,8,2026-10-02 19:55,1301,1301,2026-10-02 19:55,5.8,1301,1301,0.0,0.0,8
GYN,SAO,2026-10-03,Gol,18:35,3,26,2026-10-02 19:55,1005,1005,2026-10-02 19:55,22.7,1005,1428,0.0,0.0,24
RIO,FLN,2026-10-02,Gol e Aerolineas Argentinas,21:55,2,2,2026-10-02 19:55,3810,3810,2026-10-02 19:55,2.0,3810,3836,0.0,0.0,2
CWB,FLN,2026-10-02,LATAM,20:35,1,2,2026-10-02 19:55,3848,3848,2026-10-02 19:55,0.7,3848,3848,0.0,0.0,2
BHZ,RIO,2026-10-02,LATAM,20:30,1,2,2026-10-02 19:55,3836,3836,2026-10-02 19:55,0.6,3836,3836,0.0,0.0,2
BHZ,RIO,2026-10-02,LATAM,20:25,2,4,2026-10-02 19:55,3835,3835,2026-10-02 19:55,0.5,3835,3835,0.0,0.0,4
SAO,RIO,2026-10-02,LATAM,23:30,1,2,2026-10-02 20:13,3836,3836,2026-10-02 20:13,3.3,3836,3836,0.0,0.0,2
SAO,CWB,2026-10-02,LATAM,23:30,1,1,2026-10-02 20:13,3836,3836,2026-10-02 20:13,3.3,3836,3836,0.0,0.0,1
SAO,CWB,2026-10-02,LATAM,22:25,2,2,2026-10-02 20:13,3863,3863,2026-10-02 20:13,2.2,3863,3863,0.0,0.0,2
SAO,REC,2026-10-02,Gol,20:50,2,1,2026-10-02 20:13,2576,2576,2026-10-02 20:13,0.6,2576,2576,0.0,0.0,1
SAO,GYN,2026-10-02,Gol,23:20,2,2,2026-10-02 20:13,2334,2334,2026-10-02 20:13,3.1,2334,2334,0.0,0.0,2
SAO,GYN,2026-10-03,Gol,19:25,3,17,2026-10-02 20:13,1411,1411,2026-10-02 20:13,23.2,1411,2003,0.0,0.0,16
FLN,RIO,2026-10-03,Gol,10:00,1,14,2026-10-02 20:13,982,982,2026-10-02 20:13,13.8,982,1183,0.0,0.0,13
GYN,SAO,2026-10-04,Gol,03:40,2,19,2026-10-02 20:13,1428,1428,2026-10-02 20:13,31.4,1428,1428,0.0,0.0,19
RIO,FLN,2026-10-02,LATAM,20:40,1,1,2026-10-02 20:13,1786,1786,2026-10-02 20:13,0.5,1786,1786,0.0,0.0,1
RIO,FLN,2026-10-02,Gol,20:55,2,1,2026-10-02 20:13,1496,1496,2026-10-02 20:13,0.7,1496,1496,0.0,0.0,1
RIO,FLN,2026-10-02,Gol,21:10,1,1,2026-10-02 20:13,2688,2688,2026-10-02 20:13,0.9,2688,2688,0.0,0.0,1
SAO,RIO,2026-10-02,LATAM,23:50,2,1,2026-10-02 20:58,3836,3836,2026-10-02 20:58,2.9,3836,3836,0.0,0.0,1
SAO,POA,2026-10-02,Gol,23:55,2,1,2026-10-02 20:58,3909,3909,2026-10-02 20:58,3.0,3909,3909,0.0,0.0,1
SAO,SSA,2026-10-02,LATAM,22:25,2,1,2026-10-02 20:58,3427,3427,2026-10-02 20:58,1.4,3427,3427,0.0,0.0,1
SAO,SSA,2026-10-03,Azul,13:10,1,4,2026-10-02 20:58,3587,3587,2026-10-02 20:58,16.2,3587,3587,0.0,0.0,4
SAO,REC,2026-10-02,LATAM,23:45,2,1,2026-10-02 20:58,3835,3835,2026-10-02 20:58,2.8,3835,3835,0.0,0.0,1
SAO,REC,2026-10-02,LATAM,22:25,2,1,2026-10-02 20:58,2764,2764,2026-10-02 20:58,1.4,2764,2764,0.0,0.0,1
SAO,REC,2026-10-02,LATAM,23:50,2,1,2026-10-02 20:58,3836,3836,2026-10-02 20:58,2.9,3836,3836,0.0,0.0,1
SAO,REC,2026-10-02,Gol,23:55,2,1,2026-10-02 20:58,2932,2932,2026-10-02 20:58,3.0,2932,2932,0.0,0.0,1
SAO,FOR,2026-10-02,LATAM,23:45,2,1,2026-10-02 20:58,3835,3835,2026-10-02 20:58,2.8,3835,3835,0.0,0.0,1
SAO,FOR,2026-10-02,Gol,23:55,2,1,2026-10-02 20:58,3950,3950,2026-10-02 20:58,3.0,3950,3950,0.0,0.0,1
RIO,BHZ,2026-10-02,Aerolineas Argentinas e LATAM,21:15,2,1,2026-10-02 20:58,3909,3909,2026-10-02 20:58,0.3,3909,3909,0.0,0.0,1
RIO,SAO,2026-10-02,LATAM,21:20,1,1,2026-10-02 20:58,3863,3863,2026-10-02 20:58,0.4,3863,3863,0.0,0.0,1
RIO,SAO,2026-10-02,LATAM,23:10,2,1,2026-10-02 20:58,3836,3836,2026-10-02 20:58,2.2,3836,3836,0.0,0.0,1
POA,SAO,2026-10-02,LATAM,21:40,1,1,2026-10-02 20:58,3862,3862,2026-10-02 20:58,0.7,3862,3862,0.0,0.0,1
REC,SAO,2026-10-04,LATAM,11:05,1,1,2026-10-02 20:58,1214,1214,2026-10-02 20:58,38.1,,1214,0.0,,1
GYN,SAO,2026-10-03,Gol,18:35,2,11,2026-10-02 20:58,693,693,2026-10-02 20:58,21.6,693,1064,0.0,0.0,9
SAO,FLN,2026-10-05,LATAM,08:10,0,59,2026-10-02 21:35,3360,3360,2026-10-03 08:54,47.3,3360,3835,0.0,0.0,43
SAO,FLN,2026-10-05,Azul,10:10,0,59,2026-10-02 21:35,3053,3053,2026-10-03 10:53,47.3,3053,3053,0.0,0.0,48
SAO,FLN,2026-10-05,Azul,06:20,0,55,2026-10-02 21:35,3053,3053,2026-10-03 06:54,47.4,3053,3053,0.0,0.0,48
SAO,FLN,2026-10-05,LATAM,13:15,0,63,2026-10-02 21:35,1189,1189,2026-10-03 13:55,47.3,1189,3835,0.0,0.0,38
SAO,FLN,2026-10-05,LATAM,09:50,0,60,2026-10-02 21:35,1189,1189,2026-10-03 09:55,47.9,1189,3835,0.0,0.0,42
SAO,RIO,2026-10-05,Azul,06:15,0,55,2026-10-02 21:35,3298,3298,2026-10-03 06:54,47.4,3298,3298,0.0,0.0,48
SAO,RIO,2026-10-05,Azul,07:55,0,57,2026-10-02 21:35,3592,3592,2026-10-03 07:55,48.0,3592,3592,0.0,0.0,49
SAO,RIO,2026-10-05,Azul,11:20,0,59,2026-10-02 21:35,3298,3298,2026-10-03 12:55,46.4,3298,3298,0.0,0.0,47
SAO,RIO,2026-10-05,Azul,11:35,0,58,2026-10-02 21:35,3592,3592,2026-10-03 12:55,46.7,3592,3592,0.0,0.0,46
SAO,RIO,2026-10-05,LATAM,07:30,0,58,2026-10-02 21:35,896,896,2026-10-03 07:55,47.6,896,1481,0.0,0.0,28
SAO,RIO,2026-10-05,Azul,15:15,0,63,2026-10-02 21:35,863,863,2026-10-03 15:54,47.4,863,930,0.0,0.0,36
SAO,POA,2026-10-03,Azul,12:50,0,6,2026-10-02 21:35,4500,4500,2026-10-02 21:35,15.2,4500,4500,0.0,0.0,6
SAO,POA,2026-10-05,Azul,08:25,0,59,2026-10-02 21:35,3301,3301,2026-10-03 08:54,47.5,3301,3301,0.0,0.0,50
SAO,POA,2026-10-05,Azul,07:35,0,57,2026-10-02 21:35,3354,3354,2026-10-03 07:55,47.7,3354,3354,0.0,0.0,49
SAO,POA,2026-10-05,LATAM,06:30,0,58,2026-10-02 21:35,1209,1209,2026-10-03 06:54,47.6,1209,3862,0.0,0.0,46
SAO,POA,2026-10-05,LATAM,15:15,0,67,2026-10-02 21:35,1012,1012,2026-10-03 15:54,47.4,1012,3835,0.0,0.0,47
SAO,CWB,2026-10-05,LATAM,15:30,0,68,2026-10-02 21:35,741,741,2026-10-03 15:54,47.6,741,3605,0.0,0.0,48
SAO,CWB,2026-10-05,Azul,06:20,0,57,2026-10-02 21:35,3578,3578,2026-10-03 06:54,47.4,3578,3578,0.0,0.0,50
SAO,CWB,2026-10-05,Azul,09:40,0,60,2026-10-02 21:35,3779,3779,2026-10-03 09:55,47.8,3779,3779,0.0,0.0,50
SAO,CWB,2026-10-05,LATAM,12:55,0,66,2026-10-02 21:35,741,741,2026-10-03 12:55,48.0,741,3605,0.0,0.0,48
SAO,CWB,2026-10-05,LATAM,12:10,0,65,2026-10-02 21:35,755,755,2026-10-03 12:55,47.2,755,3632,0.0,0.0,51
SAO,CWB,2026-10-05,Azul,15:50,0,67,2026-10-02 21:35,3378,3378,2026-10-03 15:54,47.9,3378,3378,0.0,0.0,51
SAO,CWB,2026-10-05,Azul,14:20,0,65,2026-10-02 21:35,3378,3378,2026-10-03 14:53,47.5,3378,3378,0.0,0.0,50
SAO,CWB,2026-10-05,LATAM,13:30,0,66,2026-10-02 21:35,755,755,2026-10-03 13:55,47.6,755,3632,0.0,0.0,50
SAO,CWB,2026-10-05,LATAM,11:45,1,56,2026-10-02 21:35,1912,1912,2026-10-03 11:55,47.8,1912,2121,0.0,0.0,41
SAO,BHZ,2026-10-05,LATAM,13:20,0,64,2026-10-02 21:35,697,697,2026-10-03 13:55,47.4,697,3763,0.0,0.0,48
SAO,BHZ,2026-10-05,Azul,06:05,0,37,2026-10-02 21:35,2767,2767,2026-10-03 06:54,47.2,2767,2767,0.0,0.0,30
SAO,BHZ,2026-10-05,Azul,06:00,0,33,2026-10-02 21:35,3465,3465,2026-10-03 06:54,47.1,,3465,0.0,,26
SAO,BHZ,2026-10-05,LATAM,14:15,0,65,2026-10-02 21:35,688,688,2026-10-03 14:53,47.4,688,3736,0.0,0.0,44
SAO,BHZ,2026-10-05,LATAM,16:10,0,67,2026-10-02 21:35,688,688,2026-10-03 16:55,47.2,688,3736,0.0,0.0,45
SAO,BHZ,2026-10-05,Azul,10:00,0,118,2026-10-02 21:35,2011,2011,2026-10-03 10:53,47.1,2011,2418,0.0,0.0,48
SAO,BHZ,2026-10-05,Azul,12:30,0,61,2026-10-02 21:35,2037,2037,2026-10-03 12:55,47.6,2037,2037,0.0,0.0,48
SAO,BHZ,2026-10-05,Azul,14:10,0,63,2026-10-02 21:35,2011,2011,2026-10-03 14:53,47.3,2011,2685,0.0,0.0,46
SAO,BHZ,2026-10-05,Azul,08:55,0,58,2026-10-02 21:35,2767,2767,2026-10-03 09:55,47.0,2767,3042,0.0,0.0,48
SAO,BHZ,2026-10-05,LATAM,15:45,0,66,2026-10-02 21:35,697,697,2026-10-03 15:54,47.9,697,3763,0.0,0.0,46
SAO,BHZ,2026-10-05,LATAM,07:30,0,58,2026-10-02 21:35,937,937,2026-10-03 07:55,47.6,937,1035,0.0,0.0,44
SAO,BHZ,2026-10-05,Azul,06:15,0,55,2026-10-02 21:35,2418,2418,2026-10-03 06:54,47.4,2418,2950,0.0,0.0,39
SAO,BHZ,2026-10-05,Azul,07:55,0,57,2026-10-02 21:35,2418,2418,2026-10-03 07:55,48.0,2418,2950,0.0,0.0,38
SAO,BHZ,2026-10-05,LATAM,08:25,0,56,2026-10-02 21:35,1927,1927,2026-10-03 08:54,47.5,1927,3736,0.0,0.0,27
SAO,BSB,2026-10-05,LATAM,15:50,0,65,2026-10-02 21:35,1117,1117,2026-10-03 15:54,47.9,1117,3835,0.0,0.0,36
SAO,BSB,2026-10-05,LATAM,12:15,0,61,2026-10-02 21:35,1257,1257,2026-10-03 12:55,47.3,1257,1390,0.0,0.0,39
SAO,BSB,2026-10-05,LATAM,07:15,0,58,2026-10-02 21:35,1257,1257,2026-10-03 07:55,47.3,1257,3862,0.0,0.0,44
SAO,BSB,2026-10-05,Azul,08:10,0,57,2026-10-02 21:35,3117,3117,2026-10-03 08:54,47.3,3117,3314,0.0,0.0,48
SAO,BSB,2026-10-05,LATAM,10:15,0,60,2026-10-02 21:35,1257,1257,2026-10-03 10:53,47.4,1257,3862,0.0,0.0,41
SAO,BSB,2026-10-05,LATAM,06:00,0,57,2026-10-02 21:35,1257,1257,2026-10-03 06:54,47.1,1257,3862,0.0,0.0,45
SAO,BSB,2026-10-05,LATAM,13:25,0,62,2026-10-02 21:35,1257,1257,2026-10-03 13:55,47.5,1257,3862,0.0,0.0,38
SAO,BSB,2026-10-05,LATAM,13:00,0,62,2026-10-02 21:35,1257,1257,2026-10-03 13:55,47.1,1257,3862,0.0,0.0,38
SAO,BSB,2026-10-05,LATAM,07:25,0,58,2026-10-02 21:35,1117,1117,2026-10-03 07:55,47.5,1117,3835,0.0,0.0,44
SAO,BSB,2026-10-05,LATAM,15:00,0,64,2026-10-02 21:35,2439,2439,2026-10-03 15:54,47.1,2439,3862,0.0,0.0,36
SAO,BSB,2026-10-05,LATAM,08:30,0,58,2026-10-02 21:35,1257,1257,2026-10-03 08:54,47.6,1257,1390,0.0,0.0,43
SAO,BSB,2026-10-05,LATAM,07:50,0,58,2026-10-02 21:35,1257,1257,2026-10-03 07:55,47.9,1257,1390,0.0,0.0,44
SAO,BSB,2026-10-05,LATAM,09:40,0,59,2026-10-02 21:35,1117,1117,2026-10-03 09:55,47.8,1117,3835,0.0,0.0,42
SAO,BSB,2026-10-05,LATAM,12:25,0,61,2026-10-02 21:35,1117,1117,2026-10-03 12:55,47.5,1117,1237,0.0,0.0,39
SAO,BSB,2026-10-05,LATAM,09:15,0,59,2026-10-02 21:35,1257,1257,2026-10-03 09:55,47.3,1257,3862,0.0,0.0,42
SAO,SSA,2026-10-05,Azul,08:20,0,3,2026-10-02 21:35,3817,3817,2026-10-05 04:55,3.4,3817,3817,0.0,0.0,2
SAO,SSA,2026-10-05,Azul,06:15,0,13,2026-10-02 21:35,3574,3574,2026-10-03 07:55,46.3,3574,3574,0.0,0.0,7
SAO,SSA,2026-10-05,LATAM,08:30,0,57,2026-10-02 21:35,1559,1559,2026-10-03 08:54,47.6,1559,3862,0.0,0.0,41
SAO,SSA,2026-10-05,LATAM,12:10,0,61,2026-10-02 21:35,1739,1739,2026-10-03 12:55,47.2,1739,3835,0.0,0.0,37
SAO,SSA,2026-10-05,LATAM,08:00,0,57,2026-10-02 21:35,2941,2941,2026-10-03 08:54,47.1,2941,3835,0.0,0.0,41
SAO,SSA,2026-10-05,Gol,15:15,0,63,2026-10-02 21:35,1086,1086,2026-10-03 15:54,47.4,1834,3259,0.0,-0.689,1
SAO,REC,2026-10-05,Azul,06:10,0,56,2026-10-02 21:35,3742,3742,2026-10-03 06:54,47.3,3742,3742,0.0,0.0,49
SAO,REC,2026-10-05,LATAM,14:35,0,66,2026-10-02 21:35,1038,1038,2026-10-03 14:53,47.7,1038,3428,0.0,0.0,47
SAO,REC,2026-10-05,LATAM,12:30,0,64,2026-10-02 21:35,1695,1695,2026-10-03 12:55,47.6,1695,3363,0.0,0.0,39
SAO,REC,2026-10-05,LATAM,08:15,0,59,2026-10-02 21:35,2113,2113,2026-10-03 08:54,47.4,2113,2139,0.0,0.0,23
SAO,REC,2026-10-05,Azul,14:30,0,64,2026-10-02 21:35,707,707,2026-10-03 14:53,47.6,707,959,0.0,0.0,34
SAO,REC,2026-10-05,LATAM,05:40,2,14,2026-10-02 21:35,939,939,2026-10-03 06:54,46.8,,939,0.0,,7
SAO,REC,2026-10-05,LATAM,07:40,0,59,2026-10-02 21:35,2290,2290,2026-10-03 07:55,47.8,2766,3069,0.0,-0.208,3
SAO,REC,2026-10-05,Azul,09:00,0,59,2026-10-02 21:35,2904,2904,2026-10-03 09:55,47.1,2904,2904,0.0,0.0,49
SAO,REC,2026-10-05,LATAM,09:35,0,58,2026-10-02 21:35,1881,1881,2026-10-03 09:55,47.7,2766,3363,0.0,-0.47,1
SAO,REC,2026-10-05,Azul,05:00,0,55,2026-10-02 21:35,3069,3069,2026-10-03 05:32,47.5,3069,3069,0.0,0.0,49
SAO,REC,2026-10-05,Azul,08:15,0,58,2026-10-02 21:35,3069,3069,2026-10-03 08:54,47.4,3069,3069,0.0,0.0,49
SAO,REC,2026-10-05,Azul,10:45,0,60,2026-10-02 21:35,3069,3069,2026-10-03 10:53,47.9,3069,3069,0.0,0.0,49
SAO,FOR,2026-10-05,LATAM,06:15,0,59,2026-10-02 21:35,2755,2755,2026-10-03 06:54,47.4,2755,3055,0.0,0.0,47
SAO,FOR,2026-10-05,LATAM,13:45,0,67,2026-10-02 21:35,2755,2755,2026-10-03 13:55,47.8,2755,3862,0.0,0.0,40
SAO,FOR,2026-10-05,LATAM,12:35,0,66,2026-10-02 21:35,2811,2811,2026-10-03 16:55,43.7,3455,3835,0.0,-0.229,21
SAO,FOR,2026-10-05,Gol,14:10,0,46,2026-10-02 21:35,3114,3114,2026-10-03 14:53,47.3,3410,3764,0.0,-0.095,28
SAO,CGB,2026-10-05,LATAM,08:55,0,60,2026-10-02 21:35,477,477,2026-10-03 09:55,47.0,477,519,0.0,0.0,50
SAO,CGB,2026-10-05,Azul,10:05,0,61,2026-10-02 21:35,2056,2056,2026-10-03 10:53,47.2,2056,2056,0.0,0.0,50
SAO,CGB,2026-10-05,Azul,08:30,0,59,2026-10-02 21:35,2030,2030,2026-10-03 08:54,47.6,2030,2030,0.0,0.0,50
SAO,CGB,2026-10-05,LATAM,07:10,0,59,2026-10-02 21:35,521,521,2026-10-03 07:55,47.2,521,3738,0.0,0.0,29
SAO,CGB,2026-10-05,LATAM,16:00,0,67,2026-10-02 21:35,278,278,2026-10-03 16:55,47.1,278,3738,0.0,0.0,46
SAO,CGB,2026-10-05,Azul,06:10,0,56,2026-10-02 21:35,2973,2973,2026-10-03 06:54,47.3,2973,2973,0.0,0.0,49
SAO,CGB,2026-10-05,Gol,15:45,0,66,2026-10-02 21:35,476,476,2026-10-03 15:54,47.9,519,519,0.0,-0.09,29
SAO,CGB,2026-10-05,Azul,09:05,0,59,2026-10-02 21:35,3195,3195,2026-10-03 09:55,47.2,3195,3195,0.0,0.0,49
SAO,GYN,2026-10-05,LATAM,12:20,0,63,2026-10-02 21:35,618,618,2026-10-03 12:55,47.4,618,3216,0.0,0.0,50
SAO,GYN,2026-10-05,Azul,08:15,0,58,2026-10-02 21:35,3007,3007,2026-10-03 08:54,47.4,3007,3007,0.0,0.0,49
SAO,GYN,2026-10-05,Azul,06:25,0,55,2026-10-02 21:35,2770,2770,2026-10-03 06:54,47.5,2770,2770,0.0,0.0,48
SAO,GYN,2026-10-05,LATAM,05:40,1,27,2026-10-02 21:35,1974,1974,2026-10-03 06:54,46.8,1974,1974,0.0,0.0,20
FLN,RIO,2026-10-03,Azul,11:15,1,9,2026-10-02 21:35,1058,1058,2026-10-02 21:35,13.7,1058,1058,0.0,0.0,9
FLN,RIO,2026-10-05,Azul,05:35,1,57,2026-10-02 21:35,1058,1058,2026-10-03 06:54,46.7,1058,1560,0.0,0.0,40
FLN,RIO,2026-10-05,Azul,05:45,1,48,2026-10-02 21:35,1058,1058,2026-10-03 06:54,46.9,1333,1896,0.0,-0.26,7
FLN,POA,2026-10-05,LATAM,06:40,1,56,2026-10-02 21:35,3192,3192,2026-10-03 06:54,47.8,3192,3540,0.0,0.0,42
FLN,CWB,2026-10-05,Gol,10:00,1,9,2026-10-02 21:35,3480,3480,2026-10-05 00:54,9.1,3480,3480,0.0,0.0,8
RIO,BHZ,2026-10-05,Azul,10:00,0,57,2026-10-02 21:35,905,905,2026-10-03 10:53,47.1,905,3374,0.0,0.0,34
RIO,BHZ,2026-10-05,Azul,14:45,0,62,2026-10-02 21:35,3220,3220,2026-10-03 14:53,47.9,3220,3745,0.0,0.0,43
RIO,BHZ,2026-10-05,Azul,06:10,0,98,2026-10-02 21:35,970,970,2026-10-03 06:54,47.3,970,3628,0.0,0.0,38
RIO,BHZ,2026-10-05,Azul,08:20,0,56,2026-10-02 21:35,905,905,2026-10-03 08:54,47.4,905,3374,0.0,0.0,36
RIO,BHZ,2026-10-05,LATAM,12:15,1,61,2026-10-02 21:35,3456,3456,2026-10-03 12:55,47.3,3456,3835,0.0,0.0,38
RIO,BHZ,2026-10-05,LATAM,06:15,1,37,2026-10-02 21:35,1867,1867,2026-10-03 06:54,47.4,1867,2067,0.0,0.0,29
FLN,SAO,2026-10-05,Azul,08:15,0,59,2026-10-02 21:35,3255,3255,2026-10-03 08:54,47.4,3255,3255,0.0,0.0,50
FLN,SAO,2026-10-05,LATAM,11:50,0,63,2026-10-02 21:35,1210,1210,2026-10-03 12:55,46.9,1210,3856,0.0,0.0,40
FLN,SAO,2026-10-05,LATAM,15:20,0,66,2026-10-02 21:35,1210,1210,2026-10-03 15:54,47.4,1210,3856,0.0,0.0,37
FLN,SAO,2026-10-05,LATAM,10:15,0,61,2026-10-02 21:35,3381,3381,2026-10-03 10:53,47.4,3381,3750,0.0,0.0,41
FLN,SAO,2026-10-05,Azul,05:45,0,56,2026-10-02 21:35,3074,3074,2026-10-03 06:54,46.9,3074,3074,0.0,0.0,49
RIO,SAO,2026-10-05,Azul,13:20,0,61,2026-10-02 21:35,3060,3060,2026-10-03 13:55,47.4,3060,3060,0.0,0.0,48
RIO,SAO,2026-10-05,Azul,11:35,0,59,2026-10-02 21:35,3298,3298,2026-10-03 12:55,46.7,3298,3298,0.0,0.0,47
RIO,SAO,2026-10-05,Azul,09:05,0,57,2026-10-02 21:35,3298,3298,2026-10-03 09:55,47.2,3298,3298,0.0,0.0,47
RIO,SAO,2026-10-05,Azul,10:15,0,58,2026-10-02 21:35,3298,3298,2026-10-03 10:53,47.4,3298,3298,0.0,0.0,47
RIO,SAO,2026-10-05,Azul,05:45,0,54,2026-10-02 21:35,866,866,2026-10-03 06:54,46.9,866,3060,0.0,0.0,35
RIO,SAO,2026-10-05,LATAM,07:10,0,57,2026-10-02 21:35,1339,1339,2026-10-03 07:55,47.2,1339,3298,0.0,0.0,33
RIO,SAO,2026-10-05,Azul,09:40,0,57,2026-10-02 21:35,3060,3060,2026-10-03 09:55,47.8,3060,3060,0.0,0.0,47
RIO,SAO,2026-10-05,LATAM,06:15,0,55,2026-10-02 21:35,896,896,2026-10-03 06:54,47.4,896,989,0.0,0.0,45
RIO,SAO,2026-10-05,Azul,15:35,0,62,2026-10-02 21:35,3298,3298,2026-10-03 15:54,47.7,3298,3298,0.0,0.0,47
POA,SAO,2026-10-05,LATAM,11:00,2,20,2026-10-02 21:35,1143,1143,2026-10-03 11:55,47.1,,1143,0.0,,8
POA,SAO,2026-10-05,Azul,10:05,0,61,2026-10-02 21:35,3354,3354,2026-10-03 10:53,47.2,3354,3354,0.0,0.0,50
POA,SAO,2026-10-05,LATAM,12:10,0,65,2026-10-02 21:35,1156,1156,2026-10-03 12:55,47.2,1156,3862,0.0,0.0,40
POA,SAO,2026-10-05,LATAM,05:10,0,58,2026-10-02 21:35,1210,1210,2026-10-03 05:32,47.6,1210,3862,0.0,0.0,18
POA,SAO,2026-10-05,LATAM,06:20,0,59,2026-10-02 21:35,1210,1210,2026-10-03 06:54,47.4,1210,3862,0.0,0.0,29
POA,SAO,2026-10-05,Azul,07:05,0,58,2026-10-02 21:35,3354,3354,2026-10-03 07:55,47.2,3354,3354,0.0,0.0,50
POA,SAO,2026-10-05,LATAM,10:05,0,63,2026-10-02 21:35,1224,1224,2026-10-04 10:55,23.2,1224,3862,0.0,0.0,1
POA,SAO,2026-10-05,LATAM,14:15,0,67,2026-10-02 21:35,1224,1224,2026-10-03 14:53,47.4,1224,3862,0.0,0.0,32
CWB,SAO,2026-10-05,LATAM,15:10,0,66,2026-10-02 21:35,741,741,2026-10-03 15:54,47.3,741,3618,0.0,0.0,48
CWB,SAO,2026-10-05,LATAM,13:55,0,64,2026-10-02 21:35,741,741,2026-10-03 13:55,48.0,741,1125,0.0,0.0,50
CWB,SAO,2026-10-05,Azul,15:40,0,64,2026-10-02 21:35,2689,2689,2026-10-03 15:54,47.8,2689,3104,0.0,0.0,46
CWB,SAO,2026-10-05,LATAM,14:45,0,65,2026-10-02 21:35,961,961,2026-10-03 14:53,47.9,961,3618,0.0,0.0,31
CWB,SAO,2026-10-05,Azul,08:00,0,58,2026-10-02 21:35,3594,3594,2026-10-03 08:54,47.1,3594,3594,0.0,0.0,49
CWB,SAO,2026-10-05,Azul,16:10,0,65,2026-10-02 21:35,3393,3393,2026-10-03 16:55,47.2,3393,3523,0.0,0.0,49
CWB,SAO,2026-10-05,LATAM,07:50,0,59,2026-10-02 21:35,961,961,2026-10-03 07:55,47.9,961,1062,0.0,0.0,43
CWB,SAO,2026-10-05,Azul,09:30,0,59,2026-10-02 21:35,2689,2689,2026-10-03 09:55,47.6,2689,2689,0.0,0.0,49
CWB,SAO,2026-10-05,Azul,07:40,0,57,2026-10-02 21:35,2689,2689,2026-10-03 07:55,47.8,2689,2689,0.0,0.0,49
BHZ,SAO,2026-10-05,Azul,09:55,0,61,2026-10-02 21:35,2487,2487,2026-10-03 09:55,48.0,2487,2487,0.0,0.0,39
BHZ,SAO,2026-10-05,Azul,13:40,0,65,2026-10-02 21:35,2010,2010,2026-10-03 13:55,47.8,2010,2084,0.0,0.0,51
BHZ,SAO,2026-10-05,Azul,08:10,0,58,2026-10-02 21:35,2740,2740,2026-10-03 08:54,47.3,2740,3015,0.0,0.0,32
BHZ,SAO,2026-10-05,LATAM,16:10,0,69,2026-10-02 21:35,688,688,2026-10-03 16:55,47.2,688,3736,0.0,0.0,46
BHZ,SAO,2026-10-05,Azul,11:55,0,63,2026-10-02 21:35,2010,2010,2026-10-03 11:55,48.0,2010,2010,0.0,0.0,51
BHZ,SAO,2026-10-05,LATAM,15:25,0,68,2026-10-02 21:35,670,670,2026-10-03 15:54,47.5,670,3736,0.0,0.0,48
BHZ,SAO,2026-10-05,Azul,09:20,0,60,2026-10-02 21:35,2740,2740,2026-10-03 09:55,47.4,2740,2740,0.0,0.0,50
BHZ,SAO,2026-10-05,LATAM,06:20,0,59,2026-10-02 21:35,1926,1926,2026-10-03 06:54,47.4,1926,3736,0.0,0.0,46
BHZ,SAO,2026-10-05,LATAM,05:35,0,58,2026-10-02 21:35,858,858,2026-10-03 06:54,46.7,858,3736,0.0,0.0,46
BHZ,SAO,2026-10-05,Azul,10:10,0,61,2026-10-02 21:35,2343,2343,2026-10-03 10:53,47.3,2343,2343,0.0,0.0,50
BHZ,SAO,2026-10-05,Azul,08:45,0,60,2026-10-02 21:35,2685,2685,2026-10-03 08:54,47.9,2685,2685,0.0,0.0,51
BHZ,SAO,2026-10-05,Azul,15:50,0,67,2026-10-02 21:35,2010,2010,2026-10-03 15:54,47.9,2010,2084,0.0,0.0,51
BHZ,SAO,2026-10-05,Azul,07:50,0,59,2026-10-02 21:35,2685,2685,2026-10-03 07:55,47.9,2685,2960,0.0,0.0,36
BHZ,SAO,2026-10-05,Azul,07:55,0,59,2026-10-02 21:35,2802,2802,2026-10-03 07:55,48.0,2802,3419,0.0,0.0,39
BHZ,SAO,2026-10-05,Azul,11:20,0,62,2026-10-02 21:35,2740,2740,2026-10-03 11:55,47.4,2740,2740,0.0,0.0,50
BSB,SAO,2026-10-05,LATAM,04:15,0,57,2026-10-02 21:35,1116,1116,2026-10-03 04:55,47.3,1116,3834,0.0,0.0,49
BSB,SAO,2026-10-05,LATAM,15:00,0,68,2026-10-02 21:35,1116,1116,2026-10-03 15:54,47.1,1116,3834,0.0,0.0,38
BSB,SAO,2026-10-05,LATAM,07:05,0,60,2026-10-02 21:35,1116,1116,2026-10-03 07:55,47.2,1116,3834,0.0,0.0,46
BSB,SAO,2026-10-05,LATAM,12:25,0,65,2026-10-02 21:35,1116,1116,2026-10-03 12:55,47.5,1116,3834,0.0,0.0,41
BSB,SAO,2026-10-05,LATAM,14:25,0,67,2026-10-02 21:35,1168,1168,2026-10-03 14:53,47.5,1168,3834,0.0,0.0,49
BSB,SAO,2026-10-05,LATAM,10:05,0,63,2026-10-02 21:35,1116,1116,2026-10-03 10:53,47.2,1116,3834,0.0,0.0,43
BSB,SAO,2026-10-05,LATAM,09:25,0,62,2026-10-02 21:35,1168,1168,2026-10-03 09:55,47.5,1168,3834,0.0,0.0,51
BSB,SAO,2026-10-05,LATAM,15:30,0,68,2026-10-02 21:35,1229,1229,2026-10-03 15:54,47.6,1229,3834,0.0,0.0,38
BSB,SAO,2026-10-05,LATAM,06:00,0,59,2026-10-02 21:35,1229,1229,2026-10-03 06:54,47.1,1229,3834,0.0,0.0,47
BSB,SAO,2026-10-05,LATAM,07:45,0,60,2026-10-02 21:35,1229,1229,2026-10-03 07:55,47.8,1229,1362,0.0,0.0,46
BSB,SAO,2026-10-05,LATAM,09:45,0,62,2026-10-02 21:35,1229,1229,2026-10-03 09:55,47.8,1229,3834,0.0,0.0,44
BSB,SAO,2026-10-05,LATAM,12:45,0,65,2026-10-02 21:35,1229,1229,2026-10-03 12:55,47.8,1229,3834,0.0,0.0,41
BSB,SAO,2026-10-05,LATAM,07:10,0,60,2026-10-02 21:35,1229,1229,2026-10-03 07:55,47.2,1229,3834,0.0,0.0,46
BSB,SAO,2026-10-05,LATAM,05:00,0,58,2026-10-02 21:35,1229,1229,2026-10-03 05:32,47.5,1229,3834,0.0,0.0,48
BSB,SAO,2026-10-05,LATAM,06:20,0,59,2026-10-02 21:35,1229,1229,2026-10-03 06:54,47.4,1229,3834,0.0,0.0,47
BSB,SAO,2026-10-05,LATAM,11:00,0,64,2026-10-02 21:35,1229,1229,2026-10-03 11:55,47.1,1229,3834,0.0,0.0,42
SSA,SAO,2026-10-05,LATAM,09:40,0,62,2026-10-02 21:35,1759,1759,2026-10-03 09:55,47.8,1759,3855,0.0,0.0,44
SSA,SAO,2026-10-05,LATAM,12:55,0,65,2026-10-02 21:35,1010,1010,2026-10-03 12:55,48.0,1010,1116,0.0,0.0,41
SSA,SAO,2026-10-05,LATAM,03:05,0,55,2026-10-02 21:35,1010,1010,2026-10-03 03:55,47.2,1010,1116,0.0,0.0,50
SSA,SAO,2026-10-05,Azul,02:50,0,21,2026-10-02 21:35,3524,3524,2026-10-03 02:55,47.9,,3524,0.0,,18
REC,SAO,2026-10-05,Azul,08:50,0,57,2026-10-02 21:35,2957,2957,2026-10-03 08:54,47.9,2957,2957,0.0,0.0,48
REC,SAO,2026-10-05,Azul,08:15,0,7,2026-10-02 21:35,4061,4061,2026-10-03 08:54,47.4,,4061,0.0,,2
REC,SAO,2026-10-05,LATAM,05:20,0,56,2026-10-02 21:35,1294,1294,2026-10-03 05:32,47.8,1294,3426,0.0,0.0,29
REC,SAO,2026-10-05,Azul,12:35,0,61,2026-10-02 21:35,2957,2957,2026-10-03 12:55,47.7,2957,2957,0.0,0.0,49
REC,SAO,2026-10-05,LATAM,14:15,0,65,2026-10-02 21:35,1521,1521,2026-10-03 14:53,47.4,1521,3426,0.0,0.0,37
REC,SAO,2026-10-05,LATAM,03:50,0,54,2026-10-02 21:35,1098,1098,2026-10-03 03:55,47.9,1098,3426,0.0,0.0,31
REC,SAO,2026-10-05,Azul,14:30,0,63,2026-10-02 21:35,2957,2957,2026-10-03 14:53,47.6,2957,2957,0.0,0.0,49
REC,SAO,2026-10-05,Azul,03:15,0,52,2026-10-02 21:35,2957,2957,2026-10-03 03:55,47.3,2957,2957,0.0,0.0,48
REC,SAO,2026-10-05,Azul,10:00,0,110,2026-10-02 21:35,2957,2957,2026-10-03 10:53,47.1,2957,3769,0.0,0.0,40
REC,SAO,2026-10-05,Azul,16:05,0,65,2026-10-02 21:35,2902,2902,2026-10-03 16:55,47.2,2902,3319,0.0,0.0,44
REC,SAO,2026-10-05,Azul,12:50,0,61,2026-10-02 21:35,2902,2902,2026-10-03 12:55,47.9,2902,4061,0.0,0.0,48
REC,SAO,2026-10-05,Azul,08:55,0,58,2026-10-02 21:35,3769,3769,2026-10-03 09:55,47.0,3769,3769,0.0,0.0,48
FOR,SAO,2026-10-05,Azul,11:30,1,36,2026-10-02 21:35,1301,1301,2026-10-03 11:55,47.6,3162,3597,0.0,-1.43,9
FOR,SAO,2026-10-05,LATAM,14:40,2,47,2026-10-02 21:35,2311,2311,2026-10-03 14:53,47.8,2311,3028,0.0,0.0,31
FOR,SAO,2026-10-05,LATAM,02:35,0,54,2026-10-02 21:35,2835,2835,2026-10-03 02:55,47.7,2835,3143,0.0,0.0,50
FOR,SAO,2026-10-05,LATAM,03:45,0,55,2026-10-02 21:35,2753,2753,2026-10-03 03:55,47.8,2753,3859,0.0,0.0,49
FOR,SAO,2026-10-05,LATAM,11:50,0,63,2026-10-02 21:35,1634,1634,2026-10-03 11:55,47.9,1634,1809,0.0,0.0,41
FOR,SAO,2026-10-05,LATAM,04:45,0,56,2026-10-02 21:35,930,930,2026-10-03 04:55,47.8,981,1083,0.0,-0.055,48
FOR,SAO,2026-10-05,LATAM,10:25,0,62,2026-10-02 21:35,2753,2753,2026-10-03 10:53,47.5,2753,3859,0.0,0.0,42
FOR,SAO,2026-10-05,Azul,03:15,0,7,2026-10-02 21:35,3792,3792,2026-10-04 20:07,7.1,3792,3792,0.0,0.0,6
CGB,SAO,2026-10-05,Azul,02:00,0,54,2026-10-02 21:35,3292,3292,2026-10-03 06:54,43.1,3292,3499,0.0,0.0,51
CGB,SAO,2026-10-05,Gol,02:15,0,56,2026-10-02 21:35,291,291,2026-10-03 02:55,47.3,1044,1096,0.0,-2.588,15
CGB,SAO,2026-10-05,LATAM,09:15,0,63,2026-10-02 21:35,928,928,2026-10-03 09:55,47.3,928,3751,0.0,0.0,36
CGB,SAO,2026-10-05,LATAM,02:25,0,56,2026-10-02 21:35,534,534,2026-10-03 02:55,47.5,534,588,0.0,0.0,50
CGB,SAO,2026-10-05,LATAM,02:50,0,56,2026-10-02 21:35,464,464,2026-10-03 02:55,47.9,464,505,0.0,0.0,53
CGB,SAO,2026-10-05,Azul,05:45,0,58,2026-10-02 21:35,3334,3334,2026-10-03 06:54,46.9,3334,3334,0.0,0.0,51
GYN,SAO,2026-10-05,LATAM,04:45,0,108,2026-10-02 21:35,633,633,2026-10-03 04:55,47.8,633,698,0.0,0.0,92
GYN,SAO,2026-10-05,LATAM,15:25,0,65,2026-10-02 21:35,633,633,2026-10-03 15:54,47.5,702,3231,0.0,-0.109,19
GYN,SAO,2026-10-05,Azul,10:25,1,59,2026-10-02 21:35,1555,1555,2026-10-03 10:53,47.5,1555,1555,0.0,0.0,37
GYN,SAO,2026-10-05,LATAM,09:50,0,59,2026-10-02 21:35,633,633,2026-10-03 09:55,47.9,633,698,0.0,0.0,41
GYN,SAO,2026-10-05,LATAM,08:55,0,58,2026-10-02 21:35,1134,1134,2026-10-03 09:55,47.0,1134,1254,0.0,0.0,41
GYN,SAO,2026-10-05,LATAM,14:40,0,64,2026-10-02 21:35,633,633,2026-10-03 14:53,47.8,633,698,0.0,0.0,36
GYN,SAO,2026-10-05,Azul,10:25,0,58,2026-10-02 21:35,2682,2682,2026-10-03 10:53,47.5,2682,2682,0.0,0.0,47
GYN,SAO,2026-10-05,LATAM,10:30,0,60,2026-10-02 21:35,633,633,2026-10-03 10:53,47.6,633,3231,0.0,0.0,40
GYN,SAO,2026-10-05,Azul,06:20,0,54,2026-10-02 21:35,2682,2682,2026-10-03 06:54,47.4,2682,2682,0.0,0.0,47
GYN,SAO,2026-10-05,Azul,05:55,0,54,2026-10-02 21:35,2682,2682,2026-10-03 06:54,47.0,2682,2682,0.0,0.0,47
GYN,SAO,2026-10-05,Azul,08:35,0,57,2026-10-02 21:35,2682,2682,2026-10-03 08:54,47.7,2682,2682,0.0,0.0,48
RIO,FLN,2026-10-03,Gol,10:30,1,2,2026-10-02 21:35,988,988,2026-10-02 21:35,12.9,988,988,0.0,0.0,2
RIO,FLN,2026-10-05,Azul,11:25,1,61,2026-10-02 21:35,1066,1066,2026-10-03 11:55,47.5,1066,1511,0.0,0.0,34
RIO,FLN,2026-10-05,Azul,07:50,1,40,2026-10-02 21:35,1066,1066,2026-10-03 07:55,47.9,1066,1066,0.0,0.0,38
RIO,FLN,2026-10-05,Azul,15:15,1,38,2026-10-02 21:35,1066,1066,2026-10-03 15:54,47.4,1066,1066,0.0,0.0,27
POA,FLN,2026-10-05,LATAM,15:25,0,68,2026-10-02 21:35,796,796,2026-10-03 15:54,47.5,796,3862,0.0,0.0,37
POA,FLN,2026-10-05,LATAM,16:15,1,69,2026-10-02 21:35,1422,1422,2026-10-03 16:55,47.3,1422,3862,0.0,0.0,36
CWB,FLN,2026-10-05,Gol,14:40,2,20,2026-10-02 21:35,914,914,2026-10-03 14:53,47.8,,914,0.0,,5
CWB,FLN,2026-10-05,Gol,13:10,1,9,2026-10-02 21:35,3472,3472,2026-10-05 04:55,8.2,3472,3472,0.0,0.0,8
CWB,FLN,2026-10-05,Gol,10:45,1,9,2026-10-02 21:35,3472,3472,2026-10-05 02:55,7.8,3472,3472,0.0,0.0,8
CWB,FLN,2026-10-05,LATAM,12:15,1,62,2026-10-02 21:35,3439,3439,2026-10-03 12:55,47.3,3439,3816,0.0,0.0,40
BHZ,RIO,2026-10-05,Azul,13:00,0,61,2026-10-02 21:35,796,796,2026-10-03 13:55,47.1,796,856,0.0,0.0,36
BHZ,RIO,2026-10-05,Azul,11:45,0,60,2026-10-02 21:35,878,878,2026-10-03 11:55,47.8,878,878,0.0,0.0,36
BHZ,RIO,2026-10-05,Azul,15:25,0,62,2026-10-02 21:35,878,878,2026-10-03 15:54,47.5,878,3857,0.0,0.0,33
BHZ,RIO,2026-10-05,Azul,06:35,0,54,2026-10-02 21:35,878,878,2026-10-03 06:54,47.7,3346,3346,0.0,-2.811,15
SAO,SSA,2026-10-03,Aerolineas Argentinas e Gol,16:00,1,1,2026-10-02 22:54,3581,3581,2026-10-02 22:54,17.1,3581,3581,0.0,0.0,1
SAO,GYN,2026-10-03,Gol,21:50,2,8,2026-10-02 22:54,678,678,2026-10-02 22:54,22.9,678,678,0.0,0.0,8
SAO,RIO,2026-10-03,BoA,18:35,1,5,2026-10-03 00:55,2399,2398,2026-10-03 01:55,16.7,2398,2398,0.0,0.0,5
SAO,RIO,2026-10-04,Aerolineas Argentinas e Gol,06:55,1,3,2026-10-03 00:55,2788,2788,2026-10-03 00:55,30.0,2845,2845,0.0,-0.02,3
SAO,POA,2026-10-04,Gol e Aerolineas Argentinas,14:20,1,2,2026-10-03 00:55,2636,2636,2026-10-03 00:55,37.4,2636,2636,0.0,0.0,2
SAO,CWB,2026-10-04,Aerolineas Argentinas,20:20,1,2,2026-10-03 00:55,2004,2004,2026-10-03 00:55,43.4,2004,2004,0.0,0.0,2
SAO,FOR,2026-10-03,LATAM,05:40,1,4,2026-10-03 00:55,2285,2285,2026-10-03 00:55,4.8,2285,2285,0.0,0.0,4
FLN,RIO,2026-10-03,LATAM,15:25,1,19,2026-10-03 00:55,1242,1242,2026-10-03 00:55,14.5,1242,3477,0.0,0.0,14
FLN,CWB,2026-10-03,LATAM,10:35,1,10,2026-10-03 00:55,3448,3448,2026-10-03 00:55,9.7,3448,3477,0.0,0.0,10
FLN,CWB,2026-10-05,LATAM,10:15,1,35,2026-10-03 00:55,3448,3448,2026-10-03 10:53,47.4,3448,3824,0.0,0.0,23
RIO,BHZ,2026-10-04,LATAM,17:00,1,13,2026-10-03 00:55,1867,1867,2026-10-03 00:55,40.1,1867,3482,0.0,0.0,11
RIO,BHZ,2026-10-04,LATAM,06:10,1,5,2026-10-03 00:55,1867,1867,2026-10-03 00:55,29.2,1867,1867,0.0,0.0,5
RIO,BHZ,2026-10-04,LATAM,08:55,1,15,2026-10-03 00:55,1867,1867,2026-10-03 00:55,32.0,1867,1867,0.0,0.0,15
RIO,BHZ,2026-10-05,LATAM,08:45,1,18,2026-10-03 00:55,1867,1867,2026-10-04 00:55,31.8,2067,2067,0.0,-0.107,6
RIO,SAO,2026-10-03,Aerolineas Argentinas,10:15,1,1,2026-10-03 00:55,2897,2897,2026-10-03 00:55,9.3,2897,2897,0.0,0.0,1
POA,SAO,2026-10-04,Aerolineas Argentinas e Gol,21:05,1,3,2026-10-03 00:55,2550,2550,2026-10-03 00:55,44.2,5219,5219,0.0,-1.047,2
REC,SAO,2026-10-03,LATAM,03:10,0,2,2026-10-03 00:55,783,783,2026-10-03 00:55,2.2,783,783,0.0,0.0,2
FOR,SAO,2026-10-03,LATAM,17:00,1,17,2026-10-03 00:55,2311,2311,2026-10-03 00:55,16.1,2311,2436,0.0,0.0,17
CWB,FLN,2026-10-03,LATAM,07:10,1,7,2026-10-03 00:55,3439,3439,2026-10-03 00:55,6.2,3439,3468,0.0,0.0,7
CWB,FLN,2026-10-03,LATAM,14:00,1,13,2026-10-03 00:55,3439,3439,2026-10-03 00:55,13.1,3439,3468,0.0,0.0,13
CWB,FLN,2026-10-04,LATAM,07:10,1,33,2026-10-03 00:55,3439,3439,2026-10-03 00:55,30.2,3439,3468,0.0,0.0,33
CWB,FLN,2026-10-04,LATAM,18:40,1,31,2026-10-03 00:55,3439,3439,2026-10-03 00:55,41.8,3439,3439,0.0,0.0,31
CWB,FLN,2026-10-04,LATAM,05:10,1,19,2026-10-03 00:55,3439,3439,2026-10-03 00:55,28.2,3439,3439,0.0,0.0,19
CWB,FLN,2026-10-04,LATAM,14:45,1,17,2026-10-03 00:55,3439,3439,2026-10-03 00:55,37.8,3468,3468,0.0,-0.008,17
CWB,FLN,2026-10-05,LATAM,07:10,1,26,2026-10-03 00:55,3439,3439,2026-10-03 07:55,47.2,3439,3439,0.0,0.0,19
CWB,FLN,2026-10-05,LATAM,09:25,1,45,2026-10-03 00:55,3439,3439,2026-10-03 09:55,47.5,3439,3439,0.0,0.0,36
CWB,FLN,2026-10-05,LATAM,05:10,1,24,2026-10-03 00:55,3439,3439,2026-10-03 05:32,47.6,3439,3439,0.0,0.0,19
BHZ,RIO,2026-10-04,LATAM,18:05,1,8,2026-10-03 00:55,1839,1839,2026-10-03 00:55,41.2,1839,3455,0.0,0.0,7
BHZ,RIO,2026-10-04,LATAM,17:20,1,27,2026-10-03 00:55,1839,1839,2026-10-03 00:55,40.4,1839,3455,0.0,0.0,22
BHZ,RIO,2026-10-04,LATAM,17:55,1,6,2026-10-03 00:55,1839,1839,2026-10-03 00:55,41.0,,1839,0.0,,6
BHZ,RIO,2026-10-05,LATAM,15:25,1,14,2026-10-03 00:55,1839,1839,2026-10-04 00:55,38.5,2040,2040,0.0,-0.109,6
SAO,RIO,2026-10-04,Aerolineas Argentinas,15:40,1,2,2026-10-03 01:55,2458,2458,2026-10-03 01:55,37.8,,2458,0.0,,2
SAO,POA,2026-10-04,Aerolineas Argentinas,10:20,1,5,2026-10-03 01:55,2077,2077,2026-10-03 01:55,32.4,2777,2777,0.0,-0.337,2
SAO,CWB,2026-10-04,Aerolineas Argentinas,06:55,1,2,2026-10-03 01:55,2286,2286,2026-10-03 01:55,29.0,2286,2286,0.0,0.0,2
RIO,SAO,2026-10-03,Aerolineas Argentinas,21:15,1,5,2026-10-03 01:55,2391,2391,2026-10-03 01:55,19.3,2391,2793,0.0,0.0,3
CWB,SAO,2026-10-04,Aerolineas Argentinas,17:30,1,3,2026-10-03 01:55,2267,2267,2026-10-03 01:55,39.6,2434,2434,0.0,-0.074,3
CWB,SAO,2026-10-05,Aerolineas Argentinas e Gol,12:00,1,3,2026-10-03 01:55,2544,2544,2026-10-04 02:43,33.3,,2544,0.0,,1
FOR,SAO,2026-10-03,Azul,10:20,1,9,2026-10-03 01:55,3348,3348,2026-10-03 01:55,8.4,3348,3597,0.0,0.0,9
SAO,POA,2026-10-04,Gol e Aerolineas Argentinas,09:40,1,1,2026-10-03 02:55,2793,2793,2026-10-03 02:55,30.8,,2793,0.0,,1
SSA,SAO,2026-10-04,Gol e Aerolineas Argentinas,03:10,1,1,2026-10-03 02:55,3444,3444,2026-10-03 02:55,24.2,,3444,0.0,,1
SAO,RIO,2026-10-03,Aerolineas Argentinas,07:00,1,1,2026-10-03 03:55,2380,2380,2026-10-03 03:55,3.1,2380,2380,0.0,0.0,1
SAO,CWB,2026-10-04,Aerolineas Argentinas,10:20,1,1,2026-10-03 03:55,2124,2124,2026-10-03 03:55,30.4,,2124,0.0,,1
FLN,CWB,2026-10-03,LATAM,20:20,2,15,2026-10-03 03:55,3448,3448,2026-10-03 03:55,16.4,3448,3448,0.0,0.0,15
FLN,CWB,2026-10-03,Gol,10:00,1,6,2026-10-03 03:55,3480,3480,2026-10-03 03:55,6.1,3480,3480,0.0,0.0,6
FLN,CWB,2026-10-03,LATAM,11:50,1,8,2026-10-03 03:55,3448,3448,2026-10-03 03:55,7.9,3448,3448,0.0,0.0,8
FLN,CWB,2026-10-03,Gol,11:05,1,8,2026-10-03 03:55,3480,3480,2026-10-03 03:55,7.2,3480,3480,0.0,0.0,8
FOR,SAO,2026-10-03,Gol,12:10,1,9,2026-10-03 03:55,2898,2898,2026-10-03 03:55,8.2,2898,2898,0.0,0.0,9
POA,FLN,2026-10-05,Gol e Aerolineas Argentinas,11:30,2,14,2026-10-03 03:55,3796,3796,2026-10-03 13:55,45.6,3796,3796,0.0,0.0,11
SAO,SSA,2026-10-03,LATAM,16:55,2,11,2026-10-03 04:55,1766,1766,2026-10-03 04:55,12.0,1766,1766,0.0,0.0,11
RIO,SAO,2026-10-04,Gol e Aerolineas Argentinas,05:55,1,1,2026-10-03 04:55,3007,3007,2026-10-03 04:55,25.0,,3007,0.0,,1
CWB,SAO,2026-10-04,Aerolineas Argentinas e Gol,17:30,1,1,2026-10-03 04:55,2669,2669,2026-10-03 04:55,36.6,,2669,0.0,,1
SSA,SAO,2026-10-03,LATAM,18:25,2,13,2026-10-03 04:55,1789,1789,2026-10-03 04:55,13.5,1789,1789,0.0,0.0,13
SAO,POA,2026-10-03,Gol e Aerolineas Argentinas,22:55,1,1,2026-10-03 05:32,3179,3179,2026-10-03 05:32,17.4,3179,3179,0.0,0.0,1
RIO,SAO,2026-10-04,Aerolineas Argentinas,11:05,1,3,2026-10-03 05:32,2824,2824,2026-10-03 05:32,29.6,2944,2944,0.0,-0.042,3
BHZ,SAO,2026-10-03,LATAM,18:05,1,12,2026-10-03 05:32,1976,1976,2026-10-03 05:32,12.6,1976,1976,0.0,0.0,12
BHZ,RIO,2026-10-03,LATAM,18:00,1,10,2026-10-03 05:32,1839,1839,2026-10-03 05:32,12.5,1839,3455,0.0,0.0,7
SAO,FOR,2026-10-03,Azul,21:55,1,13,2026-10-03 06:54,1369,1369,2026-10-03 06:54,15.0,1369,1369,0.0,0.0,13
FLN,POA,2026-10-03,LATAM,20:20,1,15,2026-10-03 06:54,3192,3192,2026-10-03 06:54,13.4,3192,3477,0.0,0.0,15
GYN,SAO,2026-10-03,Azul,10:25,1,4,2026-10-03 06:54,1366,1366,2026-10-03 06:54,3.5,1366,1366,0.0,0.0,4
RIO,FLN,2026-10-03,Gol,08:30,1,1,2026-10-03 06:54,988,988,2026-10-03 06:54,1.6,988,988,0.0,0.0,1
POA,FLN,2026-10-03,LATAM,18:40,1,13,2026-10-03 06:54,1686,1686,2026-10-03 06:54,11.8,1686,4011,0.0,0.0,9
CWB,FLN,2026-10-03,LATAM,14:55,1,8,2026-10-03 06:54,3439,3439,2026-10-03 06:54,8.0,3439,3468,0.0,0.0,8
BHZ,RIO,2026-10-03,LATAM,15:20,1,7,2026-10-03 06:54,3455,3455,2026-10-03 06:54,8.4,3455,3455,0.0,0.0,7
SAO,FOR,2026-10-03,Azul,18:30,1,9,2026-10-03 07:55,3599,3599,2026-10-03 07:55,10.6,3599,3599,0.0,0.0,5
FLN,RIO,2026-10-03,LATAM,20:20,1,21,2026-10-03 07:55,1242,1242,2026-10-03 07:55,12.4,1242,3477,0.0,0.0,14
FLN,RIO,2026-10-03,LATAM,10:30,1,3,2026-10-03 07:55,1242,1242,2026-10-03 07:55,2.6,1242,3477,0.0,0.0,2
REC,SAO,2026-10-03,Gol,17:15,1,3,2026-10-03 07:55,1173,1173,2026-10-03 07:55,9.3,1173,1173,0.0,0.0,3
RIO,FLN,2026-10-05,Gol,11:55,1,10,2026-10-03 07:55,1233,1233,2026-10-03 11:55,48.0,,1233,0.0,,6
POA,FLN,2026-10-03,LATAM,21:40,2,17,2026-10-03 07:55,1742,1742,2026-10-03 07:55,13.8,1742,3482,0.0,0.0,6
CWB,FLN,2026-10-03,LATAM,08:10,1,1,2026-10-03 07:55,3468,3468,2026-10-03 07:55,0.2,3468,3468,0.0,0.0,1
CWB,FLN,2026-10-03,LATAM,09:45,1,2,2026-10-03 07:55,3439,3439,2026-10-03 07:55,1.8,3439,3439,0.0,0.0,2
SAO,CWB,2026-10-03,LATAM,11:45,1,2,2026-10-03 08:54,1912,1912,2026-10-03 08:54,2.9,1912,1912,0.0,0.0,2
SAO,BHZ,2026-10-03,LATAM,11:45,1,2,2026-10-03 08:54,1974,1974,2026-10-03 08:54,2.9,1974,1974,0.0,0.0,2
SAO,REC,2026-10-03,Gol,17:00,1,2,2026-10-03 08:54,1148,1148,2026-10-03 08:54,8.1,1148,1148,0.0,0.0,2
SAO,CGB,2026-10-03,Gol,15:30,2,5,2026-10-03 08:54,888,888,2026-10-03 08:54,6.6,888,888,0.0,0.0,5
SAO,GYN,2026-10-03,Gol,18:00,2,4,2026-10-03 08:54,1411,1411,2026-10-03 08:54,9.1,1411,1411,0.0,0.0,4
FLN,CWB,2026-10-03,LATAM,11:40,1,3,2026-10-03 08:54,3857,3857,2026-10-03 08:54,2.8,3857,3857,0.0,0.0,3
SSA,SAO,2026-10-03,Azul,20:15,1,19,2026-10-03 08:54,1360,1360,2026-10-03 08:54,11.3,1360,1360,0.0,0.0,19
GYN,SAO,2026-10-03,Azul,14:50,1,5,2026-10-03 08:54,1366,1366,2026-10-03 08:54,5.9,1366,1366,0.0,0.0,5
POA,FLN,2026-10-03,LATAM,10:05,1,2,2026-10-03 08:54,3198,3198,2026-10-03 08:54,1.2,3198,3482,0.0,0.0,2
CWB,FLN,2026-10-03,LATAM,17:00,1,8,2026-10-03 08:54,3439,3439,2026-10-03 08:54,8.1,3439,3468,0.0,0.0,8
SAO,GYN,2026-10-03,Gol,22:40,2,9,2026-10-03 09:55,678,678,2026-10-03 09:55,12.8,678,678,0.0,0.0,9
FLN,RIO,2026-10-03,LATAM,18:00,1,9,2026-10-03 09:55,1242,1242,2026-10-03 09:55,8.1,1242,1307,0.0,0.0,9
CWB,FLN,2026-10-03,LATAM,19:20,1,10,2026-10-03 09:55,3439,3439,2026-10-03 09:55,9.4,3439,3468,0.0,0.0,10
SAO,CWB,2026-10-03,LATAM,16:55,1,6,2026-10-03 10:53,1912,1912,2026-10-03 10:53,6.0,1912,1912,0.0,0.0,6
SAO,BHZ,2026-10-03,LATAM,16:55,1,6,2026-10-03 10:53,1974,1974,2026-10-03 10:53,6.0,1974,1974,0.0,0.0,6
SAO,FOR,2026-10-03,Azul,13:10,1,3,2026-10-03 10:53,3019,3019,2026-10-03 10:53,2.3,3019,3019,0.0,0.0,3
SAO,FOR,2026-10-03,Azul,13:10,0,1,2026-10-03 10:53,4434,4434,2026-10-03 10:53,2.3,4434,4434,0.0,0.0,1
SAO,GYN,2026-10-03,Azul,20:25,1,17,2026-10-03 10:53,1378,1378,2026-10-03 10:53,9.5,1378,3341,0.0,0.0,9
FLN,RIO,2026-10-03,Gol,19:30,2,8,2026-10-03 10:53,1183,1183,2026-10-03 10:53,8.6,1183,1183,0.0,0.0,8
CWB,SAO,2026-10-03,Gol,17:35,3,3,2026-10-03 10:53,820,820,2026-10-03 10:53,6.7,820,2746,0.0,0.0,2
SSA,SAO,2026-10-03,Azul,20:20,1,10,2026-10-03 10:53,1360,1360,2026-10-03 10:53,9.4,1360,1360,0.0,0.0,10
FOR,SAO,2026-10-03,Azul,19:45,1,9,2026-10-03 10:53,3597,3597,2026-10-03 10:53,8.9,3597,3597,0.0,0.0,9
RIO,FLN,2026-10-03,LATAM,19:30,1,2,2026-10-03 10:53,2423,2423,2026-10-03 10:53,8.6,2423,2423,0.0,0.0,2
RIO,FLN,2026-10-03,Azul,15:15,1,5,2026-10-03 10:53,1066,1066,2026-10-03 10:53,4.4,1066,1066,0.0,0.0,5
RIO,BHZ,2026-10-03,Gol,23:15,2,10,2026-10-03 11:55,2930,2930,2026-10-03 11:55,11.3,2930,2930,0.0,0.0,10
POA,SAO,2026-10-03,Azul,21:30,0,9,2026-10-03 11:55,4123,4123,2026-10-03 11:55,9.6,4123,4123,0.0,0.0,9
FOR,SAO,2026-10-03,LATAM,23:00,2,18,2026-10-03 11:55,2311,2311,2026-10-03 11:55,11.1,2311,3480,0.0,0.0,11
RIO,FLN,2026-10-03,Gol,18:25,1,2,2026-10-03 11:55,2688,2688,2026-10-03 11:55,6.5,2688,2688,0.0,0.0,2
RIO,FLN,2026-10-03,Gol,15:30,1,1,2026-10-03 11:55,988,988,2026-10-03 11:55,3.6,988,988,0.0,0.0,1
CWB,FLN,2026-10-04,LATAM,09:45,1,6,2026-10-03 11:55,3439,3439,2026-10-03 11:55,21.8,3439,3439,0.0,0.0,6
SAO,FLN,2026-10-03,Gol,19:25,1,7,2026-10-03 12:55,1608,1608,2026-10-03 12:55,6.5,1608,1608,0.0,0.0,7
SAO,REC,2026-10-03,LATAM,16:55,1,4,2026-10-03 12:55,939,939,2026-10-03 12:55,4.0,939,939,0.0,0.0,4
SAO,REC,2026-10-04,LATAM,11:45,1,24,2026-10-03 12:55,939,939,2026-10-03 12:55,22.8,939,939,0.0,0.0,24
SAO,FOR,2026-10-03,LATAM,23:45,1,10,2026-10-03 12:55,3455,3455,2026-10-03 12:55,10.8,3455,3455,0.0,0.0,10
SAO,GYN,2026-10-03,Gol,23:00,2,8,2026-10-03 12:55,1729,1729,2026-10-03 12:55,10.1,1729,1729,0.0,0.0,8
SAO,GYN,2026-10-03,LATAM,16:55,1,4,2026-10-03 12:55,1273,1273,2026-10-03 12:55,4.0,1273,1273,0.0,0.0,4
FLN,POA,2026-10-03,LATAM e Aerolineas Argentinas,20:20,2,8,2026-10-03 12:55,3534,3534,2026-10-03 12:55,7.4,3534,5279,0.0,0.0,7
FLN,CWB,2026-10-03,Gol,15:35,3,3,2026-10-03 12:55,922,922,2026-10-03 12:55,2.7,922,922,0.0,0.0,3
RIO,BHZ,2026-10-03,LATAM,17:30,1,4,2026-10-03 12:55,1867,1867,2026-10-03 12:55,4.6,1867,1867,0.0,0.0,4
RIO,BHZ,2026-10-03,Gol,14:00,1,2,2026-10-03 12:55,2930,2930,2026-10-03 12:55,1.1,2930,2930,0.0,0.0,2
CWB,SAO,2026-10-03,LATAM,17:35,1,4,2026-10-03 12:55,1927,1927,2026-10-03 12:55,4.7,1927,1927,0.0,0.0,4
CWB,SAO,2026-10-05,LATAM,11:40,1,46,2026-10-03 12:55,1927,1927,2026-10-03 12:55,46.8,1927,2136,0.0,0.0,37
REC,SAO,2026-10-05,LATAM,11:40,1,27,2026-10-03 12:55,966,966,2026-10-03 12:55,46.8,966,1067,0.0,0.0,17
FOR,SAO,2026-10-03,LATAM,23:00,1,10,2026-10-03 12:55,3480,3480,2026-10-03 12:55,10.1,3480,3480,0.0,0.0,10
RIO,FLN,2026-10-03,Gol,23:35,2,10,2026-10-03 12:55,2688,2688,2026-10-03 12:55,10.7,2688,2688,0.0,0.0,10
RIO,FLN,2026-10-04,LATAM,11:00,1,1,2026-10-03 12:55,1512,1512,2026-10-03 12:55,22.1,1512,1512,0.0,0.0,1
CWB,FLN,2026-10-03,LATAM,21:50,2,10,2026-10-03 12:55,3849,3849,2026-10-03 12:55,8.9,3849,3849,0.0,0.0,10
BHZ,RIO,2026-10-03,LATAM,18:05,1,5,2026-10-03 12:55,1839,1839,2026-10-03 12:55,5.2,1839,1839,0.0,0.0,5
SAO,POA,2026-10-05,LATAM,11:45,1,31,2026-10-03 13:55,1114,1114,2026-10-03 13:55,45.8,1114,1114,0.0,0.0,31
SAO,SSA,2026-10-03,LATAM,19:45,1,7,2026-10-03 13:55,2941,2941,2026-10-03 13:55,5.8,2941,3455,0.0,0.0,6
SAO,REC,2026-10-05,LATAM,11:45,1,48,2026-10-03 13:55,939,939,2026-10-03 13:55,45.8,939,1040,0.0,0.0,38
SAO,FOR,2026-10-03,LATAM,23:45,2,9,2026-10-03 13:55,3455,3455,2026-10-03 13:55,9.8,3455,3455,0.0,0.0,9
FLN,CWB,2026-10-04,LATAM,10:15,1,3,2026-10-03 13:55,3448,3448,2026-10-03 13:55,20.3,3448,3448,0.0,0.0,3
FLN,CWB,2026-10-04,LATAM,15:15,1,27,2026-10-03 13:55,3448,3448,2026-10-03 13:55,25.3,3448,3448,0.0,0.0,27
CGB,SAO,2026-10-03,LATAM,17:05,1,5,2026-10-03 13:55,2281,2281,2026-10-03 13:55,3.2,2281,3468,0.0,0.0,4
RIO,FLN,2026-10-03,LATAM,22:25,2,9,2026-10-03 13:55,3836,3836,2026-10-03 13:55,8.5,3836,3836,0.0,0.0,9
FLN,RIO,2026-10-03,LATAM,20:20,2,6,2026-10-03 14:53,1998,1998,2026-10-03 14:53,5.5,1998,1998,0.0,0.0,6
FLN,RIO,2026-10-03,Gol,19:30,1,5,2026-10-03 14:53,2709,2709,2026-10-03 14:53,4.6,2709,2709,0.0,0.0,5
CWB,SAO,2026-10-03,LATAM,21:50,1,10,2026-10-03 14:53,3849,3849,2026-10-03 14:53,7.0,3849,3849,0.0,0.0,10
SSA,SAO,2026-10-03,Gol,17:30,1,2,2026-10-03 14:53,3284,3284,2026-10-03 14:53,2.6,3284,3284,0.0,0.0,2
SSA,SAO,2026-10-03,Gol,20:55,1,6,2026-10-03 14:53,3284,3284,2026-10-03 14:53,6.0,3284,3284,0.0,0.0,6
SAO,CWB,2026-10-03,Gol,23:05,2,5,2026-10-03 15:54,1112,1112,2026-10-03 15:54,7.2,1112,1112,0.0,0.0,5
SAO,CWB,2026-10-03,Gol,22:35,2,5,2026-10-03 15:54,1112,1112,2026-10-03 15:54,6.7,1112,1112,0.0,0.0,5
SAO,SSA,2026-10-03,LATAM,23:45,1,7,2026-10-03 15:54,2941,2941,2026-10-03 15:54,7.8,2941,2941,0.0,0.0,7
SAO,SSA,2026-10-03,Gol,19:05,1,2,2026-10-03 15:54,3264,3264,2026-10-03 15:54,3.2,3264,3264,0.0,0.0,2
SAO,SSA,2026-10-03,Gol,18:00,1,1,2026-10-03 15:54,3264,3264,2026-10-03 15:54,2.1,3264,3264,0.0,0.0,1
SAO,REC,2026-10-03,Gol,17:20,2,1,2026-10-03 15:54,1357,1357,2026-10-03 15:54,1.4,1357,1357,0.0,0.0,1
SAO,REC,2026-10-03,Gol,17:55,1,2,2026-10-03 15:54,2904,2904,2026-10-03 15:54,2.0,2904,2904,0.0,0.0,2
SAO,FOR,2026-10-03,Gol,23:35,2,7,2026-10-03 15:54,3764,3764,2026-10-03 15:54,7.7,3764,3764,0.0,0.0,7
SAO,GYN,2026-10-03,Gol,23:35,2,6,2026-10-03 15:54,1859,1859,2026-10-03 15:54,7.7,1859,2037,0.0,0.0,6
RIO,BHZ,2026-10-03,Gol,23:35,2,7,2026-10-03 15:54,2930,2930,2026-10-03 15:54,7.7,2930,2930,0.0,0.0,7
POA,SAO,2026-10-03,LATAM,17:25,1,1,2026-10-03 15:54,1143,1143,2026-10-03 15:54,1.5,1143,1143,0.0,0.0,1
BSB,SAO,2026-10-03,LATAM,21:20,1,7,2026-10-03 15:54,3454,3454,2026-10-03 15:54,5.4,3454,3454,0.0,0.0,7
SSA,SAO,2026-10-05,LATAM,11:20,1,47,2026-10-03 15:54,1789,1789,2026-10-03 15:54,43.4,1789,1981,0.0,0.0,38
REC,SAO,2026-10-03,Gol,23:00,1,14,2026-10-03 15:54,1355,1355,2026-10-03 15:54,7.1,1355,1609,0.0,0.0,7
RIO,FLN,2026-10-03,Azul,19:20,1,3,2026-10-03 15:54,1066,1066,2026-10-03 15:54,3.4,1066,1066,0.0,0.0,3
SAO,FLN,2026-10-03,LATAM,23:50,2,6,2026-10-03 16:55,3836,3836,2026-10-03 16:55,6.9,3836,3836,0.0,0.0,6
SAO,FLN,2026-10-03,LATAM,23:45,2,6,2026-10-03 16:55,3455,3455,2026-10-03 16:55,6.8,3455,3455,0.0,0.0,6
SAO,FLN,2026-10-03,LATAM,23:00,1,6,2026-10-03 16:55,3455,3455,2026-10-03 16:55,6.1,3455,3455,0.0,0.0,6
SAO,CWB,2026-10-03,Gol,19:25,3,3,2026-10-03 16:55,2731,2731,2026-10-03 16:55,2.5,2731,2731,0.0,0.0,3
SAO,BSB,2026-10-03,LATAM,23:45,1,6,2026-10-03 16:55,3455,3455,2026-10-03 16:55,6.8,3455,3455,0.0,0.0,6
SAO,BSB,2026-10-03,LATAM,23:05,1,8,2026-10-03 16:55,3455,3455,2026-10-03 16:55,6.2,3455,3836,0.0,0.0,6
SAO,SSA,2026-10-03,Gol,19:25,1,2,2026-10-03 16:55,3427,3427,2026-10-03 16:55,2.5,3427,3427,0.0,0.0,2
SAO,REC,2026-10-03,LATAM,17:40,1,1,2026-10-03 16:55,3836,3836,2026-10-03 16:55,0.8,3836,3836,0.0,0.0,1
SAO,REC,2026-10-03,Gol,19:25,2,2,2026-10-03 16:55,1375,1375,2026-10-03 16:55,2.5,1375,1375,0.0,0.0,2
SAO,FOR,2026-10-03,Azul,18:05,1,1,2026-10-03 16:55,3136,3136,2026-10-03 16:55,1.2,3136,3136,0.0,0.0,1
SAO,FOR,2026-10-03,LATAM,23:50,2,6,2026-10-03 16:55,3836,3836,2026-10-03 16:55,6.9,3836,3836,0.0,0.0,6
SAO,CGB,2026-10-03,Gol,19:25,2,4,2026-10-03 16:55,2457,2457,2026-10-03 16:55,2.5,2457,2457,0.0,0.0,4
SAO,GYN,2026-10-03,LATAM,17:40,1,1,2026-10-03 16:55,3836,3836,2026-10-03 16:55,0.8,3836,3836,0.0,0.0,1
RIO,BHZ,2026-10-03,LATAM,22:25,2,6,2026-10-03 16:55,3836,3836,2026-10-03 16:55,5.5,3836,3836,0.0,0.0,6
RIO,BHZ,2026-10-03,Gol,20:55,2,5,2026-10-03 16:55,2063,2063,2026-10-03 16:55,4.0,2063,2063,0.0,0.0,5
RIO,BHZ,2026-10-03,LATAM,20:20,2,6,2026-10-03 16:55,1867,1867,2026-10-03 16:55,3.4,1867,2272,0.0,0.0,4
FLN,SAO,2026-10-03,Gol,18:35,3,1,2026-10-03 16:55,1631,1631,2026-10-03 16:55,1.7,1631,1631,0.0,0.0,1
POA,SAO,2026-10-03,LATAM,21:40,1,6,2026-10-03 16:55,3482,3482,2026-10-03 16:55,4.8,3482,3482,0.0,0.0,6
REC,SAO,2026-10-03,LATAM,21:30,1,11,2026-10-03 16:55,2492,2492,2026-10-03 16:55,4.6,2492,3480,0.0,0.0,5
FOR,SAO,2026-10-03,Gol,18:25,2,2,2026-10-03 16:55,1809,1809,2026-10-03 16:55,1.5,1809,1929,0.0,0.0,2
CGB,SAO,2026-10-03,Gol,17:20,2,3,2026-10-03 16:55,874,874,2026-10-03 16:55,0.4,874,1343,0.0,0.0,1
POA,FLN,2026-10-03,LATAM,20:05,1,5,2026-10-03 16:55,3659,3659,2026-10-03 16:55,3.2,3659,3721,0.0,0.0,5
SAO,FLN,2026-10-03,Gol,23:00,2,5,2026-10-03 17:54,3729,3729,2026-10-03 17:54,5.1,3729,3729,0.0,0.0,5
SAO,POA,2026-10-03,LATAM,23:45,2,5,2026-10-03 17:54,3455,3455,2026-10-03 17:54,5.8,3455,3455,0.0,0.0,5
SAO,CWB,2026-10-03,Gol,23:35,2,5,2026-10-03 17:54,2971,2971,2026-10-03 17:54,5.7,2971,2971,0.0,0.0,5
SAO,CWB,2026-10-03,LATAM,23:45,1,5,2026-10-03 17:54,3836,3836,2026-10-03 17:54,5.8,3836,3836,0.0,0.0,5
SAO,BSB,2026-10-03,LATAM,23:50,1,5,2026-10-03 17:54,3836,3836,2026-10-03 17:54,5.9,3836,3836,0.0,0.0,5
SAO,SSA,2026-10-03,Gol,21:50,1,4,2026-10-03 17:54,3264,3264,2026-10-03 17:54,3.9,3264,3264,0.0,0.0,4
SAO,REC,2026-10-03,LATAM,23:50,2,5,2026-10-03 17:54,3836,3836,2026-10-03 17:54,5.9,3836,3836,0.0,0.0,5
SAO,REC,2026-10-03,Gol,19:25,1,1,2026-10-03 17:54,1896,1896,2026-10-03 17:54,1.5,1896,1896,0.0,0.0,1
SAO,REC,2026-10-03,LATAM,23:45,2,5,2026-10-03 17:54,3836,3836,2026-10-03 17:54,5.8,3836,3836,0.0,0.0,5
SAO,REC,2026-10-03,LATAM,23:20,1,5,2026-10-03 17:54,3836,3836,2026-10-03 17:54,5.4,3836,3836,0.0,0.0,5
SAO,FOR,2026-10-03,Azul,23:10,1,5,2026-10-03 17:54,4350,4350,2026-10-03 17:54,5.3,4350,4350,0.0,0.0,5
SAO,GYN,2026-10-03,LATAM,23:45,2,1,2026-10-03 17:54,3631,3631,2026-10-03 17:54,5.8,3631,3631,0.0,0.0,1
SAO,GYN,2026-10-03,LATAM,23:50,2,4,2026-10-03 17:54,3836,3836,2026-10-03 17:54,5.9,3836,3836,0.0,0.0,4
RIO,BHZ,2026-10-03,LATAM,22:25,1,3,2026-10-03 17:54,3949,3949,2026-10-03 17:54,4.5,3949,3949,0.0,0.0,3
RIO,BHZ,2026-10-03,LATAM,20:10,1,4,2026-10-03 17:54,2546,2546,2026-10-03 17:54,2.3,2546,3482,0.0,0.0,3
RIO,SAO,2026-10-03,LATAM,20:50,2,4,2026-10-03 17:54,2276,2276,2026-10-03 17:54,2.9,2276,3456,0.0,0.0,3
RIO,SAO,2026-10-03,LATAM,22:25,1,5,2026-10-03 17:54,3836,3836,2026-10-03 17:54,4.5,3836,3836,0.0,0.0,5
RIO,SAO,2026-10-03,LATAM,21:35,1,5,2026-10-03 17:54,3836,3836,2026-10-03 17:54,3.7,3836,3836,0.0,0.0,5
CWB,SAO,2026-10-03,LATAM,21:50,2,5,2026-10-03 17:54,3849,3849,2026-10-03 17:54,3.9,3849,3849,0.0,0.0,5
REC,SAO,2026-10-03,Gol,23:00,2,5,2026-10-03 17:54,1923,1923,2026-10-03 17:54,5.1,1923,1923,0.0,0.0,5
FOR,SAO,2026-10-03,Gol,18:40,3,1,2026-10-03 17:54,3143,3143,2026-10-03 17:54,0.8,3143,3143,0.0,0.0,1
RIO,FLN,2026-10-03,LATAM,20:20,2,3,2026-10-03 17:54,1247,1247,2026-10-03 17:54,2.4,1247,1283,0.0,0.0,3
BHZ,RIO,2026-10-03,LATAM,19:50,2,3,2026-10-03 17:54,1873,1873,2026-10-03 17:54,1.9,1873,2209,0.0,0.0,2
SAO,POA,2026-10-03,LATAM,23:45,1,4,2026-10-03 18:09,3455,3455,2026-10-03 18:09,5.6,3455,3455,0.0,0.0,4
SAO,REC,2026-10-03,Gol,23:00,2,4,2026-10-03 18:09,2540,2540,2026-10-03 18:09,4.8,2540,2540,0.0,0.0,4
SAO,REC,2026-10-03,Gol,22:35,2,4,2026-10-03 18:09,1414,1414,2026-10-03 18:09,4.4,1414,1414,0.0,0.0,4
FLN,RIO,2026-10-03,Gol,19:30,3,2,2026-10-03 18:09,1434,1434,2026-10-03 18:09,1.4,1434,1434,0.0,0.0,2
RIO,SAO,2026-10-03,Aerolineas Argentinas e Gol,21:15,1,2,2026-10-03 18:09,3080,3080,2026-10-03 18:09,3.1,3080,3080,0.0,0.0,2
BSB,SAO,2026-10-03,LATAM,21:40,1,4,2026-10-03 18:09,3835,3835,2026-10-03 18:09,3.5,3835,3835,0.0,0.0,4
BSB,SAO,2026-10-03,LATAM e Aerolineas Argentinas,20:35,2,2,2026-10-03 18:09,4713,4713,2026-10-03 18:09,2.4,4713,4870,0.0,0.0,2
RIO,FLN,2026-10-03,Gol,20:55,2,3,2026-10-03 18:09,1188,1188,2026-10-03 18:09,2.8,1188,1188,0.0,0.0,3
BHZ,RIO,2026-10-03,LATAM,19:50,1,2,2026-10-03 18:09,3455,3455,2026-10-03 18:09,1.7,3455,3455,0.0,0.0,2
SAO,RIO,2026-10-03,Azul,21:20,0,1,2026-10-03 18:54,4032,4032,2026-10-03 18:54,2.4,4032,4032,0.0,0.0,1
SAO,CWB,2026-10-03,LATAM,23:50,2,3,2026-10-03 18:54,3836,3836,2026-10-03 18:54,4.9,3836,3836,0.0,0.0,3
SAO,BHZ,2026-10-03,LATAM,23:30,1,3,2026-10-03 18:54,3836,3836,2026-10-03 18:54,4.6,3836,3836,0.0,0.0,3
SAO,BHZ,2026-10-03,LATAM,23:50,2,3,2026-10-03 18:54,3836,3836,2026-10-03 18:54,4.9,3836,3836,0.0,0.0,3
SAO,GYN,2026-10-03,LATAM,22:55,2,3,2026-10-03 18:54,3631,3631,2026-10-03 18:54,4.0,3631,3631,0.0,0.0,3
SAO,GYN,2026-10-05,Gol,10:25,3,33,2026-10-03 18:54,1904,1904,2026-10-03 18:54,39.5,1904,2003,0.0,0.0,33
FLN,POA,2026-10-03,Gol e Aerolineas Argentinas,19:30,2,1,2026-10-03 18:54,3367,3367,2026-10-03 18:54,0.6,3367,3367,0.0,0.0,1
RIO,SAO,2026-10-03,LATAM,22:25,2,4,2026-10-03 18:54,3836,3836,2026-10-03 18:54,3.5,3836,3836,0.0,0.0,4
BHZ,SAO,2026-10-03,Gol e Aerolineas Argentinas,19:30,2,1,2026-10-03 18:54,5565,5565,2026-10-03 18:54,0.6,5565,5565,0.0,0.0,1
BSB,SAO,2026-10-03,LATAM,21:50,1,3,2026-10-03 18:54,3835,3835,2026-10-03 18:54,2.9,3835,3835,0.0,0.0,3
RIO,FLN,2026-10-03,Aerolineas Argentinas e Gol,21:15,1,1,2026-10-03 18:54,4172,4172,2026-10-03 18:54,2.4,4172,4172,0.0,0.0,1
RIO,FLN,2026-10-03,Aerolineas Argentinas e Gol,21:15,2,2,2026-10-03 18:54,3513,3513,2026-10-03 18:54,2.4,3513,3873,0.0,0.0,1
BHZ,RIO,2026-10-03,Gol,19:10,2,2,2026-10-03 18:54,2036,2036,2026-10-03 18:54,0.3,2036,2930,0.0,0.0,1
SAO,FLN,2026-10-03,LATAM,22:15,2,2,2026-10-03 19:55,3863,3863,2026-10-03 19:55,2.3,3863,3863,0.0,0.0,2
SAO,RIO,2026-10-03,LATAM,23:50,2,2,2026-10-03 19:55,3836,3836,2026-10-03 19:55,3.9,3836,3836,0.0,0.0,2
SAO,POA,2026-10-03,LATAM,23:50,2,2,2026-10-03 19:55,3836,3836,2026-10-03 19:55,3.9,3836,3836,0.0,0.0,2
SAO,BSB,2026-10-03,LATAM,22:15,1,2,2026-10-03 19:55,3863,3863,2026-10-03 19:55,2.3,3863,3863,0.0,0.0,2
SAO,CGB,2026-10-03,LATAM,22:15,2,2,2026-10-03 19:55,3482,3482,2026-10-03 19:55,2.3,3482,3482,0.0,0.0,2
SAO,GYN,2026-10-03,LATAM,22:15,2,2,2026-10-03 19:55,3482,3482,2026-10-03 19:55,2.3,3482,3482,0.0,0.0,2
FLN,CWB,2026-10-03,LATAM e Aerolineas Argentinas,20:20,2,1,2026-10-03 19:55,5012,5012,2026-10-03 19:55,0.4,5012,5012,0.0,0.0,1
RIO,BHZ,2026-10-03,Aerolineas Argentinas e Gol,21:15,2,3,2026-10-03 19:55,2662,2662,2026-10-03 19:55,1.3,2662,3450,0.0,0.0,1
BHZ,SAO,2026-10-03,LATAM,20:25,1,2,2026-10-03 19:55,3836,3836,2026-10-03 19:55,0.5,3836,3836,0.0,0.0,2
BSB,SAO,2026-10-03,LATAM,23:20,1,2,2026-10-03 19:55,3835,3835,2026-10-03 19:55,3.4,3835,3835,0.0,0.0,2
BSB,SAO,2026-10-03,LATAM,21:10,1,3,2026-10-03 19:55,3835,3835,2026-10-03 19:55,1.2,3835,3835,0.0,0.0,3
RIO,FLN,2026-10-03,LATAM,20:10,2,1,2026-10-03 19:55,1842,1842,2026-10-03 19:55,0.2,1842,1842,0.0,0.0,1
BHZ,RIO,2026-10-03,LATAM,20:25,1,1,2026-10-03 19:55,3836,3836,2026-10-03 19:55,0.5,3836,3836,0.0,0.0,1
BHZ,RIO,2026-10-03,LATAM,20:25,2,1,2026-10-03 19:55,3836,3836,2026-10-03 19:55,0.5,3836,3836,0.0,0.0,1
SAO,RIO,2026-10-03,LATAM,21:05,1,1,2026-10-03 20:55,3863,3863,2026-10-03 20:55,0.2,3863,3863,0.0,0.0,1
SAO,POA,2026-10-03,Gol,23:05,2,1,2026-10-03 20:55,1326,1326,2026-10-03 20:55,2.2,1326,1326,0.0,0.0,1
SAO,CWB,2026-10-03,LATAM,22:15,2,1,2026-10-03 20:55,3863,3863,2026-10-03 20:55,1.3,3863,3863,0.0,0.0,1
SAO,SSA,2026-10-03,Azul,22:55,1,1,2026-10-03 20:55,3587,3587,2026-10-03 20:55,2.0,3587,3587,0.0,0.0,1
SAO,SSA,2026-10-03,Gol,23:00,2,1,2026-10-03 20:55,3264,3264,2026-10-03 20:55,2.1,3264,3264,0.0,0.0,1
SAO,SSA,2026-10-03,Gol,23:35,2,1,2026-10-03 20:55,3412,3412,2026-10-03 20:55,2.7,3412,3412,0.0,0.0,1
SAO,SSA,2026-10-03,LATAM,22:15,2,1,2026-10-03 20:55,3090,3090,2026-10-03 20:55,1.3,3090,3090,0.0,0.0,1
SAO,REC,2026-10-03,LATAM,22:15,2,1,2026-10-03 20:55,2493,2493,2026-10-03 20:55,1.3,2493,2493,0.0,0.0,1
SAO,FOR,2026-10-03,Gol,23:05,2,1,2026-10-03 20:55,1785,1785,2026-10-03 20:55,2.2,1785,1785,0.0,0.0,1
SAO,FOR,2026-10-03,Gol,22:40,1,1,2026-10-03 20:55,3119,3119,2026-10-03 20:55,1.8,3119,3119,0.0,0.0,1
SAO,FOR,2026-10-04,Azul,08:10,1,5,2026-10-03 20:55,3019,3019,2026-10-03 20:55,11.2,3019,3019,0.0,0.0,5
SAO,GYN,2026-10-03,LATAM,23:00,1,1,2026-10-03 20:55,3836,3836,2026-10-03 20:55,2.1,3836,3836,0.0,0.0,1
CWB,FLN,2026-10-04,Gol,05:05,3,3,2026-10-03 21:54,871,871,2026-10-03 21:54,7.2,871,871,0.0,0.0,3
CWB,FLN,2026-10-05,Aerolineas Argentinas e LATAM,12:00,2,3,2026-10-03 21:54,3123,3123,2026-10-03 21:54,38.1,,3123,0.0,,3
RIO,FLN,2026-10-04,LATAM,06:00,1,6,2026-10-03 22:55,1247,1247,2026-10-03 22:55,7.1,1247,1247,0.0,0.0,6
SAO,FOR,2026-10-04,Azul,18:05,1,15,2026-10-04 00:55,3136,3136,2026-10-04 00:55,17.2,3136,3136,0.0,0.0,15
RIO,BHZ,2026-10-04,Gol,18:30,2,6,2026-10-04 00:55,907,907,2026-10-04 00:55,17.6,907,907,0.0,0.0,6
RIO,SAO,2026-10-05,Aerolineas Argentinas e Gol,11:35,1,1,2026-10-04 00:55,3002,3002,2026-10-04 00:55,34.7,,3002,0.0,,1
CGB,SAO,2026-10-04,LATAM,04:35,1,5,2026-10-04 00:55,1927,1927,2026-10-04 00:55,3.7,1927,1927,0.0,0.0,5
CWB,FLN,2026-10-04,Gol,09:15,1,8,2026-10-04 00:55,871,871,2026-10-04 00:55,8.3,871,871,0.0,0.0,8
BHZ,RIO,2026-10-04,LATAM,06:00,1,5,2026-10-04 00:55,1839,1839,2026-10-04 00:55,5.1,1839,1839,0.0,0.0,5
BHZ,RIO,2026-10-05,Gol,14:10,1,12,2026-10-04 00:55,1936,1936,2026-10-04 00:55,37.2,2036,2036,0.0,-0.052,12
CWB,FLN,2026-10-05,Gol,12:10,2,27,2026-10-04 01:55,871,871,2026-10-04 01:55,34.2,871,914,0.0,0.0,27
BSB,SAO,2026-10-04,Azul,06:46,0,3,2026-10-04 02:43,3315,3315,2026-10-04 02:43,4.0,3315,3315,0.0,0.0,3
FOR,SAO,2026-10-05,LATAM,13:40,2,16,2026-10-04 03:54,2311,2311,2026-10-04 03:54,33.8,2311,2436,0.0,0.0,16
CGB,SAO,2026-10-04,Gol,04:45,2,2,2026-10-04 03:54,833,833,2026-10-04 03:54,0.8,833,833,0.0,0.0,2
BHZ,RIO,2026-10-04,LATAM,13:43,1,9,2026-10-04 03:54,1839,1839,2026-10-04 03:54,9.8,1839,3455,0.0,0.0,8
SAO,POA,2026-10-05,Gol e Aerolineas Argentinas,10:25,2,1,2026-10-04 05:55,3056,3056,2026-10-04 05:55,28.5,,3056,0.0,,1
SAO,FOR,2026-10-04,Gol,19:40,1,14,2026-10-04 05:55,1838,1838,2026-10-04 05:55,13.8,1838,1838,0.0,0.0,14
FLN,SAO,2026-10-04,LATAM,17:50,1,11,2026-10-04 05:55,1466,1466,2026-10-04 05:55,11.9,1466,1466,0.0,0.0,11
RIO,SAO,2026-10-04,Aerolineas Argentinas,10:15,1,1,2026-10-04 05:55,2892,2892,2026-10-04 05:55,4.3,2892,2892,0.0,0.0,1
RIO,SAO,2026-10-05,Aerolineas Argentinas,11:35,1,1,2026-10-04 05:55,2715,2715,2026-10-04 05:55,29.7,,2715,0.0,,1
CWB,SAO,2026-10-04,Gol,18:15,1,11,2026-10-04 05:55,781,781,2026-10-04 05:55,12.3,781,2611,0.0,0.0,9
BHZ,SAO,2026-10-04,Gol,18:50,1,13,2026-10-04 05:55,1115,1115,2026-10-04 05:55,12.9,1115,1115,0.0,0.0,13
FOR,SAO,2026-10-04,Gol,06:00,1,1,2026-10-04 05:55,1836,1836,2026-10-04 05:55,0.1,1836,1836,0.0,0.0,1
POA,FLN,2026-10-04,Aerolineas Argentinas e Gol,21:05,2,3,2026-10-04 05:55,2983,2983,2026-10-04 05:55,15.2,2983,4127,0.0,0.0,2
FLN,POA,2026-10-04,LATAM e Aerolineas Argentinas,15:15,2,3,2026-10-04 06:55,4553,4553,2026-10-04 06:55,8.3,4553,4793,0.0,0.0,3
FLN,POA,2026-10-04,LATAM,20:20,1,15,2026-10-04 06:55,3192,3192,2026-10-04 06:55,13.4,3192,3477,0.0,0.0,15
FLN,CWB,2026-10-04,LATAM,09:15,1,3,2026-10-04 06:55,3448,3448,2026-10-04 06:55,2.3,3448,3477,0.0,0.0,3
POA,SAO,2026-10-04,LATAM,10:00,2,3,2026-10-04 06:55,1143,1143,2026-10-04 06:55,3.1,1143,1143,0.0,0.0,3
CWB,SAO,2026-10-04,Azul,10:50,0,3,2026-10-04 06:55,4162,4162,2026-10-04 06:55,3.9,4162,4162,0.0,0.0,3
FOR,SAO,2026-10-04,Azul,12:55,0,4,2026-10-04 06:55,4015,4015,2026-10-04 06:55,6.0,4015,4015,0.0,0.0,4
FLN,CWB,2026-10-04,LATAM,16:30,1,9,2026-10-04 07:54,3448,3448,2026-10-04 07:54,8.6,3448,3448,0.0,0.0,9
FLN,CWB,2026-10-04,Gol,16:05,1,9,2026-10-04 07:54,3309,3309,2026-10-04 07:54,8.2,3309,3309,0.0,0.0,9
FLN,CWB,2026-10-04,Gol,18:55,1,12,2026-10-04 07:54,3309,3309,2026-10-04 07:54,11.0,3309,3309,0.0,0.0,12
FLN,CWB,2026-10-04,LATAM,11:50,1,3,2026-10-04 07:54,3448,3448,2026-10-04 07:54,3.9,3448,3448,0.0,0.0,3
FLN,CWB,2026-10-04,LATAM,20:20,1,15,2026-10-04 07:54,3448,3448,2026-10-04 07:54,12.4,3448,3477,0.0,0.0,15
FLN,CWB,2026-10-04,LATAM,14:00,1,6,2026-10-04 07:54,3448,3448,2026-10-04 07:54,6.1,3448,3477,0.0,0.0,6
FLN,POA,2026-10-04,LATAM,20:25,1,14,2026-10-04 08:55,3192,3192,2026-10-04 08:55,11.5,3192,3477,0.0,0.0,14
RIO,FLN,2026-10-04,Gol,12:55,1,1,2026-10-04 08:55,2425,2425,2026-10-04 08:55,4.0,2425,2425,0.0,0.0,1
RIO,FLN,2026-10-04,LATAM,12:15,1,2,2026-10-04 08:55,2003,2003,2026-10-04 08:55,3.3,2003,2003,0.0,0.0,2
RIO,FLN,2026-10-04,LATAM,17:45,1,10,2026-10-04 08:55,1512,1512,2026-10-04 08:55,8.8,1512,1692,0.0,0.0,7
POA,FLN,2026-10-04,LATAM,20:05,1,14,2026-10-04 08:55,3198,3198,2026-10-04 08:55,11.2,3198,3482,0.0,0.0,14
POA,FLN,2026-10-04,LATAM,17:00,1,9,2026-10-04 08:55,3198,3198,2026-10-04 08:55,8.1,3198,3198,0.0,0.0,9
SAO,GYN,2026-10-05,Azul,12:30,1,19,2026-10-04 09:15,1431,1431,2026-10-04 09:15,27.2,1431,1528,0.0,0.0,19
FLN,RIO,2026-10-04,LATAM,15:35,1,4,2026-10-04 09:15,1506,1506,2026-10-04 09:15,6.3,1506,1506,0.0,0.0,4
SAO,FLN,2026-10-04,Gol,18:00,1,5,2026-10-04 10:55,1529,1529,2026-10-04 10:55,7.1,1529,1529,0.0,0.0,5
SAO,SSA,2026-10-04,Gol,18:35,1,10,2026-10-04 10:55,3257,3257,2026-10-04 10:55,7.7,3257,3257,0.0,0.0,10
SAO,REC,2026-10-05,Gol,08:50,0,5,2026-10-04 10:55,667,667,2026-10-04 10:55,21.9,667,2932,0.0,0.0,1
SAO,FOR,2026-10-04,Gol,18:00,1,6,2026-10-04 10:55,2445,2445,2026-10-04 10:55,7.1,2445,2445,0.0,0.0,6
SAO,FOR,2026-10-04,Gol,23:45,2,14,2026-10-04 10:55,1698,1698,2026-10-04 10:55,12.8,1698,2194,0.0,0.0,2
SAO,FOR,2026-10-05,Gol,06:30,1,22,2026-10-04 10:55,1838,1838,2026-10-04 10:55,19.6,1838,1932,0.0,0.0,19
SAO,CGB,2026-10-04,Gol,16:45,1,5,2026-10-04 10:55,1075,1075,2026-10-04 10:55,5.8,1075,1075,0.0,0.0,5
FLN,RIO,2026-10-04,Gol,18:55,2,10,2026-10-04 10:55,1365,1365,2026-10-04 10:55,8.0,1365,1365,0.0,0.0,10
FLN,RIO,2026-10-04,Gol,18:55,3,10,2026-10-04 10:55,1365,1365,2026-10-04 10:55,8.0,1365,1365,0.0,0.0,10
RIO,BHZ,2026-10-04,LATAM,16:20,1,3,2026-10-04 10:55,1867,1867,2026-10-04 10:55,5.4,1867,1867,0.0,0.0,3
RIO,BHZ,2026-10-04,Gol,16:35,1,7,2026-10-04 10:55,1963,1963,2026-10-04 10:55,5.7,1963,1963,0.0,0.0,7
POA,SAO,2026-10-04,LATAM,21:40,2,13,2026-10-04 10:55,1143,1143,2026-10-04 10:55,10.8,1143,3482,0.0,0.0,12
FOR,SAO,2026-10-04,Gol,12:50,0,1,2026-10-04 10:55,3434,3434,2026-10-04 10:55,1.9,3434,3434,0.0,0.0,1
FOR,SAO,2026-10-04,LATAM,17:00,1,2,2026-10-04 10:55,2732,2732,2026-10-04 10:55,6.1,2732,2732,0.0,0.0,2
CGB,SAO,2026-10-04,LATAM,17:05,1,9,2026-10-04 10:55,2281,2281,2026-10-04 10:55,6.2,2281,3468,0.0,0.0,8
RIO,FLN,2026-10-04,Azul,20:30,1,11,2026-10-04 10:55,4463,4463,2026-10-04 10:55,9.6,4463,4463,0.0,0.0,11
CWB,FLN,2026-10-04,LATAM,17:20,1,3,2026-10-04 10:55,3439,3439,2026-10-04 10:55,6.4,3439,3439,0.0,0.0,3
CWB,FLN,2026-10-04,LATAM,21:50,2,14,2026-10-04 10:55,3849,3849,2026-10-04 10:55,10.9,3849,3849,0.0,0.0,14
CWB,FLN,2026-10-04,LATAM,19:20,1,11,2026-10-04 10:55,3439,3439,2026-10-04 10:55,8.4,3439,3468,0.0,0.0,11
SAO,FOR,2026-10-04,Azul,20:55,1,10,2026-10-04 11:54,3322,3322,2026-10-04 11:54,9.0,3322,3322,0.0,0.0,10
SAO,GYN,2026-10-04,Gol,23:00,2,18,2026-10-04 11:54,646,646,2026-10-04 11:54,11.1,646,2037,0.0,0.0,13
FLN,CWB,2026-10-04,LATAM,17:50,1,8,2026-10-04 11:54,3857,3857,2026-10-04 11:54,5.9,3857,3857,0.0,0.0,8
FOR,SAO,2026-10-04,LATAM,23:00,2,13,2026-10-04 11:54,2732,2732,2026-10-04 11:54,11.1,2732,2732,0.0,0.0,13
FOR,SAO,2026-10-04,LATAM,23:00,1,13,2026-10-04 11:54,3480,3480,2026-10-04 11:54,11.1,3480,3480,0.0,0.0,13
FOR,SAO,2026-10-04,Gol,16:30,1,5,2026-10-04 11:54,2471,2471,2026-10-04 11:54,4.6,2471,2471,0.0,0.0,5
RIO,FLN,2026-10-04,LATAM,20:10,1,7,2026-10-04 11:54,1512,1512,2026-10-04 11:54,8.3,1512,3482,0.0,0.0,1
POA,FLN,2026-10-04,Gol,14:05,1,2,2026-10-04 11:54,1498,1498,2026-10-04 11:54,2.2,1498,1498,0.0,0.0,2
SAO,FLN,2026-10-05,LATAM,05:40,1,8,2026-10-04 12:55,1442,1442,2026-10-04 12:55,16.8,1442,1442,0.0,0.0,8
SAO,BHZ,2026-10-05,Gol,05:00,2,7,2026-10-04 12:55,590,590,2026-10-04 12:55,16.1,590,619,0.0,0.0,7
SAO,CGB,2026-10-05,LATAM,05:40,1,1,2026-10-04 12:55,1587,1587,2026-10-04 12:55,16.8,1587,1587,0.0,0.0,1
BHZ,SAO,2026-10-04,LATAM,13:00,0,1,2026-10-04 12:55,3366,3366,2026-10-04 12:55,0.1,3366,3366,0.0,0.0,1
FOR,SAO,2026-10-04,Azul,18:15,1,10,2026-10-04 12:55,4298,4298,2026-10-04 12:55,5.3,4298,4298,0.0,0.0,10
RIO,FLN,2026-10-04,LATAM,13:55,1,1,2026-10-04 12:55,2003,2003,2026-10-04 12:55,1.0,2003,2003,0.0,0.0,1
RIO,FLN,2026-10-04,LATAM,20:45,2,11,2026-10-04 12:55,1512,1512,2026-10-04 12:55,7.8,1512,1842,0.0,0.0,10
POA,FLN,2026-10-04,Aerolineas Argentinas e LATAM,21:05,2,3,2026-10-04 12:55,2978,2978,2026-10-04 12:55,8.2,2978,4388,0.0,0.0,1
CWB,FLN,2026-10-05,Gol,11:25,1,18,2026-10-04 12:55,871,871,2026-10-04 12:55,22.5,871,914,0.0,0.0,18
SAO,FOR,2026-10-04,LATAM,15:30,1,3,2026-10-04 13:55,3455,3455,2026-10-04 13:55,1.6,3455,3455,0.0,0.0,3
SAO,CGB,2026-10-04,Gol,16:50,1,3,2026-10-04 13:55,1292,1292,2026-10-04 13:55,2.9,1292,1292,0.0,0.0,3
FLN,RIO,2026-10-04,LATAM,20:20,2,8,2026-10-04 13:55,1506,1506,2026-10-04 13:55,6.4,1506,1506,0.0,0.0,8
FLN,RIO,2026-10-04,Gol,18:55,1,7,2026-10-04 13:55,2577,2577,2026-10-04 13:55,5.0,2577,2577,0.0,0.0,7
FLN,RIO,2026-10-04,LATAM,17:50,1,6,2026-10-04 13:55,2444,2444,2026-10-04 13:55,3.9,2444,3477,0.0,0.0,4
FLN,RIO,2026-10-04,LATAM,20:25,1,13,2026-10-04 13:55,1506,1506,2026-10-04 13:55,6.5,1506,3477,0.0,0.0,6
FLN,CWB,2026-10-04,LATAM,20:25,1,10,2026-10-04 13:55,3448,3448,2026-10-04 13:55,6.5,3448,3477,0.0,0.0,10
SSA,SAO,2026-10-04,LATAM,18:25,2,6,2026-10-04 13:55,1789,1789,2026-10-04 13:55,4.5,1789,1789,0.0,0.0,6
REC,SAO,2026-10-04,Gol,15:20,1,1,2026-10-04 13:55,1532,1532,2026-10-04 13:55,1.4,1532,1532,0.0,0.0,1
REC,SAO,2026-10-05,Gol,02:20,1,3,2026-10-04 13:55,1117,1117,2026-10-04 13:55,12.4,1117,1117,0.0,0.0,3
RIO,FLN,2026-10-04,LATAM,17:00,1,4,2026-10-04 13:55,1512,1512,2026-10-04 13:55,3.1,1512,3482,0.0,0.0,3
REC,SAO,2026-10-04,Gol,15:20,2,1,2026-10-04 14:00,1812,1812,2026-10-04 14:00,1.3,1812,1812,0.0,0.0,1
SAO,FLN,2026-10-04,Gol,18:35,1,5,2026-10-04 14:55,2035,2035,2026-10-04 14:55,3.7,2035,2499,0.0,0.0,1
SAO,REC,2026-10-04,LATAM,18:25,1,4,2026-10-04 14:55,2493,2493,2026-10-04 14:55,3.5,2493,2493,0.0,0.0,4
RIO,BHZ,2026-10-04,LATAM,17:45,1,2,2026-10-04 14:55,1867,1867,2026-10-04 14:55,2.8,1867,1902,0.0,0.0,2
CWB,SAO,2026-10-04,LATAM,17:35,1,2,2026-10-04 14:55,2281,2281,2026-10-04 14:55,2.7,2281,2281,0.0,0.0,2
REC,SAO,2026-10-04,LATAM,18:30,2,8,2026-10-04 14:55,2001,2001,2026-10-04 14:55,3.6,2001,3480,0.0,0.0,4
REC,SAO,2026-10-04,Gol,16:50,2,1,2026-10-04 14:55,2558,2558,2026-10-04 14:55,1.9,2558,2558,0.0,0.0,1
REC,SAO,2026-10-04,Gol,17:30,1,2,2026-10-04 14:55,2682,2682,2026-10-04 14:55,2.6,2682,2812,0.0,0.0,2
RIO,FLN,2026-10-04,Azul,19:20,1,6,2026-10-04 14:55,2047,2047,2026-10-04 14:55,4.4,2047,2047,0.0,0.0,6
POA,FLN,2026-10-04,LATAM,21:40,2,9,2026-10-04 14:55,3198,3198,2026-10-04 14:55,6.8,3198,3482,0.0,0.0,9
SAO,BHZ,2026-10-04,Gol,18:35,2,3,2026-10-04 15:54,1113,1113,2026-10-04 15:54,2.7,1113,1113,0.0,0.0,3
SAO,SSA,2026-10-04,LATAM,23:20,1,8,2026-10-04 15:54,2941,2941,2026-10-04 15:54,7.4,2941,2941,0.0,0.0,8
SAO,FOR,2026-10-04,LATAM,20:45,1,7,2026-10-04 15:54,3455,3455,2026-10-04 15:54,4.8,3455,3455,0.0,0.0,7
SAO,FOR,2026-10-04,Gol,18:35,1,4,2026-10-04 15:54,2445,2445,2026-10-04 15:54,2.7,2445,2445,0.0,0.0,4
SAO,GYN,2026-10-04,Gol,23:45,2,8,2026-10-04 15:54,794,794,2026-10-04 15:54,7.8,794,989,0.0,0.0,6
FLN,RIO,2026-10-04,Gol e Aerolineas Argentinas,17:15,1,3,2026-10-04 15:54,2754,2754,2026-10-04 15:54,1.4,2754,5742,0.0,0.0,1
RIO,BHZ,2026-10-04,LATAM,20:45,2,8,2026-10-04 15:54,1867,1867,2026-10-04 15:54,4.8,1867,2272,0.0,0.0,6
REC,SAO,2026-10-05,Gol,11:55,2,18,2026-10-04 15:54,1290,1290,2026-10-04 15:54,20.0,1290,2137,0.0,0.0,17
REC,SAO,2026-10-05,Gol,10:50,2,5,2026-10-04 15:54,1117,1117,2026-10-04 15:54,18.9,1117,1439,0.0,0.0,4
FOR,SAO,2026-10-04,Azul,20:35,1,8,2026-10-04 15:54,4067,4067,2026-10-04 15:54,4.7,4067,4105,0.0,0.0,8
FOR,SAO,2026-10-04,Gol,17:10,2,1,2026-10-04 15:54,1836,1836,2026-10-04 15:54,1.3,1836,1836,0.0,0.0,1
CGB,SAO,2026-10-05,Gol,04:45,2,11,2026-10-04 15:54,832,832,2026-10-04 15:54,12.8,832,1142,0.0,0.0,9
RIO,FLN,2026-10-04,Gol,15:55,2,1,2026-10-04 15:54,2009,2009,2026-10-04 15:54,0.0,2009,2009,0.0,0.0,1
SAO,FLN,2026-10-04,Gol e Aerolineas Argentinas,22:00,2,2,2026-10-04 16:55,3850,3850,2026-10-04 16:55,5.1,3850,3850,0.0,0.0,2
SAO,FLN,2026-10-04,LATAM,23:50,2,7,2026-10-04 16:55,3836,3836,2026-10-04 16:55,6.9,3836,3836,0.0,0.0,7
SAO,CWB,2026-10-04,Gol,23:45,2,6,2026-10-04 16:55,1058,1058,2026-10-04 16:55,6.8,1058,1112,0.0,0.0,6
SAO,SSA,2026-10-04,Gol,23:45,2,7,2026-10-04 16:55,3103,3103,2026-10-04 16:55,6.8,3103,3264,0.0,0.0,7
SAO,REC,2026-10-04,Gol,19:00,1,2,2026-10-04 16:55,1093,1093,2026-10-04 16:55,2.1,1093,1093,0.0,0.0,2
RIO,BHZ,2026-10-04,Gol,20:55,2,6,2026-10-04 16:55,1963,1963,2026-10-04 16:55,4.0,1963,2063,0.0,0.0,6
RIO,BHZ,2026-10-04,Gol,23:15,1,7,2026-10-04 16:55,2786,2786,2026-10-04 16:55,6.3,2786,2930,0.0,0.0,7
POA,SAO,2026-10-04,Gol,19:40,2,2,2026-10-04 16:55,3190,3190,2026-10-04 16:55,2.8,3190,3190,0.0,0.0,2
FOR,SAO,2026-10-04,LATAM,21:25,2,7,2026-10-04 16:55,3480,3480,2026-10-04 16:55,4.5,3480,3480,0.0,0.0,7
RIO,FLN,2026-10-04,Gol,23:35,2,6,2026-10-04 16:55,2556,2556,2026-10-04 16:55,6.7,2556,2688,0.0,0.0,6
SAO,FLN,2026-10-04,Gol e Aerolineas Argentinas,22:10,2,1,2026-10-04 17:06,4067,4067,2026-10-04 17:06,5.1,4067,4067,0.0,0.0,1
CGB,SAO,2026-10-04,LATAM,17:05,2,2,2026-10-04 17:06,3468,3468,2026-10-04 17:06,-0.0,3468,3468,0.0,0.0,2
CGB,SAO,2026-10-04,Gol,23:00,3,1,2026-10-04 17:06,2351,2351,2026-10-04 17:06,5.9,2351,2351,0.0,0.0,1
CGB,SAO,2026-10-04,Gol,23:00,2,1,2026-10-04 17:06,1709,1709,2026-10-04 17:06,5.9,1709,1709,0.0,0.0,1
RIO,FLN,2026-10-04,Gol,20:55,3,2,2026-10-04 17:06,2009,2009,2026-10-04 17:06,3.8,2009,2009,0.0,0.0,2
BHZ,RIO,2026-10-04,LATAM,19:50,2,3,2026-10-04 17:06,1839,1839,2026-10-04 17:06,2.7,1839,1901,0.0,0.0,3
SAO,POA,2026-10-04,Gol,23:45,2,5,2026-10-04 17:55,1262,1262,2026-10-04 17:55,5.8,1262,1326,0.0,0.0,5
SAO,CWB,2026-10-04,LATAM,18:40,0,1,2026-10-04 17:55,741,741,2026-10-04 17:55,0.8,741,741,0.0,0.0,1
SAO,REC,2026-10-04,LATAM,23:50,2,5,2026-10-04 17:55,3836,3836,2026-10-04 17:55,5.9,3836,3836,0.0,0.0,5
SAO,REC,2026-10-04,Gol,19:40,1,1,2026-10-04 17:55,1292,1292,2026-10-04 17:55,1.8,1292,1292,0.0,0.0,1
SAO,FOR,2026-10-04,Azul,21:40,1,1,2026-10-04 17:55,3136,3136,2026-10-04 17:55,3.8,3136,3136,0.0,0.0,1
FLN,RIO,2026-10-04,LATAM e Aerolineas Argentinas,20:20,2,1,2026-10-04 17:55,3785,3785,2026-10-04 17:55,2.4,3785,3785,0.0,0.0,1
FLN,RIO,2026-10-04,LATAM,20:25,2,2,2026-10-04 17:55,1506,1506,2026-10-04 17:55,2.5,1506,1506,0.0,0.0,2
FLN,RIO,2026-10-04,Gol e Aerolineas Argentinas,18:55,2,1,2026-10-04 17:55,3639,3639,2026-10-04 17:55,1.0,3639,3639,0.0,0.0,1
FLN,CWB,2026-10-05,LATAM,06:40,1,7,2026-10-04 17:55,3448,3448,2026-10-04 17:55,12.8,3448,3448,0.0,0.0,7
RIO,BHZ,2026-10-04,LATAM,22:15,1,5,2026-10-04 17:55,3836,3836,2026-10-04 17:55,4.3,3836,3836,0.0,0.0,5
POA,SAO,2026-10-04,LATAM,21:40,1,6,2026-10-04 17:55,3482,3482,2026-10-04 17:55,3.8,3482,3482,0.0,0.0,6
CWB,SAO,2026-10-04,LATAM,18:25,0,1,2026-10-04 17:55,741,741,2026-10-04 17:55,0.5,741,741,0.0,0.0,1
CWB,SAO,2026-10-04,LATAM e Aerolineas Argentinas,21:50,2,2,2026-10-04 17:55,3435,3435,2026-10-04 17:55,3.9,3435,3435,0.0,0.0,2
CWB,SAO,2026-10-04,Gol,18:15,3,1,2026-10-04 17:55,3064,3064,2026-10-04 17:55,0.3,3064,3064,0.0,0.0,1
CWB,SAO,2026-10-04,LATAM,21:50,1,8,2026-10-04 17:55,3849,3849,2026-10-04 17:55,3.9,3849,3849,0.0,0.0,8
SSA,SAO,2026-10-04,Gol,19:50,2,1,2026-10-04 17:55,3252,3252,2026-10-04 17:55,1.9,3252,3252,0.0,0.0,1
SSA,SAO,2026-10-04,Gol,19:50,1,2,2026-10-04 17:55,3279,3279,2026-10-04 17:55,1.9,3279,3449,0.0,0.0,2
REC,SAO,2026-10-04,LATAM,18:30,1,1,2026-10-04 17:55,3480,3480,2026-10-04 17:55,0.6,3480,3480,0.0,0.0,1
GYN,SAO,2026-10-04,Gol,18:10,1,1,2026-10-04 17:55,1921,1921,2026-10-04 17:55,0.2,1921,1921,0.0,0.0,1
RIO,FLN,2026-10-04,LATAM,23:10,2,4,2026-10-04 17:55,3836,3836,2026-10-04 17:55,5.2,3836,3836,0.0,0.0,4
BHZ,RIO,2026-10-04,Gol,20:45,2,3,2026-10-04 17:55,1936,1936,2026-10-04 17:55,2.8,1936,2036,0.0,0.0,3
SAO,FLN,2026-10-04,Gol,20:50,2,2,2026-10-04 18:54,3418,3418,2026-10-04 18:54,1.9,3418,3418,0.0,0.0,2
SAO,FLN,2026-10-05,Gol,05:00,2,11,2026-10-04 18:54,959,959,2026-10-04 18:54,10.1,959,959,0.0,0.0,11
SAO,CWB,2026-10-04,LATAM,23:20,1,4,2026-10-04 18:54,3836,3836,2026-10-04 18:54,4.4,3836,3836,0.0,0.0,4
SAO,BSB,2026-10-04,LATAM,23:20,1,4,2026-10-04 18:54,3455,3455,2026-10-04 18:54,4.4,3455,3455,0.0,0.0,4
SAO,REC,2026-10-04,LATAM,23:20,2,2,2026-10-04 18:54,3836,3836,2026-10-04 18:54,4.4,3836,3836,0.0,0.0,2
SAO,REC,2026-10-04,Gol,20:50,2,1,2026-10-04 18:54,1357,1357,2026-10-04 18:54,1.9,1357,1357,0.0,0.0,1
SAO,FOR,2026-10-04,LATAM,23:50,2,4,2026-10-04 18:54,3836,3836,2026-10-04 18:54,4.9,3836,3836,0.0,0.0,4
SAO,FOR,2026-10-04,Gol,20:50,2,1,2026-10-04 18:54,1932,1932,2026-10-04 18:54,1.9,1932,1932,0.0,0.0,1
FLN,POA,2026-10-05,Gol,08:00,1,4,2026-10-04 18:54,1567,1567,2026-10-04 18:54,13.1,1567,1567,0.0,0.0,4
RIO,SAO,2026-10-04,LATAM,23:10,1,6,2026-10-04 18:54,3836,3836,2026-10-04 18:54,4.3,3836,3836,0.0,0.0,6
BSB,SAO,2026-10-04,Gol e Aerolineas Argentinas,20:50,2,1,2026-10-04 18:54,3287,3287,2026-10-04 18:54,1.9,3287,3287,0.0,0.0,1
BSB,SAO,2026-10-04,LATAM,21:40,1,4,2026-10-04 18:54,3835,3835,2026-10-04 18:54,2.8,3835,3835,0.0,0.0,4
BSB,SAO,2026-10-04,LATAM,21:20,1,4,2026-10-04 18:54,3454,3454,2026-10-04 18:54,2.4,3454,3454,0.0,0.0,4
BHZ,RIO,2026-10-04,LATAM,19:50,1,1,2026-10-04 18:54,3455,3455,2026-10-04 18:54,0.9,3455,3455,0.0,0.0,1
SAO,RIO,2026-10-04,LATAM,23:50,2,3,2026-10-04 19:55,3836,3836,2026-10-04 19:55,3.9,3836,3836,0.0,0.0,3
SAO,POA,2026-10-04,LATAM,23:50,2,3,2026-10-04 19:55,3836,3836,2026-10-04 19:55,3.9,3836,3836,0.0,0.0,3
SAO,CWB,2026-10-04,LATAM,23:30,1,3,2026-10-04 19:55,3836,3836,2026-10-04 19:55,3.6,3836,3836,0.0,0.0,3
SAO,CWB,2026-10-04,LATAM,23:50,2,3,2026-10-04 19:55,3836,3836,2026-10-04 19:55,3.9,3836,3836,0.0,0.0,3
SAO,BHZ,2026-10-04,LATAM,23:30,1,3,2026-10-04 19:55,3836,3836,2026-10-04 19:55,3.6,3836,3836,0.0,0.0,3
SAO,BHZ,2026-10-04,LATAM,23:50,2,3,2026-10-04 19:55,3836,3836,2026-10-04 19:55,3.9,3836,3836,0.0,0.0,3
SAO,BSB,2026-10-04,LATAM,23:50,1,3,2026-10-04 19:55,3836,3836,2026-10-04 19:55,3.9,3836,3836,0.0,0.0,3
SAO,BSB,2026-10-04,LATAM,20:00,0,1,2026-10-04 19:55,3455,3455,2026-10-04 19:55,0.1,3455,3455,0.0,0.0,1
SAO,REC,2026-10-04,Gol,22:15,2,2,2026-10-04 19:55,1584,1584,2026-10-04 19:55,2.3,1584,1584,0.0,0.0,2
SAO,REC,2026-10-04,LATAM,22:15,2,3,2026-10-04 19:55,2493,2493,2026-10-04 19:55,2.3,2493,2493,0.0,0.0,3
SAO,FOR,2026-10-04,Gol,20:15,2,2,2026-10-04 19:55,3388,3388,2026-10-04 19:55,0.3,3388,3388,0.0,0.0,2
SAO,FOR,2026-10-04,Azul,21:55,1,2,2026-10-04 19:55,3446,3446,2026-10-04 19:55,2.0,3446,3446,0.0,0.0,2
RIO,BHZ,2026-10-04,Gol,23:35,2,6,2026-10-04 19:55,2930,2930,2026-10-04 19:55,3.7,2930,3887,0.0,0.0,3
POA,SAO,2026-10-04,Aerolineas Argentinas e Gol,21:05,2,7,2026-10-04 19:55,2581,2581,2026-10-04 19:55,1.2,2581,5203,0.0,0.0,1
CWB,SAO,2026-10-04,LATAM,21:50,2,3,2026-10-04 19:55,3849,3849,2026-10-04 19:55,1.9,3849,3849,0.0,0.0,3
BHZ,SAO,2026-10-04,LATAM,20:25,1,3,2026-10-04 19:55,3836,3836,2026-10-04 19:55,0.5,3836,3836,0.0,0.0,3
BSB,SAO,2026-10-04,LATAM,21:50,1,3,2026-10-04 19:55,3835,3835,2026-10-04 19:55,1.9,3835,3835,0.0,0.0,3
BSB,SAO,2026-10-04,LATAM,21:10,1,5,2026-10-04 19:55,3835,3835,2026-10-04 19:55,1.2,3835,3835,0.0,0.0,5
FOR,SAO,2026-10-05,Gol,04:50,2,1,2026-10-04 19:55,1929,1929,2026-10-04 19:55,8.9,1929,1929,0.0,0.0,1
BHZ,RIO,2026-10-04,LATAM,20:25,2,1,2026-10-04 19:55,3836,3836,2026-10-04 19:55,0.5,3836,3836,0.0,0.0,1
SAO,FLN,2026-10-04,Gol,20:35,2,1,2026-10-04 20:07,3418,3418,2026-10-04 20:07,0.5,3418,3418,0.0,0.0,1
SAO,BHZ,2026-10-04,Aerolineas Argentinas e Gol,20:20,2,1,2026-10-04 20:07,4453,4453,2026-10-04 20:07,0.2,4453,4453,0.0,0.0,1
SAO,GYN,2026-10-04,Gol,22:45,2,2,2026-10-04 20:07,1859,1859,2026-10-04 20:07,2.6,1859,1859,0.0,0.0,2
BSB,SAO,2026-10-04,LATAM,23:20,1,2,2026-10-04 20:07,3835,3835,2026-10-04 20:07,3.2,3835,3835,0.0,0.0,2
SAO,FLN,2026-10-04,Gol,22:45,2,1,2026-10-04 20:55,3729,3729,2026-10-04 20:55,1.8,3729,3729,0.0,0.0,1
SAO,FLN,2026-10-04,LATAM,22:15,2,1,2026-10-04 20:55,3863,3863,2026-10-04 20:55,1.3,3863,3863,0.0,0.0,1
SAO,RIO,2026-10-04,LATAM,23:30,1,1,2026-10-04 20:55,3836,3836,2026-10-04 20:55,2.6,3836,3836,0.0,0.0,1
SAO,RIO,2026-10-04,LATAM,21:20,1,1,2026-10-04 20:55,3863,3863,2026-10-04 20:55,0.4,3863,3863,0.0,0.0,1
SAO,BSB,2026-10-04,LATAM,22:15,1,1,2026-10-04 20:55,3863,3863,2026-10-04 20:55,1.3,3863,3863,0.0,0.0,1
SAO,SSA,2026-10-04,LATAM,22:15,2,1,2026-10-04 20:55,3090,3090,2026-10-04 20:55,1.3,3090,3090,0.0,0.0,1
SAO,FOR,2026-10-04,Azul,22:40,1,1,2026-10-04 20:55,3766,3766,2026-10-04 20:55,1.8,3766,3766,0.0,0.0,1
SAO,FOR,2026-10-04,LATAM,22:15,2,1,2026-10-04 20:55,3482,3482,2026-10-04 20:55,1.3,3482,3482,0.0,0.0,1
SAO,GYN,2026-10-04,LATAM,23:00,1,1,2026-10-04 20:55,3455,3455,2026-10-04 20:55,2.1,3455,3455,0.0,0.0,1
RIO,BHZ,2026-10-04,LATAM,22:25,1,1,2026-10-04 20:55,3949,3949,2026-10-04 20:55,1.5,3949,3949,0.0,0.0,1
RIO,FLN,2026-10-04,Gol,21:00,3,1,2026-10-04 20:55,3090,3090,2026-10-04 20:55,0.1,3090,3090,0.0,0.0,1
SAO,FLN,2026-10-05,Gol,11:25,3,3,2026-10-05 00:54,959,959,2026-10-05 00:54,10.5,959,959,0.0,0.0,3
SAO,POA,2026-10-05,Gol,05:00,2,4,2026-10-05 00:54,760,760,2026-10-05 00:54,4.1,760,760,0.0,0.0,4
SAO,CWB,2026-10-05,Gol,05:00,2,1,2026-10-05 00:54,805,805,2026-10-05 00:54,4.1,805,805,0.0,0.0,1
SAO,FOR,2026-10-05,Gol,11:20,1,9,2026-10-05 00:54,2901,2901,2026-10-05 00:54,10.4,2901,2901,0.0,0.0,9
SAO,GYN,2026-10-05,Azul,10:45,1,6,2026-10-05 00:54,2018,2018,2026-10-05 00:54,9.8,2018,2018,0.0,0.0,6
FLN,CWB,2026-10-05,Gol,15:50,1,14,2026-10-05 00:54,3480,3480,2026-10-05 00:54,14.9,3480,3480,0.0,0.0,14
REC,SAO,2026-10-05,Azul,11:00,0,9,2026-10-05 00:54,2957,2957,2026-10-05 00:54,10.1,2957,2957,0.0,0.0,9
REC,SAO,2026-10-05,LATAM,03:40,0,3,2026-10-05 00:54,2565,2565,2026-10-05 00:54,2.8,2565,3388,0.0,0.0,2
RIO,FLN,2026-10-05,LATAM,13:55,1,7,2026-10-05 00:54,1313,1313,2026-10-05 00:54,13.0,1313,1313,0.0,0.0,7
SAO,CWB,2026-10-05,Gol,11:25,3,6,2026-10-05 01:54,805,805,2026-10-05 01:54,9.5,805,805,0.0,0.0,6
SAO,RIO,2026-10-05,Aerolineas Argentinas e Gol,15:40,1,1,2026-10-05 03:55,2788,2788,2026-10-05 03:55,11.8,2788,2788,0.0,0.0,1
FLN,RIO,2026-10-05,LATAM,10:35,1,5,2026-10-05 04:55,1667,1667,2026-10-05 04:55,5.7,1667,1667,0.0,0.0,5
BHZ,RIO,2026-10-05,Gol,15:10,1,5,2026-10-05 04:55,2036,2036,2026-10-05 04:55,10.2,2036,2036,0.0,0.0,5
FOR,SAO,2026-10-05,Gol,12:15,1,11,2026-10-05 05:55,2898,2898,2026-10-05 05:55,6.3,2898,3091,0.0,0.0,11
BHZ,RIO,2026-10-05,LATAM,06:20,1,1,2026-10-05 05:55,2516,2516,2026-10-05 05:55,0.4,2516,2516,0.0,0.0,1
FLN,POA,2026-10-05,LATAM,10:15,1,3,2026-10-05 06:35,3540,3540,2026-10-05 06:35,3.7,3540,3856,0.0,0.0,3
POA,FLN,2026-10-05,Aerolineas Argentinas e LATAM,08:25,2,1,2026-10-05 06:35,2978,2978,2026-10-05 06:35,1.8,2978,2978,0.0,0.0,1
FLN,POA,2026-10-05,LATAM,15:20,1,8,2026-10-05 07:55,3540,3540,2026-10-05 07:55,7.4,3540,3856,0.0,0.0,8
FOR,SAO,2026-10-05,Azul,12:55,0,2,2026-10-05 08:55,3792,3792,2026-10-05 08:55,4.0,3792,3892,0.0,0.0,2
POA,FLN,2026-10-05,Gol,14:05,1,5,2026-10-05 08:55,1573,1573,2026-10-05 08:55,5.2,1573,1573,0.0,0.0,5
POA,FLN,2026-10-05,Gol,09:25,1,1,2026-10-05 08:55,1573,1573,2026-10-05 08:55,0.5,1573,1573,0.0,0.0,1
SAO,POA,2026-10-05,Azul,12:50,0,2,2026-10-05 09:55,4094,4094,2026-10-05 09:55,2.9,4094,4094,0.0,0.0,2
SAO,SSA,2026-10-05,LATAM,11:45,1,1,2026-10-05 09:55,1959,1959,2026-10-05 09:55,1.8,1959,1959,0.0,0.0,1
SAO,FOR,2026-10-05,Azul,13:35,0,1,2026-10-05 09:55,3596,3596,2026-10-05 09:55,3.7,3596,3596,0.0,0.0,1
FLN,CWB,2026-10-05,LATAM,15:20,1,6,2026-10-05 09:55,3824,3824,2026-10-05 09:55,5.4,3824,3856,0.0,0.0,6
FLN,SAO,2026-10-05,LATAM,10:45,0,1,2026-10-05 09:55,3856,3856,2026-10-05 09:55,0.8,3856,3856,0.0,0.0,1
RIO,SAO,2026-10-05,Azul,13:35,0,2,2026-10-05 09:55,3298,3298,2026-10-05 09:55,3.7,3298,3298,0.0,0.0,2
GYN,SAO,2026-10-05,Azul,14:50,1,4,2026-10-05 09:55,1460,1460,2026-10-05 09:55,4.9,1460,1460,0.0,0.0,4
CWB,FLN,2026-10-05,Gol,15:20,1,4,2026-10-05 09:55,3472,3472,2026-10-05 09:55,5.4,3472,3472,0.0,0.0,4
SAO,POA,2026-10-05,Azul,16:10,0,4,2026-10-05 10:55,4094,4094,2026-10-05 10:55,5.2,4094,4094,0.0,0.0,4
POA,SAO,2026-10-05,Azul,13:35,0,1,2026-10-05 10:55,3741,3741,2026-10-05 10:55,2.7,3741,3741,0.0,0.0,1
SSA,SAO,2026-10-05,LATAM,12:45,1,1,2026-10-05 10:55,1981,1981,2026-10-05 10:55,1.8,1981,1981,0.0,0.0,1
REC,SAO,2026-10-05,LATAM,12:00,2,1,2026-10-05 10:55,1571,1571,2026-10-05 10:55,1.1,1571,1571,0.0,0.0,1
RIO,BHZ,2026-10-05,LATAM,13:30,1,1,2026-10-05 11:56,2067,2067,2026-10-05 11:56,1.6,2067,2067,0.0,0.0,1
POA,SAO,2026-10-05,Azul,15:30,0,2,2026-10-05 11:56,4123,4123,2026-10-05 11:56,3.6,4123,4123,0.0,0.0,2
POA,SAO,2026-10-05,Azul,14:05,0,1,2026-10-05 11:56,4123,4123,2026-10-05 11:56,2.1,4123,4123,0.0,0.0,1
FOR,SAO,2026-10-05,LATAM,14:15,1,3,2026-10-05 11:56,3859,3859,2026-10-05 11:56,2.3,3859,3859,0.0,0.0,3
FOR,SAO,2026-10-05,Gol,12:15,2,1,2026-10-05 11:56,2898,2898,2026-10-05 11:56,0.3,2898,2898,0.0,0.0,1
CWB,FLN,2026-10-05,LATAM,15:10,1,3,2026-10-05 12:54,3816,3816,2026-10-05 12:54,2.3,3816,3848,0.0,0.0,3
CWB,FLN,2026-10-05,LATAM,14:45,1,2,2026-10-05 12:54,3816,3816,2026-10-05 12:54,1.9,3816,3816,0.0,0.0,2
SAO,FOR,2026-10-05,LATAM,14:40,0,1,2026-10-05 13:55,3862,3862,2026-10-05 13:55,0.8,3862,3862,0.0,0.0,1
CWB,SAO,2026-10-05,LATAM,15:40,0,1,2026-10-05 14:55,3618,3618,2026-10-05 14:55,0.8,3618,3618,0.0,0.0,1
POA,SAO,2026-10-05,Gol,10:55,0,60,2026-10-02 21:35,998,999,2026-10-03 11:55,47.0,1141,3773,-0.001,-0.143,5
POA,SAO,2026-10-05,Gol,15:05,0,60,2026-10-02 21:35,998,999,2026-10-03 15:54,47.2,1075,1388,-0.001,-0.077,7
CWB,FLN,2026-10-05,Aerolineas Argentinas e Gol,12:00,2,5,2026-10-02 21:35,2968,2977,2026-10-03 17:54,42.1,,2977,-0.003,,1
SAO,RIO,2026-10-04,Gol,18:35,0,60,2026-10-02 03:58,832,837,2026-10-03 18:54,23.7,837,837,-0.006,-0.006,52
SAO,RIO,2026-10-05,Gol,05:00,0,55,2026-10-02 21:35,832,837,2026-10-03 18:54,34.1,837,879,-0.006,-0.006,49
SAO,POA,2026-10-04,Azul,18:20,0,53,2026-10-02 03:58,4227,4256,2026-10-02 18:55,47.4,4256,4256,-0.007,-0.007,45
SAO,POA,2026-10-04,Azul,12:50,0,47,2026-10-02 03:58,4307,4338,2026-10-02 13:55,46.9,4338,4338,-0.007,-0.007,44
SAO,POA,2026-10-04,Azul,22:35,0,59,2026-10-02 03:58,4227,4256,2026-10-02 22:54,47.7,4256,4256,-0.007,-0.007,45
SAO,POA,2026-10-04,Azul,17:10,0,52,2026-10-02 03:58,4307,4338,2026-10-02 17:56,47.2,4338,4338,-0.007,-0.007,45
SAO,SSA,2026-10-04,LATAM,12:10,0,53,2026-10-02 03:58,983,990,2026-10-03 00:55,35.2,990,3455,-0.007,-0.007,36
SAO,SSA,2026-10-04,LATAM,15:30,0,57,2026-10-02 03:58,983,990,2026-10-03 00:55,38.6,990,3455,-0.007,-0.007,40
POA,SAO,2026-10-04,Azul,05:40,0,19,2026-10-02 03:58,4336,4367,2026-10-02 10:48,42.9,4367,4367,-0.007,-0.007,18
POA,SAO,2026-10-04,Azul,20:40,0,28,2026-10-02 03:58,4336,4367,2026-10-02 20:58,47.7,4367,4367,-0.007,-0.007,18
POA,SAO,2026-10-04,Azul,19:40,0,29,2026-10-02 03:58,4336,4367,2026-10-02 20:13,47.5,4367,4367,-0.007,-0.007,20
SSA,SAO,2026-10-04,LATAM,18:40,0,62,2026-10-02 03:58,1003,1010,2026-10-03 00:55,41.8,1010,3475,-0.007,-0.007,45
SSA,SAO,2026-10-04,LATAM,11:25,0,53,2026-10-02 03:58,1003,1010,2026-10-03 00:55,34.5,1010,3475,-0.007,-0.007,36
SSA,SAO,2026-10-04,LATAM,12:55,0,54,2026-10-02 03:58,1003,1010,2026-10-03 00:55,36.0,1010,1010,-0.007,-0.007,38
SAO,FLN,2026-10-04,Gol,22:35,0,64,2026-10-02 03:58,1307,1317,2026-10-02 22:54,47.7,1395,3839,-0.008,-0.067,17
RIO,BHZ,2026-10-04,Azul,17:10,0,33,2026-10-02 03:58,3819,3851,2026-10-02 17:56,47.2,3851,3851,-0.008,-0.008,26
BHZ,RIO,2026-10-05,Gol,13:45,0,61,2026-10-02 21:35,782,789,2026-10-03 18:54,42.9,789,829,-0.009,-0.009,47
BHZ,RIO,2026-10-05,Gol,05:15,0,54,2026-10-02 21:35,782,789,2026-10-03 18:54,34.4,789,829,-0.009,-0.009,48
BHZ,RIO,2026-10-05,Gol,10:50,0,59,2026-10-02 21:35,782,789,2026-10-03 18:54,39.9,789,829,-0.009,-0.009,48
RIO,BHZ,2026-10-04,Azul,13:40,0,52,2026-10-02 03:58,912,921,2026-10-02 14:55,46.8,921,3437,-0.01,-0.01,35
BHZ,RIO,2026-10-04,Azul,19:00,0,59,2026-10-02 03:58,836,845,2026-10-02 19:55,47.1,845,845,-0.011,-0.011,38
BHZ,RIO,2026-10-04,Azul,21:15,0,62,2026-10-02 03:58,836,845,2026-10-02 21:35,47.7,845,845,-0.011,-0.011,38
BHZ,RIO,2026-10-04,Azul,17:35,0,58,2026-10-02 03:58,868,878,2026-10-02 19:55,45.7,878,878,-0.012,-0.012,39
BHZ,RIO,2026-10-04,Azul,15:25,0,54,2026-10-02 03:58,868,878,2026-10-02 16:13,47.2,878,878,-0.012,-0.012,37
SAO,FLN,2026-10-02,LATAM,18:05,0,16,2026-09-30 15:19,1568,1596,2026-10-01 10:18,31.8,1596,3862,-0.018,-0.018,14
SAO,FLN,2026-10-02,LATAM,19:40,0,17,2026-09-30 15:19,1568,1596,2026-10-01 10:18,33.4,1596,3862,-0.018,-0.018,12
FLN,SAO,2026-10-02,LATAM,17:05,0,15,2026-09-30 15:19,1562,1590,2026-10-01 10:18,30.8,1590,3856,-0.018,-0.018,12
FLN,SAO,2026-10-02,LATAM,19:30,0,17,2026-09-30 15:19,1562,1590,2026-10-01 10:18,33.2,1590,3856,-0.018,-0.018,15
FLN,SAO,2026-10-02,LATAM,16:20,0,14,2026-09-30 15:19,1562,1590,2026-10-01 10:18,30.0,1590,3856,-0.018,-0.018,12
RIO,BHZ,2026-10-04,Gol,18:00,1,57,2026-10-02 03:58,890,907,2026-10-03 18:54,23.1,907,3018,-0.019,-0.019,48
SAO,RIO,2026-10-02,Gol,18:35,0,14,2026-09-30 15:19,3056,3118,2026-10-01 10:18,32.3,3118,3118,-0.02,-0.02,13
SSA,SAO,2026-10-03,LATAM,19:00,0,42,2026-10-01 12:21,1003,1026,2026-10-01 22:03,45.0,1033,3475,-0.023,-0.03,8
BHZ,SAO,2026-10-05,Gol,07:15,0,35,2026-10-02 21:35,1662,1704,2026-10-03 07:55,47.3,2469,2469,-0.025,-0.486,8
SAO,FOR,2026-10-04,Azul,23:05,0,19,2026-10-02 03:58,3840,3942,2026-10-04 08:55,14.2,3942,3942,-0.027,-0.027,15
RIO,BHZ,2026-10-04,Azul,19:20,0,52,2026-10-02 03:58,3533,3628,2026-10-02 19:55,47.4,3628,3628,-0.027,-0.027,43
SAO,CWB,2026-10-04,Azul,15:50,0,55,2026-10-02 03:58,3578,3679,2026-10-02 16:13,47.6,3679,3679,-0.028,-0.028,50
SAO,BSB,2026-10-03,Azul,17:30,0,37,2026-10-01 12:21,1351,1390,2026-10-01 17:55,47.6,3121,3121,-0.029,-1.31,1
FLN,RIO,2026-10-03,Azul,18:40,1,28,2026-10-01 15:42,1017,1058,2026-10-02 12:33,30.1,1058,1058,-0.04,-0.04,25
RIO,FLN,2026-10-03,Gol,17:45,1,18,2026-10-01 15:42,950,988,2026-10-01 17:55,47.8,1188,1188,-0.04,-0.251,2
RIO,FLN,2026-10-04,Gol,10:55,1,16,2026-10-02 03:58,1379,1440,2026-10-03 10:53,24.0,1440,1440,-0.044,-0.044,14
SAO,RIO,2026-10-05,Gol,15:25,0,64,2026-10-02 21:35,773,809,2026-10-03 18:54,44.5,809,849,-0.047,-0.047,42
POA,SAO,2026-10-04,Azul,10:35,0,16,2026-10-02 03:58,4659,4895,2026-10-02 10:48,47.8,4895,4895,-0.051,-0.051,15
SSA,SAO,2026-10-05,Azul,09:15,0,4,2026-10-02 21:35,3662,3847,2026-10-05 04:55,4.3,3847,3847,-0.051,-0.051,3
RIO,SAO,2026-10-04,BoA,18:10,1,4,2026-10-02 03:58,1983,2086,2026-10-03 00:55,41.2,2190,2190,-0.052,-0.104,3
RIO,FLN,2026-10-05,LATAM,15:20,1,18,2026-10-03 00:55,1247,1313,2026-10-05 00:54,14.4,1313,1673,-0.053,-0.053,10
CWB,SAO,2026-10-05,Aerolineas Argentinas,12:00,1,2,2026-10-03 05:32,2142,2257,2026-10-04 00:55,35.1,,2257,-0.054,,1
RIO,SAO,2026-10-05,Gol e Aerolineas Argentinas,05:55,1,4,2026-10-03 01:55,2783,2944,2026-10-05 00:54,5.0,2944,2944,-0.058,-0.058,1
POA,SAO,2026-10-04,Aerolineas Argentinas,21:05,1,4,2026-10-02 03:58,2022,2148,2026-10-03 03:55,41.2,2263,2263,-0.062,-0.119,3
SAO,RIO,2026-10-02,Azul,17:15,0,10,2026-09-30 15:19,3087,3298,2026-10-02 10:48,6.5,3298,3298,-0.068,-0.068,2
BHZ,RIO,2026-10-04,Gol,15:00,1,7,2026-10-02 03:58,2040,2182,2026-10-04 00:55,14.1,2182,2182,-0.07,-0.07,6
BHZ,RIO,2026-10-04,Gol,07:05,1,2,2026-10-02 03:58,2040,2182,2026-10-04 00:55,6.2,2182,2182,-0.07,-0.07,1
SAO,RIO,2026-10-04,Gol e Aerolineas Argentinas,14:20,1,2,2026-10-02 03:58,2738,2955,2026-10-04 04:54,9.4,2955,2955,-0.079,-0.079,1
BHZ,SAO,2026-10-04,Azul,17:30,0,57,2026-10-02 03:58,2491,2740,2026-10-02 17:56,47.6,2740,3015,-0.1,-0.1,44
SSA,SAO,2026-10-05,LATAM,14:20,0,67,2026-10-02 21:35,792,874,2026-10-03 14:53,47.5,911,3855,-0.104,-0.15,39
RIO,BHZ,2026-10-05,LATAM,13:55,1,8,2026-10-03 00:55,1867,2067,2026-10-05 01:54,12.0,2067,2067,-0.107,-0.107,7
REC,SAO,2026-10-04,Azul,13:05,0,51,2026-10-02 03:58,3447,3840,2026-10-02 13:55,47.2,3840,3840,-0.114,-0.114,48
REC,SAO,2026-10-04,Azul,08:50,0,47,2026-10-02 03:58,3383,3769,2026-10-02 10:48,46.0,3769,3769,-0.114,-0.114,46
REC,SAO,2026-10-04,Azul,18:30,0,57,2026-10-02 03:58,3319,3697,2026-10-02 18:55,47.6,3697,3697,-0.114,-0.114,49
SAO,RIO,2026-10-05,Aerolineas Argentinas,06:55,1,2,2026-10-03 03:55,2558,2897,2026-10-04 03:54,27.0,,2897,-0.133,,1
SAO,REC,2026-10-04,Azul,18:05,0,59,2026-10-02 03:58,3175,3599,2026-10-02 18:55,47.2,3599,3599,-0.134,-0.134,51
SAO,REC,2026-10-04,Azul,12:55,0,53,2026-10-02 03:58,3175,3599,2026-10-02 13:55,47.0,3599,3599,-0.134,-0.134,50
SAO,REC,2026-10-04,Azul,21:40,0,63,2026-10-02 03:58,3175,3599,2026-10-02 22:03,47.6,3599,3599,-0.134,-0.134,50
SAO,REC,2026-10-04,Azul,14:25,0,54,2026-10-02 03:58,3175,3599,2026-10-02 14:55,47.5,3599,3599,-0.134,-0.134,50
SAO,REC,2026-10-04,Azul,08:45,0,48,2026-10-02 03:58,3175,3599,2026-10-02 10:48,46.0,3599,3599,-0.134,-0.134,47
SAO,REC,2026-10-04,Azul,06:10,0,46,2026-10-02 03:58,3301,3742,2026-10-02 10:48,43.4,3742,3742,-0.134,-0.134,45
FLN,SAO,2026-10-05,Gol,06:05,0,57,2026-10-02 21:35,2642,3039,2026-10-03 18:54,35.2,3039,3750,-0.15,-0.15,45
SAO,REC,2026-10-04,Azul,12:45,0,52,2026-10-02 03:58,2519,2904,2026-10-02 13:55,46.8,2904,2904,-0.153,-0.153,49
REC,SAO,2026-10-04,Azul,18:25,0,57,2026-10-02 03:58,2565,2957,2026-10-02 18:55,47.5,2957,2957,-0.153,-0.153,49
REC,SAO,2026-10-04,Azul,20:30,0,60,2026-10-02 03:58,2565,2957,2026-10-02 20:58,47.5,2957,2957,-0.153,-0.153,50
REC,SAO,2026-10-04,Azul,12:25,0,50,2026-10-02 03:58,2565,2957,2026-10-02 12:33,47.9,2957,2957,-0.153,-0.153,48
GYN,SAO,2026-10-04,Gol,19:25,0,60,2026-10-02 03:58,849,1004,2026-10-03 03:55,39.5,1150,1150,-0.183,-0.355,6
BSB,SAO,2026-10-04,Azul,10:40,0,48,2026-10-02 03:58,3086,3681,2026-10-02 10:48,47.9,3681,3681,-0.193,-0.193,47
REC,SAO,2026-10-04,Gol,14:45,0,53,2026-10-02 03:58,1285,1538,2026-10-02 16:13,46.5,2510,2632,-0.197,-0.953,4
SAO,REC,2026-10-04,Azul,05:00,0,45,2026-10-02 03:58,2540,3069,2026-10-02 10:48,42.2,3069,3069,-0.208,-0.208,44
SAO,REC,2026-10-04,Azul,08:10,0,48,2026-10-02 03:58,2540,3069,2026-10-02 10:48,45.4,3069,3069,-0.208,-0.208,47
SSA,SAO,2026-10-04,Azul,11:20,0,20,2026-10-02 03:58,3068,3732,2026-10-02 12:33,46.8,3732,3732,-0.216,-0.216,18
SSA,SAO,2026-10-04,Azul,16:40,0,27,2026-10-02 03:58,3011,3662,2026-10-02 16:57,47.7,3662,3662,-0.216,-0.216,21
SSA,SAO,2026-10-04,Azul,09:15,0,19,2026-10-02 03:58,3068,3732,2026-10-02 10:48,46.5,3732,3732,-0.216,-0.216,18
SSA,SAO,2026-10-04,Azul,19:50,0,61,2026-10-02 03:58,2898,3524,2026-10-02 19:55,47.9,3524,3524,-0.216,-0.216,52
SAO,SSA,2026-10-04,Azul,16:30,0,23,2026-10-02 03:58,2992,3643,2026-10-02 16:57,47.5,3643,3643,-0.218,-0.218,18
SAO,SSA,2026-10-04,Azul,23:50,0,50,2026-10-02 03:58,2878,3504,2026-10-03 00:55,46.9,3504,3504,-0.218,-0.218,34
SAO,SSA,2026-10-04,Azul,13:40,0,20,2026-10-02 03:58,2992,3643,2026-10-02 13:55,47.8,3827,3827,-0.218,-0.279,18
BHZ,SAO,2026-10-05,Azul,06:15,0,34,2026-10-02 21:35,2735,3337,2026-10-03 06:54,47.4,3337,3337,-0.22,-0.22,27
CGB,SAO,2026-10-04,Azul,17:45,0,59,2026-10-02 03:58,2536,3292,2026-10-02 17:56,47.8,3292,3292,-0.298,-0.298,52
REC,SAO,2026-10-05,LATAM,16:10,0,67,2026-10-02 21:35,1098,1521,2026-10-03 16:55,47.2,1521,3426,-0.385,-0.385,35
RIO,FLN,2026-10-04,Gol,20:55,2,16,2026-10-02 12:33,988,1371,2026-10-04 15:54,5.0,1371,1440,-0.388,-0.388,7
SSA,SAO,2026-10-05,Gol,03:50,0,34,2026-10-02 21:35,996,1423,2026-10-03 18:54,32.9,1423,1423,-0.429,-0.429,30
FLN,SAO,2026-10-04,Gol,19:30,0,59,2026-10-02 03:58,1580,2262,2026-10-03 18:54,24.6,2262,2262,-0.432,-0.432,51
SAO,CGB,2026-10-05,LATAM,14:15,0,65,2026-10-02 21:35,521,778,2026-10-03 14:53,47.4,778,3738,-0.493,-0.493,33
POA,SAO,2026-10-03,Gol,19:40,3,13,2026-10-01 12:21,789,1241,2026-10-02 03:58,39.7,1263,1263,-0.573,-0.601,10
FLN,RIO,2026-10-04,Azul,18:40,1,25,2026-10-02 03:58,1985,3147,2026-10-02 18:55,47.8,3147,3147,-0.585,-0.585,19
POA,SAO,2026-10-05,Gol,14:15,0,65,2026-10-02 21:35,998,1635,2026-10-03 19:55,42.3,1635,3354,-0.638,-0.638,45
CGB,SAO,2026-10-04,LATAM,16:00,0,59,2026-10-02 03:58,1487,2599,2026-10-03 00:55,39.1,2599,3199,-0.748,-0.748,41
GYN,SAO,2026-10-04,Gol,19:35,0,56,2026-10-02 03:58,693,1287,2026-10-04 13:55,5.7,1287,1287,-0.857,-0.857,3
RIO,BHZ,2026-10-05,Gol,08:45,1,18,2026-10-03 00:55,951,1963,2026-10-04 00:55,31.8,2063,2063,-1.064,-1.169,12
FLN,SAO,2026-10-05,LATAM,10:35,0,62,2026-10-02 21:35,1437,3077,2026-10-03 12:55,45.7,3077,3856,-1.141,-1.141,23
GYN,SAO,2026-10-04,LATAM,18:45,0,60,2026-10-02 03:58,698,1574,2026-10-04 12:55,5.8,1574,2913,-1.255,-1.255,44
POA,SAO,2026-10-04,LATAM,17:55,0,59,2026-10-02 03:58,1337,3017,2026-10-03 12:55,29.0,3024,3353,-1.257,-1.262,11
REC,SAO,2026-10-04,LATAM,18:15,0,59,2026-10-02 03:58,1008,2315,2026-10-03 00:55,41.3,2570,3055,-1.297,-1.55,11
GYN,SAO,2026-10-04,LATAM,12:00,0,52,2026-10-02 03:58,698,1691,2026-10-03 12:55,23.1,1691,2913,-1.423,-1.423,35
BSB,SAO,2026-10-04,Azul,17:05,0,56,2026-10-02 03:58,1236,3093,2026-10-02 18:55,46.2,3093,3093,-1.502,-1.502,49
SAO,REC,2026-10-05,Azul,12:20,0,62,2026-10-02 21:35,1029,2641,2026-10-05 09:55,2.4,2641,2641,-1.567,-1.567,49
SSA,SAO,2026-10-05,Gol,14:50,0,66,2026-10-02 21:35,476,1237,2026-10-03 14:53,48.0,1943,2625,-1.599,-3.082,1
CWB,FLN,2026-10-03,Gol,19:40,1,32,2026-10-01 12:21,914,3301,2026-10-01 22:03,45.6,3472,3472,-2.612,-2.799,27
SAO,CGB,2026-10-04,Gol,16:00,0,54,2026-10-02 03:58,524,1977,2026-10-03 18:54,21.1,1977,2077,-2.773,-2.773,29
